timestamp,user_id,amount,merchant,method,country,label
2025-10-16 09:51:30.690786,USER_4482,97.58,Walgreens,UPI,JPN,0
2025-10-16 10:08:01.690786,USER_3539,10.52,BP,Bank Transfer,IND,0
2025-10-16 10:19:37.690786,USER_4066,14.64,Starbucks,UPI,CAN,0
2025-10-16 10:26:54.690786,USER_9516,58.45,Target,Bank Transfer,FRA,0
2025-10-16 10:27:25.690786,USER_4153,34.5,Flipkart,Bank Transfer,FRA,0
2025-10-16 10:55:35.690786,USER_2380,163.1,WholeFoods,Cash,IND,1
2025-10-16 11:00:06.690786,USER_9383,5.83,WholeFoods,Debit Card,USA,0
2025-10-16 11:03:33.690786,USER_8039,162.44,Target,Debit Card,USA,0
2025-10-16 11:09:12.690786,USER_1110,41.04,HomeDepot,Credit Card,CAN,0
2025-10-16 11:21:51.690786,USER_5035,505.6,Target,UPI,USA,1
2025-10-16 11:29:00.690786,USER_1709,23.02,Flipkart,UPI,UK,0
2025-10-16 11:37:52.690786,USER_3061,60.63,BP,Debit Card,UK,0
2025-10-16 11:45:19.690786,USER_4201,64.13,McDonalds,Debit Card,IND,0
2025-10-16 12:10:19.690786,USER_1881,0.68,Costco,Cash,CAN,0
2025-10-16 12:13:13.690786,USER_8949,16.9,Nike,UPI,FRA,0
2025-10-16 12:32:31.690786,USER_6908,56.87,WholeFoods,Bank Transfer,AUS,0
2025-10-16 12:38:58.690786,USER_3920,25.4,HomeDepot,PayPal,USA,0
2025-10-16 12:39:12.690786,USER_1381,27.69,McDonalds,Bank Transfer,UK,0
2025-10-16 12:46:41.690786,USER_7126,40.44,Walmart,Credit Card,GER,0
2025-10-16 12:51:03.690786,USER_5675,0.9,BestBuy,Cash,GER,0
2025-10-16 12:57:52.690786,USER_4908,9.8,Shell,Debit Card,JPN,0
2025-10-16 13:10:26.690786,USER_7412,45.26,McDonalds,Bank Transfer,GER,0
2025-10-16 13:26:30.690786,USER_7450,22.5,BestBuy,Credit Card,FRA,0
2025-10-16 13:42:27.690786,USER_9821,11.01,Flipkart,Credit Card,AUS,0
2025-10-16 13:47:30.690786,USER_9764,75.81,Nike,UPI,UK,0
2025-10-16 14:06:22.690786,USER_3071,2.43,BestBuy,PayPal,FRA,0
2025-10-16 14:27:55.690786,USER_4580,30.72,Flipkart,Credit Card,JPN,0
2025-10-16 14:42:52.690786,USER_3013,15.98,BestBuy,Cash,JPN,0
2025-10-16 14:50:43.690786,USER_3813,4.63,Walgreens,Credit Card,AUS,0
2025-10-16 15:06:02.690786,USER_1196,145.72,McDonalds,UPI,GER,0
2025-10-16 15:09:08.690786,USER_6359,2.98,BP,UPI,UK,0
2025-10-16 15:17:25.690786,USER_6944,66.21,Costco,Debit Card,FRA,0
2025-10-16 15:31:15.690786,USER_9035,31.77,Walgreens,Debit Card,AUS,0
2025-10-16 15:41:51.690786,USER_4555,3.11,McDonalds,PayPal,UK,0
2025-10-16 15:42:49.690786,USER_1673,250.14,BP,Cash,FRA,0
2025-10-16 15:46:44.690786,USER_7861,70.93,BP,Debit Card,UK,0
2025-10-16 15:49:29.690786,USER_3134,65.37,Flipkart,Bank Transfer,IND,0
2025-10-16 16:01:59.690786,USER_2973,107.69,Walgreens,Cash,AUS,0
2025-10-16 16:07:15.690786,USER_7366,63.56,Starbucks,Bank Transfer,AUS,0
2025-10-16 16:14:16.690786,USER_1963,75.84,BestBuy,Debit Card,IND,0
2025-10-16 16:31:48.690786,USER_7505,19.08,BestBuy,PayPal,GER,0
2025-10-16 16:32:00.690786,USER_9830,17.91,Walmart,UPI,FRA,0
2025-10-16 16:46:28.690786,USER_6628,296.25,McDonalds,Cash,FRA,0
2025-10-16 17:05:29.690786,USER_2072,4.99,Amazon,PayPal,IND,0
2025-10-16 17:05:54.690786,USER_1128,35.5,Starbucks,Bank Transfer,FRA,0
2025-10-16 17:13:56.690786,USER_1004,51.98,Walgreens,Cash,AUS,0
2025-10-16 17:20:51.690786,USER_5752,24.6,Walgreens,PayPal,UK,0
2025-10-16 17:21:53.690786,USER_7765,72.37,Shell,UPI,USA,0
2025-10-16 17:32:43.690786,USER_3757,10.89,Shell,Bank Transfer,AUS,0
2025-10-16 17:37:06.690786,USER_4261,72.28,Walgreens,Cash,CAN,0
2025-10-16 17:56:57.690786,USER_3167,6.17,Nike,Cash,UK,0
2025-10-16 18:02:19.690786,USER_4530,35.51,BP,Bank Transfer,IND,0
2025-10-16 18:02:33.690786,USER_3395,269.82,BP,UPI,IND,0
2025-10-16 18:12:05.690786,USER_7260,16.78,HomeDepot,PayPal,CAN,0
2025-10-16 18:13:16.690786,USER_9810,9.4,Flipkart,PayPal,IND,0
2025-10-16 18:37:00.690786,USER_7765,88.14,BestBuy,Credit Card,CAN,0
2025-10-16 18:40:00.690786,USER_2900,73.37,Starbucks,Bank Transfer,AUS,0
2025-10-16 18:46:31.690786,USER_5308,16.84,CVS,Cash,FRA,0
2025-10-16 18:56:44.690786,USER_2981,9.69,Nike,PayPal,CAN,0
2025-10-16 19:03:15.690786,USER_2520,29.49,Nike,Bank Transfer,AUS,0
2025-10-16 19:05:44.690786,USER_1612,60.03,WholeFoods,UPI,UK,0
2025-10-16 19:11:17.690786,USER_3683,18.7,Amazon,Credit Card,UK,0
2025-10-16 19:31:18.690786,USER_8476,320.07,BestBuy,Debit Card,GER,0
2025-10-16 19:32:04.690786,USER_3043,20.25,HomeDepot,UPI,UK,0
2025-10-16 19:55:04.690786,USER_4573,29.35,BestBuy,Cash,JPN,0
2025-10-16 20:01:39.690786,USER_8539,29.62,Shell,Cash,AUS,0
2025-10-16 20:18:41.690786,USER_5872,18.35,Nike,Debit Card,IND,0
2025-10-16 20:27:28.690786,USER_8633,19.99,Amazon,Credit Card,FRA,0
2025-10-16 20:28:51.690786,USER_4501,40.03,BP,Bank Transfer,CAN,0
2025-10-16 20:30:05.690786,USER_1885,19.7,Flipkart,PayPal,USA,0
2025-10-16 20:30:50.690786,USER_9767,48.86,Amazon,Debit Card,UK,0
2025-10-16 20:36:34.690786,USER_2084,55.48,WholeFoods,Credit Card,FRA,0
2025-10-16 20:40:15.690786,USER_3980,61.13,Shell,Credit Card,UK,0
2025-10-16 20:49:34.690786,USER_2040,20.16,CVS,Cash,AUS,0
2025-10-16 20:50:22.690786,USER_5409,60.75,Target,Debit Card,USA,0
2025-10-16 20:55:36.690786,USER_4814,104.7,McDonalds,Bank Transfer,AUS,0
2025-10-16 20:55:47.690786,USER_6011,311.87,Walmart,Credit Card,GER,0
2025-10-16 21:29:15.690786,USER_9991,33.86,Costco,Debit Card,JPN,0
2025-10-16 21:56:59.690786,USER_8112,144.72,BestBuy,Credit Card,GER,0
2025-10-16 22:00:03.690786,USER_4748,78.75,Walgreens,UPI,USA,0
2025-10-16 22:39:06.690786,USER_1756,38.64,McDonalds,Bank Transfer,FRA,0
2025-10-16 22:53:06.690786,USER_7711,49.71,Costco,PayPal,AUS,0
2025-10-16 22:56:15.690786,USER_4492,30.64,Nike,PayPal,USA,0
2025-10-16 22:59:03.690786,USER_7557,62.89,Nike,Cash,USA,0
2025-10-16 23:02:13.690786,USER_4638,16.78,Walmart,UPI,AUS,0
2025-10-16 23:13:41.690786,USER_5143,60.97,Walgreens,Credit Card,JPN,0
2025-10-16 23:28:05.690786,USER_3627,67.94,Starbucks,Bank Transfer,UK,0
2025-10-16 23:35:29.690786,USER_5967,10.92,Costco,Debit Card,GER,0
2025-10-16 23:43:11.690786,USER_3082,102.05,BestBuy,Debit Card,GER,0
2025-10-16 23:57:03.690786,USER_4726,45.87,Costco,Debit Card,JPN,0
2025-10-16 23:58:38.690786,USER_8160,285.9,BestBuy,UPI,UK,0
2025-10-17 00:02:19.690786,USER_5321,41.85,BP,UPI,CAN,0
2025-10-17 00:03:41.690786,USER_3422,6.49,Flipkart,Cash,IND,0
2025-10-17 00:03:56.690786,USER_5278,52.23,HomeDepot,Credit Card,USA,0
2025-10-17 00:24:05.690786,USER_6298,59.58,McDonalds,UPI,AUS,0
2025-10-17 00:24:59.690786,USER_6328,8.3,WholeFoods,UPI,GER,0
2025-10-17 00:30:53.690786,USER_8344,65.72,WholeFoods,UPI,GER,0
2025-10-17 00:32:22.690786,USER_5220,6.5,Walmart,Bank Transfer,AUS,0
2025-10-17 00:45:59.690786,USER_6980,82.1,Walgreens,Bank Transfer,CAN,0
2025-10-17 01:35:33.690786,USER_9153,57.29,Shell,UPI,AUS,0
2025-10-17 01:43:52.690786,USER_2807,51.48,McDonalds,Bank Transfer,FRA,0
2025-10-17 01:52:38.690786,USER_3446,517.56,Amazon,Bank Transfer,JPN,0
2025-10-17 02:03:42.690786,USER_2081,36.12,Shell,Bank Transfer,AUS,0
2025-10-17 02:04:12.690786,USER_2140,57.69,CVS,UPI,FRA,0
2025-10-17 02:08:41.690786,USER_7343,6.67,BestBuy,PayPal,AUS,0
2025-10-17 02:51:17.690786,USER_3048,7.29,McDonalds,UPI,FRA,0
2025-10-17 02:58:27.690786,USER_8132,51.88,BestBuy,PayPal,USA,0
2025-10-17 03:31:33.690786,USER_3883,59.1,Nike,Credit Card,AUS,0
2025-10-17 03:32:31.690786,USER_9154,69.15,Target,Cash,USA,0
2025-10-17 03:53:22.690786,USER_6504,32.19,Flipkart,PayPal,IND,0
2025-10-17 03:54:13.690786,USER_8129,3.14,Costco,UPI,UK,0
2025-10-17 03:59:22.690786,USER_8718,152.91,Amazon,Cash,JPN,1
2025-10-17 04:02:49.690786,USER_2276,14.21,HomeDepot,Debit Card,USA,0
2025-10-17 04:33:30.690786,USER_4507,100.4,Amazon,Credit Card,FRA,0
2025-10-17 04:35:03.690786,USER_7759,28.08,BP,PayPal,GER,0
2025-10-17 04:37:47.690786,USER_2007,199.12,Walgreens,Debit Card,JPN,1
2025-10-17 04:48:33.690786,USER_6966,17.41,CVS,Bank Transfer,IND,0
2025-10-17 04:57:27.690786,USER_2946,12.35,WholeFoods,Bank Transfer,FRA,0
2025-10-17 05:02:39.690786,USER_3675,32.36,McDonalds,Cash,IND,0
2025-10-17 05:06:19.690786,USER_7051,47.36,McDonalds,Cash,GER,0
2025-10-17 05:08:53.690786,USER_5275,73.85,McDonalds,UPI,IND,0
2025-10-17 05:20:24.690786,USER_9684,12.1,WholeFoods,Bank Transfer,AUS,0
2025-10-17 05:38:00.690786,USER_9973,77.12,Nike,Cash,AUS,0
2025-10-17 05:45:02.690786,USER_5444,244.34,Shell,UPI,AUS,1
2025-10-17 06:21:48.690786,USER_3200,32.34,Shell,UPI,USA,0
2025-10-17 06:32:04.690786,USER_2103,95.91,Starbucks,Cash,JPN,0
2025-10-17 06:54:03.690786,USER_4907,18.55,Amazon,PayPal,JPN,0
2025-10-17 07:21:17.690786,USER_6971,14.52,Starbucks,PayPal,IND,0
2025-10-17 07:22:00.690786,USER_3960,31.19,BestBuy,Cash,AUS,0
2025-10-17 07:29:46.690786,USER_9690,4.0,Starbucks,Credit Card,FRA,0
2025-10-17 07:43:28.690786,USER_1211,29.26,BestBuy,UPI,USA,0
2025-10-17 07:48:07.690786,USER_4860,54.15,Nike,Debit Card,IND,0
2025-10-17 07:56:33.690786,USER_4873,152.36,CVS,Credit Card,FRA,0
2025-10-17 08:14:38.690786,USER_7824,27.4,BestBuy,Credit Card,GER,0
2025-10-17 08:21:10.690786,USER_5413,310.73,Starbucks,Cash,CAN,0
2025-10-17 08:24:53.690786,USER_1415,75.53,Amazon,Credit Card,GER,0
2025-10-17 08:25:01.690786,USER_5162,70.76,Shell,PayPal,UK,0
2025-10-17 08:39:41.690786,USER_6202,36.72,BP,UPI,UK,1
2025-10-17 08:52:43.690786,USER_8439,121.31,Amazon,Cash,GER,0
2025-10-17 09:01:24.690786,USER_9043,15.9,Costco,Cash,JPN,0
2025-10-17 09:03:12.690786,USER_6567,12.13,Starbucks,Debit Card,JPN,0
2025-10-17 09:14:01.690786,USER_7974,44.33,CVS,Debit Card,GER,0
2025-10-17 09:21:07.690786,USER_6336,110.09,BP,Cash,FRA,0
2025-10-17 09:24:18.690786,USER_9846,24.25,Target,Credit Card,JPN,0
2025-10-17 09:49:51.690786,USER_8558,27.1,Shell,Debit Card,CAN,0
2025-10-17 09:57:37.690786,USER_8074,53.18,Target,Credit Card,FRA,0
2025-10-17 10:10:03.690786,USER_5111,42.82,CVS,Cash,GER,0
2025-10-17 10:32:38.690786,USER_8556,27.76,CVS,Bank Transfer,CAN,0
2025-10-17 11:01:30.690786,USER_3560,21.5,Walgreens,Credit Card,USA,0
2025-10-17 11:03:35.690786,USER_2817,136.56,Nike,Bank Transfer,USA,0
2025-10-17 11:11:28.690786,USER_6822,96.89,Nike,Bank Transfer,JPN,0
2025-10-17 11:11:29.690786,USER_3253,96.5,WholeFoods,PayPal,FRA,0
2025-10-17 11:13:20.690786,USER_3867,26.34,Amazon,Bank Transfer,IND,0
2025-10-17 11:48:44.690786,USER_1145,75.39,Target,Cash,USA,0
2025-10-17 11:58:27.690786,USER_8583,13.77,Target,Bank Transfer,UK,0
2025-10-17 12:08:57.690786,USER_6343,112.3,Amazon,Credit Card,CAN,0
2025-10-17 12:39:47.690786,USER_3423,3.96,BP,PayPal,AUS,0
2025-10-17 13:13:54.690786,USER_5150,35.91,WholeFoods,PayPal,IND,0
2025-10-17 13:20:06.690786,USER_4685,9.06,Amazon,UPI,JPN,0
2025-10-17 13:31:05.690786,USER_1473,30.3,Walmart,Debit Card,UK,0
2025-10-17 14:07:06.690786,USER_6276,16.27,Target,Cash,JPN,0
2025-10-17 14:16:42.690786,USER_5921,175.21,Costco,Cash,UK,1
2025-10-17 14:26:42.690786,USER_2922,260.56,WholeFoods,PayPal,FRA,1
2025-10-17 14:32:20.690786,USER_5078,16.13,Costco,PayPal,JPN,0
2025-10-17 14:48:01.690786,USER_5310,28.05,BestBuy,PayPal,JPN,0
2025-10-17 14:48:59.690786,USER_5641,13.4,Walmart,UPI,JPN,1
2025-10-17 15:06:18.690786,USER_3224,74.91,Nike,Credit Card,UK,0
2025-10-17 15:19:06.690786,USER_4185,67.43,Walmart,UPI,UK,0
2025-10-17 15:34:42.690786,USER_8796,17.18,BestBuy,Debit Card,USA,0
2025-10-17 15:38:42.690786,USER_9333,14.43,Shell,UPI,AUS,0
2025-10-17 15:41:48.690786,USER_4411,90.04,Nike,Bank Transfer,IND,0
2025-10-17 15:47:44.690786,USER_5770,60.87,BestBuy,Cash,IND,0
2025-10-17 15:51:07.690786,USER_7003,8.79,Walgreens,Cash,FRA,0
2025-10-17 16:01:35.690786,USER_8077,6.97,BP,UPI,FRA,0
2025-10-17 16:14:55.690786,USER_2281,26.91,Starbucks,PayPal,UK,0
2025-10-17 16:15:29.690786,USER_6132,8.32,Flipkart,Bank Transfer,GER,0
2025-10-17 16:17:02.690786,USER_3929,39.31,WholeFoods,Credit Card,JPN,0
2025-10-17 16:34:38.690786,USER_4190,11.14,WholeFoods,Credit Card,CAN,0
2025-10-17 16:42:25.690786,USER_5749,78.4,Costco,Credit Card,IND,0
2025-10-17 16:44:01.690786,USER_8978,109.72,CVS,Bank Transfer,GER,0
2025-10-17 16:54:48.690786,USER_3130,9.39,Nike,PayPal,GER,0
2025-10-17 17:01:13.690786,USER_5635,103.72,WholeFoods,Bank Transfer,GER,0
2025-10-17 17:04:44.690786,USER_3267,3.92,Walmart,Debit Card,FRA,0
2025-10-17 17:14:13.690786,USER_4817,46.34,Walgreens,Bank Transfer,UK,0
2025-10-17 17:38:34.690786,USER_9232,1.88,Walmart,UPI,UK,0
2025-10-17 17:49:04.690786,USER_3742,2.87,Costco,Bank Transfer,CAN,0
2025-10-17 18:30:06.690786,USER_3344,24.27,Walgreens,Debit Card,UK,0
2025-10-17 18:31:25.690786,USER_2077,20.58,Amazon,PayPal,UK,0
2025-10-17 18:43:06.690786,USER_5266,32.38,BestBuy,Cash,AUS,0
2025-10-17 19:05:55.690786,USER_2823,53.46,Shell,Credit Card,UK,0
2025-10-17 19:14:03.690786,USER_9005,23.47,Costco,Credit Card,CAN,0
2025-10-17 19:17:46.690786,USER_3155,50.52,BestBuy,Cash,FRA,0
2025-10-17 19:23:12.690786,USER_6460,135.27,BP,Credit Card,CAN,0
2025-10-17 19:23:16.690786,USER_7322,6.06,Walgreens,Credit Card,CAN,0
2025-10-17 19:23:37.690786,USER_5017,4.78,CVS,UPI,IND,0
2025-10-17 19:28:37.690786,USER_5521,82.14,Walmart,Credit Card,IND,0
2025-10-17 19:40:20.690786,USER_8107,19.17,Shell,UPI,CAN,0
2025-10-17 19:48:06.690786,USER_5049,138.87,BP,Bank Transfer,JPN,0
2025-10-17 19:51:48.690786,USER_6060,404.74,Shell,Bank Transfer,USA,0
2025-10-17 20:00:36.690786,USER_1378,12.75,McDonalds,Credit Card,JPN,0
2025-10-17 20:10:38.690786,USER_1169,116.06,Flipkart,Credit Card,GER,0
2025-10-17 20:22:37.690786,USER_9099,44.27,Flipkart,Bank Transfer,GER,0
2025-10-17 20:56:47.690786,USER_7109,15.61,WholeFoods,UPI,USA,0
2025-10-17 21:16:10.690786,USER_2814,57.68,HomeDepot,UPI,FRA,0
2025-10-17 21:22:44.690786,USER_6431,157.92,Target,Credit Card,UK,0
2025-10-17 21:34:03.690786,USER_1573,55.17,HomeDepot,Bank Transfer,IND,0
2025-10-17 21:36:58.690786,USER_4802,19.27,Walgreens,Debit Card,USA,0
2025-10-17 21:46:13.690786,USER_4934,29.15,Walgreens,PayPal,FRA,0
2025-10-17 21:48:48.690786,USER_9591,7.0,WholeFoods,UPI,CAN,0
2025-10-17 21:52:26.690786,USER_8580,2.65,CVS,PayPal,UK,0
2025-10-17 21:56:32.690786,USER_8598,3.46,Target,Debit Card,USA,0
2025-10-17 21:57:14.690786,USER_9704,27.58,Flipkart,Bank Transfer,FRA,0
2025-10-17 22:00:17.690786,USER_9711,58.45,McDonalds,Debit Card,UK,0
2025-10-17 22:15:34.690786,USER_6483,117.28,Starbucks,Cash,CAN,0
2025-10-17 22:26:35.690786,USER_2570,25.33,BP,Cash,IND,0
2025-10-17 22:34:33.690786,USER_5270,8.96,HomeDepot,Bank Transfer,FRA,0
2025-10-17 22:38:04.690786,USER_6715,10.85,Nike,Debit Card,IND,0
2025-10-17 22:41:25.690786,USER_3871,18.94,Walgreens,Cash,IND,0
2025-10-17 23:03:37.690786,USER_5314,12.55,CVS,Bank Transfer,AUS,0
2025-10-17 23:11:48.690786,USER_9001,22.18,Nike,UPI,JPN,0
2025-10-17 23:12:43.690786,USER_6878,22.12,BP,Bank Transfer,UK,0
2025-10-17 23:18:01.690786,USER_5767,5.15,Flipkart,PayPal,AUS,0
2025-10-17 23:23:22.690786,USER_6595,51.26,BestBuy,Debit Card,IND,0
2025-10-17 23:23:32.690786,USER_5859,99.78,CVS,UPI,UK,0
2025-10-17 23:41:20.690786,USER_3683,15.68,Walgreens,Cash,GER,0
2025-10-17 23:45:12.690786,USER_6556,19.0,Starbucks,Bank Transfer,UK,0
2025-10-17 23:46:41.690786,USER_6085,14.95,Flipkart,Debit Card,GER,0
2025-10-17 23:59:39.690786,USER_2922,45.26,Costco,Cash,UK,0
2025-10-18 00:11:29.690786,USER_2146,29.82,CVS,UPI,AUS,0
2025-10-18 00:31:59.690786,USER_9456,48.7,McDonalds,Credit Card,GER,0
2025-10-18 00:35:22.690786,USER_5292,189.26,CVS,UPI,FRA,1
2025-10-18 00:46:48.690786,USER_6952,19.61,Walgreens,UPI,USA,0
2025-10-18 01:04:06.690786,USER_4872,146.19,Costco,PayPal,CAN,0
2025-10-18 02:01:49.690786,USER_2994,396.03,Amazon,PayPal,AUS,0
2025-10-18 02:07:20.690786,USER_7264,61.33,BestBuy,Bank Transfer,JPN,0
2025-10-18 02:12:16.690786,USER_7068,9.65,Flipkart,Cash,JPN,0
2025-10-18 02:48:37.690786,USER_6359,10.16,CVS,Credit Card,GER,0
2025-10-18 02:51:44.690786,USER_2491,223.34,Starbucks,Cash,USA,0
2025-10-18 03:24:29.690786,USER_9234,13.26,Amazon,Cash,CAN,0
2025-10-18 03:29:10.690786,USER_6728,26.92,WholeFoods,PayPal,IND,0
2025-10-18 03:38:11.690786,USER_4558,458.41,CVS,Bank Transfer,FRA,0
2025-10-18 03:59:59.690786,USER_9425,203.04,CVS,PayPal,IND,1
2025-10-18 04:19:37.690786,USER_4602,165.43,Target,Cash,FRA,1
2025-10-18 04:22:06.690786,USER_9414,76.85,Walmart,Debit Card,USA,0
2025-10-18 04:24:57.690786,USER_3686,14.29,CVS,Bank Transfer,USA,0
2025-10-18 04:29:43.690786,USER_3151,43.15,Walgreens,PayPal,USA,0
2025-10-18 04:45:00.690786,USER_4313,15.89,Walgreens,PayPal,UK,0
2025-10-18 04:47:30.690786,USER_8924,22.55,Target,Cash,JPN,0
2025-10-18 05:00:57.690786,USER_1826,10.19,Costco,Bank Transfer,GER,0
2025-10-18 05:06:59.690786,USER_6813,6.71,Walgreens,Debit Card,IND,0
2025-10-18 05:11:32.690786,USER_7156,5.35,Flipkart,Debit Card,UK,0
2025-10-18 05:18:41.690786,USER_7843,32.84,Shell,Cash,CAN,0
2025-10-18 05:18:43.690786,USER_3025,95.99,CVS,Debit Card,JPN,0
2025-10-18 05:28:35.690786,USER_3915,8.64,Nike,Cash,CAN,0
2025-10-18 05:36:50.690786,USER_7376,9.6,WholeFoods,Bank Transfer,FRA,0
2025-10-18 05:38:23.690786,USER_4468,5.89,HomeDepot,Debit Card,CAN,0
2025-10-18 05:48:05.690786,USER_5484,63.75,Amazon,Debit Card,UK,0
2025-10-18 05:53:30.690786,USER_7290,13.97,Amazon,Debit Card,JPN,0
2025-10-18 06:14:01.690786,USER_1688,6.32,Shell,UPI,CAN,0
2025-10-18 06:17:14.690786,USER_3859,339.24,Costco,PayPal,UK,0
2025-10-18 06:46:41.690786,USER_4415,77.78,Walmart,PayPal,IND,0
2025-10-18 06:50:44.690786,USER_3102,109.44,Walmart,Debit Card,AUS,0
2025-10-18 06:59:56.690786,USER_7834,74.04,Walgreens,Debit Card,JPN,0
2025-10-18 07:08:30.690786,USER_1346,9.65,CVS,UPI,AUS,0
2025-10-18 07:15:52.690786,USER_3483,198.59,BP,Credit Card,AUS,0
2025-10-18 07:19:17.690786,USER_7729,705.43,HomeDepot,UPI,USA,0
2025-10-18 07:34:18.690786,USER_3689,45.43,CVS,Debit Card,USA,0
2025-10-18 07:35:29.690786,USER_6363,13.39,Costco,UPI,UK,0
2025-10-18 07:37:01.690786,USER_2363,48.88,Starbucks,Credit Card,CAN,0
2025-10-18 07:44:13.690786,USER_8145,49.08,Shell,Cash,UK,0
2025-10-18 07:57:47.690786,USER_8891,12.25,Costco,UPI,USA,0
2025-10-18 08:03:44.690786,USER_5744,14.09,Walmart,UPI,IND,0
2025-10-18 08:06:07.690786,USER_1643,66.73,Target,UPI,UK,0
2025-10-18 08:07:16.690786,USER_7997,10.39,Nike,UPI,CAN,0
2025-10-18 08:08:30.690786,USER_3393,103.6,Starbucks,Cash,GER,0
2025-10-18 08:09:11.690786,USER_9754,27.0,McDonalds,Debit Card,UK,0
2025-10-18 08:11:41.690786,USER_4687,7.97,McDonalds,Bank Transfer,GER,0
2025-10-18 08:32:02.690786,USER_5823,12.42,Target,PayPal,JPN,0
2025-10-18 08:33:40.690786,USER_3034,115.23,Flipkart,Credit Card,UK,0
2025-10-18 08:33:53.690786,USER_5993,7.04,Costco,Cash,JPN,0
2025-10-18 08:38:54.690786,USER_2329,40.87,Costco,Cash,GER,0
2025-10-18 08:45:12.690786,USER_5683,33.89,Starbucks,Debit Card,UK,0
2025-10-18 09:00:11.690786,USER_6060,120.57,McDonalds,Credit Card,FRA,0
2025-10-18 09:27:20.690786,USER_2740,243.11,CVS,Cash,GER,0
2025-10-18 09:30:35.690786,USER_7476,13.02,Starbucks,PayPal,USA,0
2025-10-18 09:39:20.690786,USER_8223,41.83,McDonalds,UPI,CAN,0
2025-10-18 10:08:26.690786,USER_2653,25.84,McDonalds,Cash,FRA,0
2025-10-18 10:19:48.690786,USER_3291,6.23,HomeDepot,PayPal,AUS,0
2025-10-18 10:23:41.690786,USER_1519,39.67,Walgreens,UPI,UK,1
2025-10-18 10:29:05.690786,USER_5597,29.97,BP,UPI,CAN,0
2025-10-18 10:40:18.690786,USER_1537,78.55,WholeFoods,PayPal,JPN,0
2025-10-18 10:56:47.690786,USER_5302,751.46,Target,PayPal,AUS,0
2025-10-18 11:00:29.690786,USER_6872,77.47,Walmart,Cash,IND,0
2025-10-18 11:14:14.690786,USER_4248,11.31,McDonalds,PayPal,FRA,0
2025-10-18 11:22:54.690786,USER_2280,20.55,Walmart,Cash,IND,0
2025-10-18 11:24:20.690786,USER_3101,60.36,BestBuy,Cash,UK,0
2025-10-18 11:32:10.690786,USER_9437,46.99,WholeFoods,Debit Card,GER,0
2025-10-18 11:55:39.690786,USER_8058,134.24,Walgreens,Debit Card,FRA,0
2025-10-18 12:11:05.690786,USER_1003,53.09,Flipkart,Debit Card,UK,0
2025-10-18 12:16:12.690786,USER_5623,118.53,Walmart,Credit Card,AUS,0
2025-10-18 12:17:03.690786,USER_5530,23.07,BestBuy,Debit Card,IND,0
2025-10-18 12:22:55.690786,USER_6343,15.11,McDonalds,Bank Transfer,USA,0
2025-10-18 12:30:49.690786,USER_9595,41.98,Walmart,Cash,FRA,0
2025-10-18 12:33:58.690786,USER_1312,11.99,Walmart,UPI,USA,0
2025-10-18 12:41:55.690786,USER_1525,14.43,Walgreens,Debit Card,IND,0
2025-10-18 12:45:06.690786,USER_1556,189.15,BP,Debit Card,IND,0
2025-10-18 12:48:30.690786,USER_9806,20.42,Nike,Credit Card,AUS,0
2025-10-18 12:58:07.690786,USER_6569,60.54,Shell,Bank Transfer,USA,0
2025-10-18 13:01:32.690786,USER_1813,53.63,Starbucks,Cash,IND,0
2025-10-18 13:12:01.690786,USER_9779,75.77,Shell,Credit Card,USA,0
2025-10-18 13:16:12.690786,USER_5398,75.01,Walmart,Cash,USA,0
2025-10-18 13:18:56.690786,USER_3374,12.04,Amazon,Cash,GER,0
2025-10-18 13:22:29.690786,USER_9787,104.19,BP,UPI,FRA,0
2025-10-18 13:38:35.690786,USER_4840,58.31,Costco,PayPal,GER,1
2025-10-18 13:43:13.690786,USER_1266,17.42,WholeFoods,Cash,JPN,0
2025-10-18 14:22:19.690786,USER_8776,45.53,McDonalds,Credit Card,GER,0
2025-10-18 14:25:38.690786,USER_6779,31.24,WholeFoods,UPI,CAN,0
2025-10-18 14:26:35.690786,USER_5713,30.24,BestBuy,Cash,AUS,0
2025-10-18 14:29:37.690786,USER_8712,102.4,Amazon,UPI,GER,0
2025-10-18 14:34:33.690786,USER_6617,390.51,Shell,Bank Transfer,JPN,0
2025-10-18 14:37:39.690786,USER_4022,127.6,Target,Debit Card,JPN,0
2025-10-18 14:41:25.690786,USER_3485,121.14,Walgreens,Bank Transfer,UK,0
2025-10-18 14:41:30.690786,USER_2922,131.0,McDonalds,UPI,CAN,0
2025-10-18 14:55:23.690786,USER_4571,62.9,Nike,PayPal,IND,0
2025-10-18 14:55:35.690786,USER_3872,3.43,WholeFoods,Bank Transfer,AUS,0
2025-10-18 14:59:46.690786,USER_4458,22.45,McDonalds,Debit Card,JPN,0
2025-10-18 15:03:00.690786,USER_9243,101.24,CVS,PayPal,JPN,0
2025-10-18 15:07:31.690786,USER_8596,61.8,Target,UPI,UK,0
2025-10-18 15:10:17.690786,USER_1958,345.13,Costco,Bank Transfer,GER,1
2025-10-18 15:11:17.690786,USER_7580,29.75,McDonalds,Credit Card,FRA,0
2025-10-18 15:13:20.690786,USER_8827,8.62,WholeFoods,Debit Card,GER,0
2025-10-18 15:13:59.690786,USER_7798,24.75,WholeFoods,Credit Card,FRA,0
2025-10-18 15:14:39.690786,USER_6592,63.58,Costco,Debit Card,USA,0
2025-10-18 15:30:13.690786,USER_2809,11.74,WholeFoods,PayPal,IND,0
2025-10-18 15:45:51.690786,USER_7962,2.7,CVS,PayPal,AUS,0
2025-10-18 15:50:15.690786,USER_1937,71.9,Walgreens,Bank Transfer,FRA,0
2025-10-18 15:54:34.690786,USER_5262,7.55,Walgreens,UPI,AUS,0
2025-10-18 16:17:05.690786,USER_9971,47.68,WholeFoods,Cash,GER,0
2025-10-18 16:23:46.690786,USER_6092,48.8,Target,Debit Card,USA,0
2025-10-18 16:33:19.690786,USER_9071,636.44,Shell,Bank Transfer,CAN,0
2025-10-18 17:17:34.690786,USER_4173,41.62,Target,Debit Card,USA,0
2025-10-18 17:21:23.690786,USER_4763,74.11,Amazon,Debit Card,UK,0
2025-10-18 17:32:19.690786,USER_3199,30.8,Target,Credit Card,IND,0
2025-10-18 17:45:24.690786,USER_6944,144.76,McDonalds,UPI,IND,0
2025-10-18 17:51:31.690786,USER_1648,13.51,McDonalds,Bank Transfer,UK,0
2025-10-18 18:03:42.690786,USER_6157,20.21,McDonalds,Bank Transfer,AUS,0
2025-10-18 18:11:03.690786,USER_7364,31.46,Amazon,PayPal,IND,0
2025-10-18 18:15:03.690786,USER_5578,14.53,Costco,Bank Transfer,GER,0
2025-10-18 18:16:07.690786,USER_8270,17.85,BestBuy,Credit Card,GER,0
2025-10-18 18:21:06.690786,USER_6047,22.34,HomeDepot,UPI,UK,0
2025-10-18 18:22:22.690786,USER_9142,173.77,Target,Debit Card,FRA,1
2025-10-18 18:41:32.690786,USER_7336,9.27,Flipkart,PayPal,AUS,0
2025-10-18 18:48:05.690786,USER_2517,51.31,Target,PayPal,IND,0
2025-10-18 19:05:20.690786,USER_6810,5.63,BP,UPI,CAN,0
2025-10-18 19:29:25.690786,USER_4098,21.23,Amazon,Cash,JPN,0
2025-10-18 19:30:30.690786,USER_5512,99.1,Walmart,Bank Transfer,UK,0
2025-10-18 19:38:18.690786,USER_9283,13.35,Nike,UPI,USA,0
2025-10-18 20:00:30.690786,USER_1324,64.72,BestBuy,Credit Card,USA,0
2025-10-18 20:04:51.690786,USER_3795,37.95,Flipkart,Bank Transfer,CAN,0
2025-10-18 20:10:10.690786,USER_2161,45.23,Shell,UPI,IND,0
2025-10-18 20:14:48.690786,USER_2264,58.98,Shell,Debit Card,AUS,0
2025-10-18 20:19:25.690786,USER_4432,10.29,CVS,Cash,AUS,0
2025-10-18 20:32:40.690786,USER_8300,39.89,Target,Cash,AUS,0
2025-10-18 20:33:59.690786,USER_1941,103.49,McDonalds,Cash,AUS,0
2025-10-18 20:35:20.690786,USER_3798,105.28,Costco,PayPal,USA,0
2025-10-18 20:36:01.690786,USER_4012,275.49,Walmart,PayPal,CAN,0
2025-10-18 20:37:12.690786,USER_9625,46.19,Flipkart,Credit Card,JPN,0
2025-10-18 20:39:28.690786,USER_3087,143.31,Starbucks,Credit Card,GER,0
2025-10-18 20:48:24.690786,USER_5544,15.23,Flipkart,PayPal,JPN,0
2025-10-18 20:50:45.690786,USER_4076,12.27,Flipkart,Cash,AUS,0
2025-10-18 20:54:42.690786,USER_7419,26.75,Flipkart,Cash,CAN,0
2025-10-18 21:15:49.690786,USER_6495,1.77,McDonalds,Credit Card,UK,0
2025-10-18 21:29:38.690786,USER_2548,37.42,BestBuy,Debit Card,CAN,0
2025-10-18 21:31:08.690786,USER_9883,102.1,CVS,PayPal,UK,0
2025-10-18 21:35:59.690786,USER_6821,1.55,Amazon,Cash,CAN,0
2025-10-18 21:42:19.690786,USER_1453,59.04,Costco,Credit Card,USA,0
2025-10-18 21:47:34.690786,USER_3930,72.26,Walmart,Credit Card,JPN,0
2025-10-18 21:59:50.690786,USER_4360,21.26,Nike,PayPal,UK,0
2025-10-18 22:18:24.690786,USER_2827,2.67,Target,Debit Card,CAN,0
2025-10-18 22:20:41.690786,USER_4714,9.83,Flipkart,UPI,CAN,0
2025-10-18 22:27:16.690786,USER_1746,130.04,HomeDepot,Credit Card,JPN,0
2025-10-18 22:40:15.690786,USER_2985,6.5,WholeFoods,Credit Card,IND,0
2025-10-18 22:42:36.690786,USER_8584,36.28,Costco,Cash,GER,0
2025-10-18 22:49:02.690786,USER_9202,161.67,Target,PayPal,GER,0
2025-10-18 22:57:16.690786,USER_5699,63.05,Target,UPI,IND,0
2025-10-18 23:01:42.690786,USER_1965,4.37,CVS,Bank Transfer,FRA,0
2025-10-18 23:29:09.690786,USER_2481,11.54,Costco,UPI,USA,0
2025-10-18 23:42:34.690786,USER_1104,53.76,Shell,Debit Card,USA,0
2025-10-19 00:03:28.690786,USER_2071,66.64,Walgreens,Bank Transfer,IND,0
2025-10-19 00:07:11.690786,USER_3215,11.32,BestBuy,Bank Transfer,JPN,0
2025-10-19 00:07:20.690786,USER_7914,3.36,McDonalds,PayPal,IND,0
2025-10-19 00:11:56.690786,USER_2684,29.22,CVS,Cash,CAN,0
2025-10-19 00:13:18.690786,USER_7693,49.43,Starbucks,Credit Card,GER,0
2025-10-19 00:20:41.690786,USER_6237,19.04,Amazon,Cash,FRA,0
2025-10-19 00:38:51.690786,USER_4276,81.44,Walgreens,Debit Card,IND,0
2025-10-19 00:46:29.690786,USER_3745,9.09,WholeFoods,PayPal,AUS,0
2025-10-19 00:48:47.690786,USER_1719,9.72,McDonalds,PayPal,JPN,0
2025-10-19 00:53:15.690786,USER_7290,40.03,Shell,Credit Card,GER,0
2025-10-19 00:53:45.690786,USER_3721,60.58,Target,Cash,IND,0
2025-10-19 01:01:40.690786,USER_5270,72.44,Flipkart,Debit Card,GER,0
2025-10-19 01:09:48.690786,USER_1872,10.03,WholeFoods,Credit Card,JPN,0
2025-10-19 01:11:17.690786,USER_6599,90.08,Starbucks,Cash,JPN,0
2025-10-19 01:14:05.690786,USER_7993,68.49,Shell,Credit Card,CAN,0
2025-10-19 01:14:18.690786,USER_7468,31.6,Starbucks,UPI,AUS,0
2025-10-19 01:29:11.690786,USER_9125,47.89,BP,Bank Transfer,UK,0
2025-10-19 01:46:25.690786,USER_8551,7.78,Walmart,Debit Card,FRA,0
2025-10-19 02:13:17.690786,USER_9686,45.74,HomeDepot,Debit Card,IND,0
2025-10-19 02:15:07.690786,USER_3944,58.57,WholeFoods,PayPal,FRA,0
2025-10-19 02:28:52.690786,USER_9052,208.61,BP,PayPal,GER,0
2025-10-19 02:47:56.690786,USER_2401,15.4,Walmart,Debit Card,IND,0
2025-10-19 02:48:10.690786,USER_1113,136.71,McDonalds,Debit Card,UK,0
2025-10-19 02:49:59.690786,USER_9776,195.09,McDonalds,Cash,IND,0
2025-10-19 03:02:22.690786,USER_7022,205.03,Flipkart,Credit Card,FRA,0
2025-10-19 03:02:40.690786,USER_1477,83.6,Flipkart,Bank Transfer,JPN,0
2025-10-19 03:06:04.690786,USER_8014,33.14,CVS,UPI,AUS,0
2025-10-19 03:06:21.690786,USER_2022,25.23,BestBuy,Bank Transfer,IND,0
2025-10-19 03:08:43.690786,USER_2527,16.99,Target,Cash,USA,0
2025-10-19 03:25:22.690786,USER_7586,14.46,HomeDepot,UPI,IND,0
2025-10-19 03:36:36.690786,USER_6452,37.33,Starbucks,Bank Transfer,JPN,0
2025-10-19 03:48:29.690786,USER_2199,11.75,BP,Cash,GER,0
2025-10-19 03:55:49.690786,USER_8654,27.6,Costco,PayPal,AUS,0
2025-10-19 03:56:33.690786,USER_8218,39.22,Shell,Credit Card,CAN,0
2025-10-19 04:15:47.690786,USER_9630,20.86,Costco,UPI,IND,0
2025-10-19 04:29:16.690786,USER_8860,51.1,Shell,PayPal,AUS,0
2025-10-19 04:47:51.690786,USER_3465,18.32,Starbucks,PayPal,GER,0
2025-10-19 04:48:06.690786,USER_5769,5.48,BP,Credit Card,USA,0
2025-10-19 04:55:44.690786,USER_9037,40.13,Starbucks,PayPal,FRA,0
2025-10-19 05:07:34.690786,USER_6074,22.28,BestBuy,PayPal,AUS,0
2025-10-19 05:08:54.690786,USER_9171,85.16,BestBuy,Cash,IND,0
2025-10-19 05:15:05.690786,USER_2764,21.42,Costco,Cash,FRA,0
2025-10-19 05:47:55.690786,USER_5053,10.2,CVS,PayPal,UK,0
2025-10-19 05:55:28.690786,USER_8759,35.23,Starbucks,Debit Card,FRA,0
2025-10-19 05:58:33.690786,USER_2045,83.89,Walmart,PayPal,CAN,0
2025-10-19 05:59:19.690786,USER_9020,59.83,WholeFoods,Credit Card,JPN,0
2025-10-19 06:05:19.690786,USER_2999,12.68,HomeDepot,Cash,USA,0
2025-10-19 06:15:13.690786,USER_8807,50.87,WholeFoods,Credit Card,AUS,0
2025-10-19 06:35:24.690786,USER_7004,354.86,WholeFoods,PayPal,AUS,0
2025-10-19 06:44:02.690786,USER_6925,3.13,Starbucks,PayPal,IND,0
2025-10-19 06:49:03.690786,USER_1764,48.71,BP,Bank Transfer,AUS,0
2025-10-19 07:02:54.690786,USER_5198,138.89,HomeDepot,Bank Transfer,JPN,0
2025-10-19 07:08:39.690786,USER_8005,72.98,Flipkart,Debit Card,JPN,0
2025-10-19 07:26:37.690786,USER_7116,38.53,BestBuy,PayPal,AUS,0
2025-10-19 07:27:52.690786,USER_8504,77.48,Flipkart,UPI,UK,0
2025-10-19 07:32:37.690786,USER_7813,23.04,BP,Cash,USA,0
2025-10-19 07:50:03.690786,USER_4026,11.0,Nike,Cash,UK,0
2025-10-19 07:51:49.690786,USER_1739,96.37,CVS,Bank Transfer,FRA,0
2025-10-19 08:05:25.690786,USER_7656,15.65,Walmart,Cash,GER,0
2025-10-19 08:06:43.690786,USER_1659,137.56,Walmart,Debit Card,AUS,0
2025-10-19 08:12:24.690786,USER_6320,12.15,BP,Bank Transfer,JPN,0
2025-10-19 08:16:46.690786,USER_7911,74.85,Walmart,Credit Card,FRA,0
2025-10-19 08:31:39.690786,USER_5775,77.46,Flipkart,Cash,FRA,0
2025-10-19 08:40:53.690786,USER_6133,34.66,Nike,UPI,IND,0
2025-10-19 08:40:53.690786,USER_3071,16.11,Walmart,PayPal,AUS,0
2025-10-19 08:42:23.690786,USER_5553,74.79,Target,Bank Transfer,UK,0
2025-10-19 08:42:43.690786,USER_8622,24.81,BP,Credit Card,JPN,0
2025-10-19 09:28:33.690786,USER_5170,8.11,Shell,Credit Card,JPN,0
2025-10-19 09:30:38.690786,USER_4623,4.87,WholeFoods,UPI,AUS,0
2025-10-19 09:36:51.690786,USER_6629,11.76,Costco,PayPal,USA,0
2025-10-19 09:44:56.690786,USER_1307,25.93,BestBuy,Debit Card,IND,0
2025-10-19 09:56:03.690786,USER_4823,151.59,McDonalds,PayPal,UK,0
2025-10-19 10:02:27.690786,USER_8938,43.64,Shell,UPI,AUS,0
2025-10-19 10:12:20.690786,USER_6299,83.52,McDonalds,Debit Card,GER,0
2025-10-19 10:13:25.690786,USER_3532,64.67,Costco,UPI,CAN,0
2025-10-19 10:13:32.690786,USER_4485,44.84,Walmart,Cash,GER,0
2025-10-19 10:33:10.690786,USER_8974,71.42,Flipkart,Credit Card,UK,0
2025-10-19 10:50:11.690786,USER_9151,24.25,Walmart,Credit Card,FRA,0
2025-10-19 10:53:57.690786,USER_9334,140.18,WholeFoods,Credit Card,GER,0
2025-10-19 11:10:41.690786,USER_6875,13.59,McDonalds,PayPal,JPN,0
2025-10-19 11:18:50.690786,USER_6549,8.81,McDonalds,UPI,FRA,0
2025-10-19 11:20:16.690786,USER_3033,35.41,BestBuy,Cash,FRA,0
2025-10-19 11:22:20.690786,USER_3679,18.37,WholeFoods,Cash,IND,0
2025-10-19 11:26:47.690786,USER_7909,23.08,BP,Debit Card,FRA,0
2025-10-19 11:27:09.690786,USER_1565,101.02,HomeDepot,Debit Card,AUS,0
2025-10-19 11:40:33.690786,USER_6167,81.64,BestBuy,Debit Card,GER,0
2025-10-19 11:42:40.690786,USER_6046,28.98,Amazon,PayPal,AUS,0
2025-10-19 11:56:47.690786,USER_2006,25.12,Target,UPI,AUS,0
2025-10-19 12:02:11.690786,USER_9264,13.07,Walmart,Debit Card,JPN,0
2025-10-19 12:04:37.690786,USER_1866,10.19,Target,Credit Card,UK,0
2025-10-19 12:15:23.690786,USER_8972,19.38,HomeDepot,Debit Card,CAN,0
2025-10-19 12:29:34.690786,USER_8258,33.86,Amazon,Cash,USA,0
2025-10-19 12:46:34.690786,USER_5544,15.6,WholeFoods,Debit Card,AUS,0
2025-10-19 13:19:13.690786,USER_9215,29.78,Costco,Credit Card,USA,0
2025-10-19 13:43:32.690786,USER_6440,24.75,CVS,PayPal,FRA,0
2025-10-19 13:47:29.690786,USER_9869,19.66,Walgreens,PayPal,FRA,0
2025-10-19 13:56:27.690786,USER_5509,89.83,Walgreens,UPI,UK,0
2025-10-19 14:06:36.690786,USER_3910,10.69,Walmart,Bank Transfer,IND,1
2025-10-19 14:11:10.690786,USER_9362,36.53,WholeFoods,Bank Transfer,JPN,0
2025-10-19 14:15:46.690786,USER_4346,18.79,WholeFoods,UPI,IND,0
2025-10-19 14:27:13.690786,USER_6880,31.73,Walgreens,Cash,IND,0
2025-10-19 14:41:25.690786,USER_2106,2.5,Nike,Cash,AUS,0
2025-10-19 14:46:34.690786,USER_7536,17.54,Flipkart,Cash,FRA,0
2025-10-19 15:44:07.690786,USER_4281,59.45,Starbucks,UPI,GER,0
2025-10-19 15:52:36.690786,USER_1190,7.76,Flipkart,Bank Transfer,CAN,0
2025-10-19 15:55:28.690786,USER_2339,19.3,Shell,Bank Transfer,IND,0
2025-10-19 15:59:36.690786,USER_1022,11.71,Walmart,UPI,JPN,0
2025-10-19 16:03:37.690786,USER_6563,21.25,McDonalds,Cash,AUS,0
2025-10-19 16:08:38.690786,USER_5164,76.04,Nike,PayPal,USA,0
2025-10-19 16:11:16.690786,USER_8370,121.47,Target,Debit Card,AUS,0
2025-10-19 16:20:31.690786,USER_7694,117.89,Starbucks,Debit Card,USA,0
2025-10-19 16:22:24.690786,USER_7152,229.23,BP,Cash,UK,0
2025-10-19 16:30:46.690786,USER_2160,133.52,BP,Bank Transfer,CAN,0
2025-10-19 16:38:50.690786,USER_7158,138.39,Target,Cash,UK,0
2025-10-19 16:50:27.690786,USER_9835,16.33,WholeFoods,Cash,CAN,0
2025-10-19 16:50:57.690786,USER_2478,42.67,HomeDepot,PayPal,IND,0
2025-10-19 17:05:31.690786,USER_9648,82.82,Amazon,Credit Card,JPN,0
2025-10-19 17:13:12.690786,USER_7995,203.6,Starbucks,Credit Card,USA,0
2025-10-19 17:21:58.690786,USER_6807,96.78,Walgreens,Debit Card,FRA,0
2025-10-19 17:22:36.690786,USER_1185,72.44,HomeDepot,Bank Transfer,UK,0
2025-10-19 17:29:38.690786,USER_8288,25.8,BP,PayPal,FRA,0
2025-10-19 17:35:50.690786,USER_7646,12.62,BP,PayPal,AUS,0
2025-10-19 17:36:25.690786,USER_1886,36.16,Walgreens,PayPal,FRA,0
2025-10-19 17:48:30.690786,USER_7121,70.39,Walmart,Cash,UK,0
2025-10-19 17:52:07.690786,USER_6426,70.74,BestBuy,Debit Card,JPN,0
2025-10-19 17:57:57.690786,USER_7388,40.99,HomeDepot,Debit Card,USA,0
2025-10-19 18:00:04.690786,USER_2173,78.73,Target,Cash,GER,0
2025-10-19 18:04:26.690786,USER_3100,114.7,Flipkart,Debit Card,UK,0
2025-10-19 18:14:11.690786,USER_7248,23.84,Costco,Debit Card,JPN,0
2025-10-19 18:17:57.690786,USER_7563,322.52,BestBuy,Cash,FRA,0
2025-10-19 18:32:30.690786,USER_1853,71.84,HomeDepot,Bank Transfer,AUS,0
2025-10-19 18:41:54.690786,USER_2185,114.11,Shell,Cash,UK,0
2025-10-19 18:44:01.690786,USER_9399,80.68,BestBuy,Bank Transfer,USA,0
2025-10-19 18:59:38.690786,USER_3514,5.86,HomeDepot,Bank Transfer,IND,0
2025-10-19 18:59:43.690786,USER_5889,10.38,Starbucks,UPI,AUS,0
2025-10-19 19:11:10.690786,USER_4161,7.87,Target,Cash,FRA,0
2025-10-19 19:43:54.690786,USER_3051,159.53,Nike,PayPal,USA,0
2025-10-19 20:10:54.690786,USER_1383,9.95,McDonalds,Bank Transfer,AUS,0
2025-10-19 20:12:56.690786,USER_6914,10.75,Target,Debit Card,FRA,0
2025-10-19 20:22:25.690786,USER_5166,8.4,Target,UPI,IND,0
2025-10-19 20:23:44.690786,USER_3364,7.35,Flipkart,Debit Card,USA,0
2025-10-19 20:35:28.690786,USER_1245,16.69,McDonalds,PayPal,UK,0
2025-10-19 20:37:59.690786,USER_8274,41.16,Shell,Cash,CAN,0
2025-10-19 20:51:02.690786,USER_1448,51.09,BestBuy,Debit Card,UK,0
2025-10-19 20:51:33.690786,USER_5043,49.47,Shell,Credit Card,JPN,0
2025-10-19 21:38:05.690786,USER_7390,255.36,Target,Cash,CAN,0
2025-10-19 21:41:14.690786,USER_9015,99.75,Shell,PayPal,FRA,0
2025-10-19 22:09:58.690786,USER_1722,12.17,HomeDepot,Debit Card,AUS,0
2025-10-19 22:10:46.690786,USER_8687,22.82,Flipkart,PayPal,AUS,0
2025-10-19 22:14:01.690786,USER_3960,1.1,Amazon,Cash,JPN,0
2025-10-19 22:27:38.690786,USER_7914,36.71,Target,Cash,CAN,0
2025-10-19 22:30:42.690786,USER_1717,31.18,Walmart,Cash,USA,0
2025-10-19 22:34:23.690786,USER_7921,120.21,Flipkart,Debit Card,UK,0
2025-10-19 22:40:50.690786,USER_3381,137.92,BestBuy,Debit Card,FRA,0
2025-10-19 22:42:08.690786,USER_3569,68.3,Nike,PayPal,GER,0
2025-10-19 22:44:47.690786,USER_7189,50.03,Amazon,Debit Card,JPN,0
2025-10-19 22:52:49.690786,USER_8472,88.88,Flipkart,UPI,USA,0
2025-10-19 23:00:03.690786,USER_3967,32.79,WholeFoods,Debit Card,GER,0
2025-10-19 23:00:56.690786,USER_5908,12.41,BP,Debit Card,UK,0
2025-10-19 23:17:01.690786,USER_5989,2.5,Flipkart,Cash,GER,0
2025-10-19 23:18:08.690786,USER_8715,345.5,Target,PayPal,UK,0
2025-10-19 23:19:53.690786,USER_7791,41.96,Walgreens,Bank Transfer,GER,0
2025-10-19 23:32:18.690786,USER_4587,118.89,Flipkart,Debit Card,FRA,0
2025-10-19 23:35:11.690786,USER_6680,23.5,BP,Credit Card,CAN,0
2025-10-19 23:42:58.690786,USER_7147,30.39,Flipkart,PayPal,IND,0
2025-10-19 23:50:11.690786,USER_3669,8.16,HomeDepot,UPI,FRA,0
2025-10-19 23:56:15.690786,USER_5540,55.08,Walmart,Bank Transfer,IND,0
2025-10-19 23:58:22.690786,USER_6062,18.64,Starbucks,Debit Card,FRA,0
2025-10-20 00:04:09.690786,USER_1351,7.57,Amazon,PayPal,CAN,0
2025-10-20 00:05:57.690786,USER_6450,122.3,Costco,Bank Transfer,UK,0
2025-10-20 00:06:38.690786,USER_1352,167.78,Flipkart,Cash,UK,0
2025-10-20 00:15:43.690786,USER_8248,19.13,Costco,Credit Card,AUS,0
2025-10-20 00:16:57.690786,USER_3445,64.25,Amazon,Debit Card,CAN,0
2025-10-20 00:25:24.690786,USER_8467,10.5,McDonalds,Bank Transfer,FRA,0
2025-10-20 00:40:40.690786,USER_8077,47.05,BP,Debit Card,IND,0
2025-10-20 00:50:31.690786,USER_5759,53.47,CVS,PayPal,AUS,0
2025-10-20 00:50:40.690786,USER_5110,54.7,Walgreens,Bank Transfer,UK,0
2025-10-20 00:53:06.690786,USER_7743,9.34,Walgreens,Credit Card,FRA,0
2025-10-20 01:01:38.690786,USER_7489,21.58,Target,Bank Transfer,JPN,0
2025-10-20 01:02:41.690786,USER_3248,46.4,WholeFoods,Credit Card,JPN,0
2025-10-20 01:05:24.690786,USER_5994,8.39,HomeDepot,UPI,AUS,0
2025-10-20 01:05:54.690786,USER_3748,1.08,HomeDepot,Credit Card,GER,0
2025-10-20 01:07:03.690786,USER_9230,8.61,BP,Bank Transfer,UK,0
2025-10-20 01:19:34.690786,USER_3468,13.19,Starbucks,Debit Card,FRA,0
2025-10-20 01:23:27.690786,USER_4154,6.77,McDonalds,Bank Transfer,UK,0
2025-10-20 01:27:13.690786,USER_2415,27.0,Amazon,PayPal,FRA,0
2025-10-20 01:29:26.690786,USER_9535,7.84,CVS,Debit Card,USA,0
2025-10-20 01:30:29.690786,USER_7382,7.95,BestBuy,Bank Transfer,GER,0
2025-10-20 01:38:37.690786,USER_5019,28.35,Starbucks,PayPal,JPN,0
2025-10-20 02:12:11.690786,USER_7529,201.3,Costco,Debit Card,AUS,1
2025-10-20 02:13:42.690786,USER_5289,69.86,Target,Debit Card,JPN,0
2025-10-20 02:38:57.690786,USER_7737,4.0,Nike,Bank Transfer,IND,0
2025-10-20 02:44:45.690786,USER_6210,33.89,CVS,Bank Transfer,IND,0
2025-10-20 03:03:32.690786,USER_4287,27.74,WholeFoods,Credit Card,USA,0
2025-10-20 03:14:19.690786,USER_1898,28.19,Nike,Debit Card,AUS,0
2025-10-20 03:16:50.690786,USER_6841,15.18,WholeFoods,PayPal,GER,0
2025-10-20 03:17:58.690786,USER_4328,74.81,Amazon,Credit Card,CAN,0
2025-10-20 03:27:14.690786,USER_8796,41.9,McDonalds,PayPal,USA,0
2025-10-20 03:28:30.690786,USER_1036,26.56,McDonalds,Debit Card,USA,0
2025-10-20 03:33:52.690786,USER_6558,1528.02,HomeDepot,Credit Card,USA,0
2025-10-20 03:56:07.690786,USER_3931,18.45,McDonalds,UPI,UK,0
2025-10-20 04:18:43.690786,USER_8443,79.65,McDonalds,PayPal,USA,0
2025-10-20 04:20:53.690786,USER_6788,14.16,HomeDepot,Cash,FRA,0
2025-10-20 04:22:38.690786,USER_1194,52.32,Walmart,Bank Transfer,GER,0
2025-10-20 04:24:21.690786,USER_2468,36.39,Walmart,UPI,FRA,0
2025-10-20 04:27:57.690786,USER_6480,57.23,HomeDepot,PayPal,GER,0
2025-10-20 04:39:25.690786,USER_9270,2.5,Walmart,Debit Card,FRA,0
2025-10-20 04:58:00.690786,USER_4731,20.49,BestBuy,Bank Transfer,AUS,0
2025-10-20 05:02:08.690786,USER_4102,24.71,BestBuy,Credit Card,USA,0
2025-10-20 05:17:28.690786,USER_3947,78.8,BP,Bank Transfer,AUS,0
2025-10-20 05:25:10.690786,USER_7866,105.22,McDonalds,Cash,FRA,0
2025-10-20 05:28:10.690786,USER_1076,50.02,WholeFoods,Credit Card,FRA,0
2025-10-20 05:30:18.690786,USER_2587,18.96,Shell,Bank Transfer,FRA,0
2025-10-20 05:32:21.690786,USER_5720,16.2,BestBuy,Cash,FRA,0
2025-10-20 05:37:02.690786,USER_7844,39.49,HomeDepot,PayPal,CAN,0
2025-10-20 05:39:00.690786,USER_6194,40.1,Flipkart,Bank Transfer,AUS,0
2025-10-20 05:39:56.690786,USER_6490,7.1,BestBuy,Bank Transfer,UK,0
2025-10-20 05:43:29.690786,USER_3585,119.8,CVS,PayPal,AUS,0
2025-10-20 05:43:39.690786,USER_5644,11.03,BestBuy,UPI,UK,0
2025-10-20 05:44:12.690786,USER_1971,10.51,BestBuy,Cash,CAN,0
2025-10-20 05:47:04.690786,USER_4868,9.01,McDonalds,Debit Card,USA,0
2025-10-20 05:57:55.690786,USER_1074,125.42,Flipkart,Cash,GER,0
2025-10-20 06:37:30.690786,USER_2917,49.28,Nike,UPI,CAN,0
2025-10-20 06:56:52.690786,USER_7460,10.13,Costco,Debit Card,GER,0
2025-10-20 06:59:50.690786,USER_5463,46.39,Costco,UPI,JPN,0
2025-10-20 07:09:31.690786,USER_5001,17.18,Target,UPI,IND,0
2025-10-20 07:14:05.690786,USER_8616,5.71,Starbucks,UPI,GER,0
2025-10-20 07:22:56.690786,USER_9812,75.06,Walgreens,Bank Transfer,CAN,0
2025-10-20 07:32:26.690786,USER_3733,22.39,Amazon,Debit Card,USA,0
2025-10-20 07:35:10.690786,USER_3187,15.14,McDonalds,PayPal,UK,0
2025-10-20 07:47:18.690786,USER_8122,52.79,Shell,UPI,CAN,0
2025-10-20 07:48:46.690786,USER_3750,14.22,Walmart,PayPal,JPN,0
2025-10-20 08:15:03.690786,USER_1427,9.99,HomeDepot,Credit Card,GER,0
2025-10-20 08:17:32.690786,USER_7056,20.78,BestBuy,PayPal,USA,0
2025-10-20 08:37:03.690786,USER_8530,76.08,WholeFoods,Bank Transfer,AUS,0
2025-10-20 08:42:36.690786,USER_2259,6.01,Shell,Credit Card,IND,0
2025-10-20 08:44:17.690786,USER_8798,18.96,Starbucks,Debit Card,USA,0
2025-10-20 09:02:47.690786,USER_8635,14.99,Starbucks,Debit Card,GER,0
2025-10-20 09:05:18.690786,USER_6700,4.35,McDonalds,PayPal,JPN,0
2025-10-20 09:07:23.690786,USER_9168,46.19,Starbucks,Credit Card,JPN,0
2025-10-20 09:10:01.690786,USER_6716,23.01,CVS,UPI,CAN,0
2025-10-20 09:10:42.690786,USER_9841,16.91,Walgreens,Bank Transfer,USA,0
2025-10-20 09:14:31.690786,USER_6804,18.05,Shell,PayPal,GER,0
2025-10-20 09:36:00.690786,USER_5959,16.42,Flipkart,Credit Card,JPN,0
2025-10-20 09:41:15.690786,USER_3406,29.0,Costco,UPI,GER,0
2025-10-20 09:41:46.690786,USER_5816,11.54,BP,Debit Card,CAN,0
2025-10-20 09:54:36.690786,USER_3440,96.94,Flipkart,Cash,AUS,0
2025-10-20 09:58:44.690786,USER_6633,5.35,Amazon,UPI,GER,0
2025-10-20 09:59:49.690786,USER_7182,15.04,Nike,Bank Transfer,GER,0
2025-10-20 11:03:30.690786,USER_1797,95.36,Flipkart,Cash,CAN,0
2025-10-20 11:18:55.690786,USER_8764,2.39,CVS,Cash,IND,0
2025-10-20 11:22:56.690786,USER_3753,18.07,CVS,Debit Card,USA,0
2025-10-20 11:28:00.690786,USER_5198,8.58,WholeFoods,UPI,USA,0
2025-10-20 11:34:25.690786,USER_9074,337.71,Amazon,Debit Card,CAN,0
2025-10-20 11:49:03.690786,USER_3401,206.0,Walgreens,Cash,GER,0
2025-10-20 11:54:41.690786,USER_1619,51.46,Starbucks,Debit Card,USA,0
2025-10-20 12:20:34.690786,USER_3703,70.49,HomeDepot,UPI,IND,0
2025-10-20 12:21:56.690786,USER_7391,97.98,HomeDepot,Cash,IND,0
2025-10-20 12:24:14.690786,USER_2908,3.34,Target,Cash,CAN,0
2025-10-20 12:27:17.690786,USER_2037,9.54,BestBuy,Bank Transfer,CAN,0
2025-10-20 12:34:45.690786,USER_5739,42.49,Target,Debit Card,UK,0
2025-10-20 12:38:34.690786,USER_1447,9.43,Costco,PayPal,IND,0
2025-10-20 12:40:19.690786,USER_9399,25.11,Walmart,Cash,FRA,0
2025-10-20 12:50:26.690786,USER_4438,69.97,Nike,PayPal,IND,0
2025-10-20 12:54:13.690786,USER_2111,114.23,Nike,Bank Transfer,JPN,0
2025-10-20 13:07:03.690786,USER_1257,207.87,Starbucks,Credit Card,AUS,0
2025-10-20 13:24:25.690786,USER_1301,13.01,BP,Credit Card,GER,0
2025-10-20 13:24:29.690786,USER_8947,29.21,Amazon,Credit Card,IND,0
2025-10-20 13:27:15.690786,USER_7099,54.34,Nike,Credit Card,IND,0
2025-10-20 13:30:06.690786,USER_1853,95.8,Nike,PayPal,AUS,0
2025-10-20 13:31:01.690786,USER_2376,48.41,Amazon,PayPal,UK,0
2025-10-20 13:33:54.690786,USER_3984,30.23,Starbucks,Bank Transfer,CAN,0
2025-10-20 13:41:20.690786,USER_9570,83.25,BestBuy,Credit Card,GER,0
2025-10-20 14:06:21.690786,USER_6534,15.59,Costco,Cash,CAN,0
2025-10-20 14:06:32.690786,USER_3465,27.06,WholeFoods,Debit Card,USA,0
2025-10-20 14:18:26.690786,USER_6311,188.88,Amazon,UPI,USA,1
2025-10-20 14:26:48.690786,USER_3110,50.78,Flipkart,UPI,AUS,0
2025-10-20 14:37:49.690786,USER_3555,5.11,Shell,PayPal,IND,0
2025-10-20 14:39:34.690786,USER_5661,55.18,HomeDepot,UPI,CAN,0
2025-10-20 14:43:03.690786,USER_2953,266.85,Walmart,PayPal,GER,0
2025-10-20 14:57:06.690786,USER_9536,18.85,Walmart,Credit Card,FRA,0
2025-10-20 15:00:12.690786,USER_3862,14.14,HomeDepot,Credit Card,CAN,0
2025-10-20 15:03:18.690786,USER_6468,136.77,BP,Bank Transfer,CAN,1
2025-10-20 15:22:10.690786,USER_8669,213.79,Flipkart,Cash,JPN,0
2025-10-20 15:37:48.690786,USER_2549,2.45,Flipkart,PayPal,AUS,0
2025-10-20 15:45:18.690786,USER_9011,183.94,Target,Cash,USA,0
2025-10-20 15:51:49.690786,USER_7882,12.49,Costco,Cash,USA,0
2025-10-20 15:56:40.690786,USER_6656,33.37,Flipkart,Cash,UK,0
2025-10-20 16:12:41.690786,USER_5724,20.26,Flipkart,Debit Card,GER,0
2025-10-20 16:14:11.690786,USER_4807,25.3,HomeDepot,Debit Card,FRA,0
2025-10-20 16:15:28.690786,USER_2494,5.32,Flipkart,Credit Card,UK,0
2025-10-20 16:20:22.690786,USER_2610,28.2,Nike,Cash,UK,0
2025-10-20 16:21:07.690786,USER_4903,11.97,McDonalds,Bank Transfer,USA,0
2025-10-20 17:02:02.690786,USER_4654,94.33,BestBuy,Debit Card,USA,0
2025-10-20 17:21:23.690786,USER_4299,44.36,CVS,PayPal,UK,0
2025-10-20 17:41:15.690786,USER_9757,12.68,Costco,Bank Transfer,AUS,0
2025-10-20 17:42:09.690786,USER_2271,12.54,Walgreens,PayPal,GER,0
2025-10-20 17:44:20.690786,USER_5238,18.14,Target,PayPal,IND,0
2025-10-20 17:53:24.690786,USER_4033,5.07,WholeFoods,Cash,USA,0
2025-10-20 18:04:27.690786,USER_1723,52.65,Target,PayPal,IND,0
2025-10-20 18:34:32.690786,USER_8006,14.39,CVS,UPI,IND,0
2025-10-20 18:36:53.690786,USER_7524,15.62,HomeDepot,Debit Card,GER,0
2025-10-20 18:40:25.690786,USER_8526,24.71,HomeDepot,Bank Transfer,USA,0
2025-10-20 18:49:05.690786,USER_8605,387.52,Target,Credit Card,FRA,0
2025-10-20 18:51:49.690786,USER_7432,18.93,McDonalds,UPI,GER,0
2025-10-20 18:52:16.690786,USER_2927,22.43,McDonalds,UPI,USA,0
2025-10-20 18:57:37.690786,USER_2111,15.63,McDonalds,Bank Transfer,IND,0
2025-10-20 18:58:30.690786,USER_6084,144.93,Costco,UPI,GER,0
2025-10-20 19:00:31.690786,USER_7769,253.37,Target,PayPal,IND,1
2025-10-20 19:09:50.690786,USER_5699,47.18,Walgreens,Credit Card,FRA,0
2025-10-20 19:33:42.690786,USER_4041,254.51,Shell,Bank Transfer,CAN,0
2025-10-20 19:34:40.690786,USER_2285,35.6,BP,Cash,USA,0
2025-10-20 19:36:55.690786,USER_3897,5.33,Walgreens,UPI,CAN,0
2025-10-20 19:47:12.690786,USER_6426,15.05,Amazon,Credit Card,FRA,0
2025-10-20 19:50:34.690786,USER_9106,10.27,HomeDepot,UPI,CAN,0
2025-10-20 19:54:56.690786,USER_4232,7.5,WholeFoods,Debit Card,AUS,0
2025-10-20 19:55:53.690786,USER_8293,19.19,Shell,Cash,UK,0
2025-10-20 19:56:43.690786,USER_2175,68.03,Starbucks,Credit Card,IND,0
2025-10-20 19:57:57.690786,USER_9952,444.04,Starbucks,PayPal,JPN,0
2025-10-20 20:03:51.690786,USER_8201,119.11,Shell,Cash,USA,0
2025-10-20 20:17:23.690786,USER_3166,145.05,Target,UPI,UK,0
2025-10-20 20:28:05.690786,USER_2849,26.51,Amazon,Bank Transfer,IND,0
2025-10-20 20:30:53.690786,USER_2637,230.09,Shell,PayPal,FRA,1
2025-10-20 20:33:58.690786,USER_7897,215.68,CVS,Bank Transfer,IND,0
2025-10-20 20:47:06.690786,USER_3144,80.72,CVS,Cash,USA,0
2025-10-20 20:49:25.690786,USER_4174,6.38,BP,Credit Card,AUS,0
2025-10-20 21:11:46.690786,USER_6253,61.76,Walgreens,Debit Card,USA,0
2025-10-20 21:23:21.690786,USER_2860,147.47,Walgreens,Debit Card,UK,0
2025-10-20 21:43:03.690786,USER_9482,42.55,Walmart,Credit Card,CAN,0
2025-10-20 21:57:25.690786,USER_3238,60.67,Shell,Cash,GER,0
2025-10-20 22:02:41.690786,USER_5016,14.73,CVS,Debit Card,UK,0
2025-10-20 22:04:33.690786,USER_1869,111.86,Costco,Bank Transfer,IND,0
2025-10-20 22:05:18.690786,USER_5603,218.68,WholeFoods,PayPal,FRA,0
2025-10-20 22:07:26.690786,USER_8760,66.41,CVS,Credit Card,FRA,0
2025-10-20 22:08:08.690786,USER_2818,111.63,Walgreens,Debit Card,IND,0
2025-10-20 22:10:43.690786,USER_5021,3.51,WholeFoods,Bank Transfer,IND,0
2025-10-20 22:14:06.690786,USER_9192,18.25,Walgreens,Debit Card,UK,0
2025-10-20 22:15:26.690786,USER_1094,71.61,Costco,Cash,CAN,0
2025-10-20 22:16:54.690786,USER_3359,142.95,Shell,Bank Transfer,USA,0
2025-10-20 22:19:11.690786,USER_4844,99.63,Target,PayPal,FRA,0
2025-10-20 22:24:35.690786,USER_1129,58.21,Flipkart,Cash,USA,0
2025-10-20 22:27:53.690786,USER_9586,100.63,WholeFoods,Bank Transfer,JPN,0
2025-10-20 22:30:46.690786,USER_5673,71.83,BP,Cash,FRA,0
2025-10-20 22:32:29.690786,USER_3292,26.59,Amazon,PayPal,IND,0
2025-10-20 22:35:48.690786,USER_3842,12.91,Walmart,Bank Transfer,IND,0
2025-10-20 22:49:25.690786,USER_8192,3.33,Amazon,Cash,AUS,0
2025-10-20 23:33:30.690786,USER_8987,532.5,Nike,Cash,GER,1
2025-10-20 23:46:05.690786,USER_5961,133.98,Amazon,Debit Card,AUS,0
2025-10-21 00:01:25.690786,USER_1324,30.66,Walmart,PayPal,UK,0
2025-10-21 00:20:31.690786,USER_7233,6.37,Nike,PayPal,AUS,0
2025-10-21 00:26:37.690786,USER_4083,35.44,Nike,Cash,JPN,0
2025-10-21 00:33:28.690786,USER_5940,37.76,Amazon,Cash,CAN,0
2025-10-21 00:36:22.690786,USER_3736,24.58,Starbucks,UPI,USA,0
2025-10-21 00:37:33.690786,USER_2912,408.23,Amazon,Cash,GER,0
2025-10-21 00:45:55.690786,USER_2457,64.32,Target,UPI,JPN,0
2025-10-21 00:47:33.690786,USER_7468,36.69,BestBuy,UPI,JPN,0
2025-10-21 01:00:58.690786,USER_1008,17.49,McDonalds,PayPal,UK,0
2025-10-21 01:24:39.690786,USER_1756,27.35,Walmart,Credit Card,UK,0
2025-10-21 01:27:29.690786,USER_3826,13.47,Walmart,PayPal,JPN,1
2025-10-21 01:51:24.690786,USER_9222,8.64,Starbucks,Credit Card,IND,0
2025-10-21 01:52:28.690786,USER_4010,11.78,Amazon,Bank Transfer,JPN,0
2025-10-21 02:09:59.690786,USER_8155,198.12,Walgreens,Bank Transfer,CAN,0
2025-10-21 02:18:10.690786,USER_1691,5.86,Walgreens,Bank Transfer,USA,0
2025-10-21 02:19:39.690786,USER_3200,17.1,Flipkart,Cash,AUS,0
2025-10-21 02:20:36.690786,USER_2124,6.73,Walmart,Debit Card,JPN,0
2025-10-21 02:27:16.690786,USER_4197,35.58,Walgreens,Bank Transfer,GER,0
2025-10-21 02:35:36.690786,USER_8322,3.52,Shell,Credit Card,GER,0
2025-10-21 02:39:31.690786,USER_3743,19.34,BP,Cash,IND,0
2025-10-21 02:51:54.690786,USER_6084,47.62,Starbucks,UPI,FRA,0
2025-10-21 02:53:51.690786,USER_2410,37.58,Walmart,Debit Card,CAN,0
2025-10-21 03:10:59.690786,USER_4846,4.96,Amazon,Credit Card,FRA,0
2025-10-21 03:22:35.690786,USER_2646,24.25,Amazon,PayPal,JPN,0
2025-10-21 03:23:59.690786,USER_8612,5.36,Amazon,Debit Card,UK,0
2025-10-21 03:28:22.690786,USER_3391,184.5,Walgreens,Credit Card,JPN,0
2025-10-21 03:30:33.690786,USER_5606,18.15,Amazon,Bank Transfer,AUS,0
2025-10-21 03:43:57.690786,USER_3741,15.12,Flipkart,Bank Transfer,USA,0
2025-10-21 04:04:29.690786,USER_3346,93.1,HomeDepot,Bank Transfer,FRA,0
2025-10-21 04:05:32.690786,USER_1527,11.38,WholeFoods,PayPal,GER,0
2025-10-21 04:19:33.690786,USER_6527,14.04,WholeFoods,Debit Card,UK,0
2025-10-21 04:21:19.690786,USER_5919,59.91,Starbucks,Bank Transfer,CAN,0
2025-10-21 04:32:44.690786,USER_7979,15.41,Flipkart,Cash,GER,0
2025-10-21 04:32:51.690786,USER_4900,112.8,Amazon,Credit Card,UK,0
2025-10-21 05:01:45.690786,USER_3159,38.35,Flipkart,Debit Card,FRA,0
2025-10-21 05:06:03.690786,USER_9570,18.73,BP,PayPal,IND,0
2025-10-21 05:12:43.690786,USER_8073,121.88,McDonalds,UPI,USA,0
2025-10-21 05:16:34.690786,USER_5372,13.18,Amazon,Cash,USA,0
2025-10-21 05:25:02.690786,USER_6954,23.24,CVS,PayPal,JPN,0
2025-10-21 05:40:25.690786,USER_3692,31.66,BP,Debit Card,UK,0
2025-10-21 05:50:00.690786,USER_3125,55.9,Walmart,Credit Card,UK,0
2025-10-21 05:56:47.690786,USER_7249,307.35,Walmart,Debit Card,IND,0
2025-10-21 06:08:50.690786,USER_8816,67.64,Flipkart,Cash,CAN,0
2025-10-21 06:13:18.690786,USER_3687,12.74,HomeDepot,Credit Card,USA,0
2025-10-21 06:19:32.690786,USER_2194,48.66,WholeFoods,Bank Transfer,IND,0
2025-10-21 06:23:59.690786,USER_4962,181.91,Flipkart,PayPal,JPN,0
2025-10-21 06:24:25.690786,USER_7512,27.66,Starbucks,Bank Transfer,JPN,0
2025-10-21 06:29:38.690786,USER_8059,27.75,Walgreens,Bank Transfer,USA,0
2025-10-21 06:35:38.690786,USER_9608,432.99,BP,UPI,GER,1
2025-10-21 06:42:40.690786,USER_3293,43.24,WholeFoods,PayPal,UK,0
2025-10-21 06:45:36.690786,USER_9301,45.28,Starbucks,Cash,JPN,0
2025-10-21 06:46:56.690786,USER_6822,69.84,Flipkart,Bank Transfer,JPN,0
2025-10-21 06:48:14.690786,USER_1229,14.56,BP,Cash,GER,0
2025-10-21 07:12:50.690786,USER_3730,28.28,Walmart,Bank Transfer,UK,0
2025-10-21 07:18:39.690786,USER_7250,24.64,Walgreens,Bank Transfer,AUS,0
2025-10-21 07:19:23.690786,USER_4438,59.88,Walmart,Cash,FRA,0
2025-10-21 07:20:09.690786,USER_5222,18.63,Flipkart,Cash,CAN,0
2025-10-21 07:22:18.690786,USER_8140,67.74,McDonalds,Credit Card,FRA,0
2025-10-21 07:29:54.690786,USER_6533,13.43,Costco,PayPal,FRA,0
2025-10-21 07:38:05.690786,USER_2941,60.11,Costco,UPI,USA,0
2025-10-21 07:40:22.690786,USER_8712,11.84,Walmart,UPI,USA,0
2025-10-21 07:50:01.690786,USER_1719,94.31,Costco,PayPal,UK,0
2025-10-21 08:12:38.690786,USER_6910,48.86,Amazon,Debit Card,UK,0
2025-10-21 08:23:04.690786,USER_3136,147.72,Amazon,UPI,FRA,0
2025-10-21 08:23:29.690786,USER_6862,17.85,Nike,PayPal,FRA,0
2025-10-21 08:44:39.690786,USER_4281,7.65,HomeDepot,Bank Transfer,CAN,0
2025-10-21 08:46:08.690786,USER_9074,22.15,BP,UPI,FRA,0
2025-10-21 08:51:47.690786,USER_5485,65.48,BP,PayPal,CAN,0
2025-10-21 08:59:04.690786,USER_4431,78.06,Nike,Cash,JPN,1
2025-10-21 08:59:49.690786,USER_4954,106.74,HomeDepot,Credit Card,FRA,0
2025-10-21 09:03:31.690786,USER_2460,304.67,CVS,UPI,AUS,1
2025-10-21 09:04:34.690786,USER_7296,220.31,Nike,Cash,AUS,0
2025-10-21 09:11:02.690786,USER_9531,42.49,HomeDepot,Credit Card,UK,0
2025-10-21 09:11:11.690786,USER_2978,15.97,WholeFoods,Debit Card,AUS,0
2025-10-21 09:11:45.690786,USER_9701,25.7,Walmart,PayPal,CAN,0
2025-10-21 09:14:56.690786,USER_4244,29.12,BP,Credit Card,GER,0
2025-10-21 09:19:28.690786,USER_3809,131.01,CVS,Bank Transfer,CAN,0
2025-10-21 09:25:26.690786,USER_2169,6.79,Nike,Cash,AUS,0
2025-10-21 09:26:12.690786,USER_1557,141.18,Costco,PayPal,CAN,0
2025-10-21 09:33:13.690786,USER_9741,223.14,Nike,Credit Card,CAN,0
2025-10-21 09:53:57.690786,USER_5979,61.48,BestBuy,PayPal,CAN,0
2025-10-21 09:55:36.690786,USER_5001,20.49,McDonalds,Debit Card,GER,0
2025-10-21 10:00:20.690786,USER_2914,44.24,BestBuy,Credit Card,CAN,0
2025-10-21 10:14:57.690786,USER_3438,12.28,Starbucks,PayPal,FRA,0
2025-10-21 10:18:35.690786,USER_1272,11.24,Walmart,UPI,IND,0
2025-10-21 10:20:52.690786,USER_4924,44.43,Nike,UPI,UK,0
2025-10-21 10:21:51.690786,USER_9161,3.81,Target,PayPal,FRA,0
2025-10-21 10:26:16.690786,USER_8716,80.69,Shell,Cash,IND,0
2025-10-21 10:29:43.690786,USER_2167,120.35,McDonalds,Debit Card,FRA,0
2025-10-21 10:44:39.690786,USER_2966,84.84,WholeFoods,PayPal,IND,0
2025-10-21 10:46:12.690786,USER_7664,65.61,Walmart,Debit Card,AUS,0
2025-10-21 10:57:28.690786,USER_7859,51.83,Walgreens,Debit Card,UK,0
2025-10-21 11:28:10.690786,USER_3093,52.44,Walgreens,Credit Card,FRA,0
2025-10-21 11:31:42.690786,USER_1408,46.29,Target,Credit Card,GER,0
2025-10-21 11:40:27.690786,USER_4211,17.65,CVS,Debit Card,CAN,0
2025-10-21 11:53:41.690786,USER_2058,10.39,Shell,PayPal,JPN,0
2025-10-21 12:37:21.690786,USER_7776,24.82,Walmart,Credit Card,JPN,0
2025-10-21 12:44:03.690786,USER_4728,5.93,McDonalds,UPI,USA,0
2025-10-21 12:45:39.690786,USER_8417,8.42,Target,Cash,JPN,0
2025-10-21 13:00:01.690786,USER_7408,12.91,BP,Credit Card,USA,0
2025-10-21 13:05:42.690786,USER_4053,62.91,CVS,Debit Card,UK,0
2025-10-21 13:19:03.690786,USER_8327,19.21,BestBuy,Credit Card,USA,0
2025-10-21 13:22:26.690786,USER_6047,13.26,Flipkart,UPI,JPN,0
2025-10-21 13:28:01.690786,USER_4345,21.95,HomeDepot,Cash,CAN,0
2025-10-21 13:32:06.690786,USER_2586,43.49,Flipkart,UPI,AUS,0
2025-10-21 13:38:18.690786,USER_8537,4.81,Costco,UPI,IND,0
2025-10-21 13:42:28.690786,USER_3016,64.22,Costco,PayPal,UK,0
2025-10-21 13:48:05.690786,USER_7076,18.5,CVS,Credit Card,GER,0
2025-10-21 13:50:21.690786,USER_7231,44.18,Shell,Credit Card,UK,0
2025-10-21 13:50:38.690786,USER_9026,14.95,Amazon,Cash,AUS,0
2025-10-21 13:55:15.690786,USER_9143,405.88,Nike,Credit Card,FRA,0
2025-10-21 14:16:48.690786,USER_5355,46.15,McDonalds,Bank Transfer,CAN,0
2025-10-21 14:17:33.690786,USER_4337,67.63,WholeFoods,UPI,UK,0
2025-10-21 14:20:38.690786,USER_1853,54.15,Amazon,Debit Card,USA,0
2025-10-21 14:22:00.690786,USER_9715,5.83,CVS,Bank Transfer,FRA,0
2025-10-21 14:40:30.690786,USER_9123,53.79,HomeDepot,UPI,USA,0
2025-10-21 14:54:14.690786,USER_7944,94.56,Shell,PayPal,UK,0
2025-10-21 15:13:01.690786,USER_7528,38.95,BP,Bank Transfer,IND,0
2025-10-21 15:26:43.690786,USER_4369,3.66,Nike,Cash,CAN,0
2025-10-21 15:31:48.690786,USER_4018,20.65,Shell,UPI,FRA,0
2025-10-21 15:36:04.690786,USER_2539,38.26,Costco,Bank Transfer,IND,0
2025-10-21 15:36:18.690786,USER_6507,27.85,Amazon,Bank Transfer,USA,0
2025-10-21 15:36:42.690786,USER_2253,17.15,BestBuy,Debit Card,IND,0
2025-10-21 15:37:19.690786,USER_5556,128.17,HomeDepot,Credit Card,USA,0
2025-10-21 15:44:39.690786,USER_1548,5.61,Starbucks,Cash,CAN,0
2025-10-21 15:53:35.690786,USER_6218,46.41,Walgreens,Bank Transfer,USA,0
2025-10-21 15:57:32.690786,USER_8786,4.29,HomeDepot,Cash,AUS,0
2025-10-21 16:09:15.690786,USER_5354,71.03,Nike,Credit Card,FRA,0
2025-10-21 16:27:36.690786,USER_9021,110.9,Walmart,PayPal,FRA,0
2025-10-21 16:37:24.690786,USER_6613,222.82,BestBuy,Credit Card,USA,0
2025-10-21 16:43:04.690786,USER_9098,8.93,Amazon,PayPal,IND,0
2025-10-21 16:55:08.690786,USER_4027,19.61,Flipkart,Debit Card,USA,0
2025-10-21 16:58:06.690786,USER_2296,34.98,Shell,Debit Card,USA,0
2025-10-21 17:04:39.690786,USER_3985,75.39,Amazon,Cash,IND,0
2025-10-21 17:05:07.690786,USER_4274,136.41,McDonalds,Cash,GER,0
2025-10-21 17:21:33.690786,USER_6917,63.85,Amazon,UPI,USA,0
2025-10-21 17:24:40.690786,USER_1108,26.29,BP,Cash,IND,0
2025-10-21 17:41:54.690786,USER_6761,4.85,Walgreens,Debit Card,GER,0
2025-10-21 17:44:03.690786,USER_6582,49.26,CVS,Credit Card,JPN,0
2025-10-21 18:19:19.690786,USER_5454,8.95,CVS,Debit Card,FRA,0
2025-10-21 18:49:10.690786,USER_3888,80.36,CVS,Credit Card,JPN,0
2025-10-21 18:51:24.690786,USER_5280,63.18,Starbucks,UPI,UK,0
2025-10-21 18:53:33.690786,USER_4046,35.03,Flipkart,UPI,GER,0
2025-10-21 19:12:10.690786,USER_4592,2.44,Walgreens,Debit Card,IND,0
2025-10-21 19:22:15.690786,USER_2049,60.1,CVS,Bank Transfer,FRA,0
2025-10-21 19:37:42.690786,USER_8836,9.26,BestBuy,Bank Transfer,GER,0
2025-10-21 19:59:46.690786,USER_8722,58.48,Flipkart,Credit Card,USA,0
2025-10-21 20:00:12.690786,USER_2477,438.7,BP,Cash,IND,0
2025-10-21 20:23:36.690786,USER_9887,18.64,Costco,Bank Transfer,USA,0
2025-10-21 20:45:17.690786,USER_6679,14.13,Walmart,Debit Card,GER,0
2025-10-21 20:54:13.690786,USER_8273,34.5,BestBuy,PayPal,JPN,0
2025-10-21 21:01:00.690786,USER_8210,328.23,HomeDepot,Bank Transfer,IND,0
2025-10-21 21:08:03.690786,USER_2601,127.64,Amazon,PayPal,GER,0
2025-10-21 21:14:33.690786,USER_7947,59.88,HomeDepot,Credit Card,GER,0
2025-10-21 21:22:52.690786,USER_7113,40.33,Walmart,Credit Card,IND,0
2025-10-21 21:33:40.690786,USER_2412,57.07,McDonalds,Cash,IND,0
2025-10-21 21:42:35.690786,USER_5888,3.34,Walmart,Bank Transfer,FRA,0
2025-10-21 21:45:04.690786,USER_2573,9.91,Starbucks,PayPal,UK,0
2025-10-21 21:50:16.690786,USER_6989,20.23,Shell,UPI,AUS,0
2025-10-21 21:51:09.690786,USER_4897,41.92,HomeDepot,Bank Transfer,GER,0
2025-10-21 22:04:18.690786,USER_3886,6.07,CVS,Debit Card,GER,0
2025-10-21 22:16:04.690786,USER_8317,45.71,McDonalds,Cash,GER,0
2025-10-21 22:17:05.690786,USER_4106,21.83,Starbucks,UPI,AUS,0
2025-10-21 22:20:59.690786,USER_6397,91.3,Costco,PayPal,USA,0
2025-10-21 22:25:40.690786,USER_4126,84.17,Starbucks,Cash,CAN,0
2025-10-21 22:29:42.690786,USER_3318,291.81,Walmart,Bank Transfer,UK,1
2025-10-21 22:30:27.690786,USER_1486,31.29,BestBuy,UPI,USA,0
2025-10-21 22:30:41.690786,USER_9605,150.67,WholeFoods,Debit Card,USA,0
2025-10-21 22:34:55.690786,USER_3270,19.02,Flipkart,Bank Transfer,FRA,0
2025-10-21 22:43:16.690786,USER_3115,35.54,Walgreens,Bank Transfer,AUS,0
2025-10-21 22:45:03.690786,USER_9824,15.95,CVS,PayPal,AUS,0
2025-10-21 22:56:03.690786,USER_3509,31.03,Flipkart,Credit Card,JPN,0
2025-10-21 22:57:46.690786,USER_7459,58.54,McDonalds,Bank Transfer,AUS,0
2025-10-21 23:06:04.690786,USER_7460,33.67,Target,Bank Transfer,GER,0
2025-10-21 23:07:23.690786,USER_3101,37.32,Target,PayPal,CAN,0
2025-10-21 23:12:20.690786,USER_7914,244.31,CVS,PayPal,UK,1
2025-10-21 23:19:17.690786,USER_4205,30.91,HomeDepot,Debit Card,AUS,0
2025-10-21 23:23:05.690786,USER_2083,5.37,Shell,PayPal,FRA,0
2025-10-21 23:30:42.690786,USER_2854,38.23,HomeDepot,Debit Card,JPN,0
2025-10-21 23:44:41.690786,USER_2866,50.91,BP,Bank Transfer,IND,0
2025-10-21 23:50:35.690786,USER_6257,2.5,Costco,Credit Card,FRA,0
2025-10-21 23:50:51.690786,USER_9704,67.11,HomeDepot,Debit Card,CAN,0
2025-10-22 00:02:03.690786,USER_7583,177.6,Flipkart,Credit Card,UK,0
2025-10-22 00:02:37.690786,USER_5523,23.97,McDonalds,Bank Transfer,JPN,0
2025-10-22 00:07:03.690786,USER_3792,3.91,CVS,Cash,AUS,0
2025-10-22 00:08:41.690786,USER_5664,43.75,McDonalds,PayPal,JPN,0
2025-10-22 00:14:18.690786,USER_8606,48.74,HomeDepot,PayPal,FRA,0
2025-10-22 00:23:52.690786,USER_6544,51.41,CVS,UPI,UK,0
2025-10-22 00:33:56.690786,USER_9533,108.66,Walmart,Bank Transfer,IND,0
2025-10-22 00:41:43.690786,USER_5215,136.21,BestBuy,Credit Card,JPN,0
2025-10-22 00:43:09.690786,USER_2397,30.6,McDonalds,Debit Card,CAN,0
2025-10-22 00:47:41.690786,USER_8786,181.68,Nike,Bank Transfer,USA,0
2025-10-22 00:53:29.690786,USER_8007,42.88,Walgreens,PayPal,USA,0
2025-10-22 00:57:03.690786,USER_1881,10.36,McDonalds,UPI,USA,0
2025-10-22 01:05:24.690786,USER_8250,3.93,Shell,PayPal,JPN,0
2025-10-22 01:35:53.690786,USER_3131,5.03,McDonalds,Credit Card,AUS,0
2025-10-22 01:54:58.690786,USER_1321,150.87,Flipkart,Debit Card,IND,0
2025-10-22 02:20:38.690786,USER_1326,390.67,McDonalds,Debit Card,IND,0
2025-10-22 02:25:31.690786,USER_1523,12.93,BP,PayPal,UK,0
2025-10-22 02:27:36.690786,USER_9017,56.11,BP,Debit Card,USA,0
2025-10-22 02:31:07.690786,USER_8794,29.73,Starbucks,Bank Transfer,CAN,0
2025-10-22 02:34:38.690786,USER_6638,100.88,McDonalds,Bank Transfer,IND,0
2025-10-22 02:49:53.690786,USER_4153,32.75,Nike,UPI,IND,0
2025-10-22 02:51:44.690786,USER_4909,16.87,Flipkart,Bank Transfer,UK,0
2025-10-22 02:53:10.690786,USER_1782,76.77,BestBuy,Cash,AUS,1
2025-10-22 02:56:27.690786,USER_5486,36.58,McDonalds,Credit Card,AUS,0
2025-10-22 02:58:46.690786,USER_8295,359.51,Flipkart,PayPal,GER,1
2025-10-22 03:12:24.690786,USER_1406,56.79,Amazon,UPI,CAN,0
2025-10-22 03:24:09.690786,USER_9379,60.18,Nike,Bank Transfer,USA,0
2025-10-22 03:29:49.690786,USER_2047,2.93,BP,Cash,AUS,0
2025-10-22 03:31:31.690786,USER_6828,93.93,Target,Bank Transfer,IND,0
2025-10-22 03:40:00.690786,USER_2939,45.63,Walmart,Bank Transfer,GER,0
2025-10-22 03:52:42.690786,USER_2391,6.96,Walmart,Cash,USA,0
2025-10-22 03:57:51.690786,USER_7138,39.86,BestBuy,Bank Transfer,FRA,0
2025-10-22 04:05:08.690786,USER_5742,33.14,Starbucks,Cash,JPN,0
2025-10-22 04:24:20.690786,USER_5674,2.31,BP,Debit Card,AUS,0
2025-10-22 04:43:05.690786,USER_1562,247.86,CVS,Debit Card,GER,0
2025-10-22 04:46:22.690786,USER_7672,10.22,BestBuy,Debit Card,USA,0
2025-10-22 04:49:19.690786,USER_3440,10.65,BP,Credit Card,USA,0
2025-10-22 04:57:07.690786,USER_1651,29.51,Costco,Debit Card,CAN,0
2025-10-22 05:15:23.690786,USER_7183,42.42,HomeDepot,UPI,CAN,0
2025-10-22 05:20:19.690786,USER_8126,14.42,HomeDepot,Debit Card,IND,0
2025-10-22 05:22:12.690786,USER_3843,8.12,Flipkart,Debit Card,GER,0
2025-10-22 05:27:09.690786,USER_5331,79.99,BP,Debit Card,JPN,0
2025-10-22 05:47:57.690786,USER_2243,54.83,BP,Bank Transfer,AUS,0
2025-10-22 06:09:45.690786,USER_6115,10.65,Nike,Cash,AUS,0
2025-10-22 06:14:06.690786,USER_9202,16.6,CVS,UPI,IND,0
2025-10-22 06:19:45.690786,USER_8533,7.34,Costco,Debit Card,IND,0
2025-10-22 06:20:23.690786,USER_6514,34.43,Walmart,Credit Card,IND,0
2025-10-22 06:38:27.690786,USER_9470,30.34,Flipkart,Cash,IND,0
2025-10-22 06:42:00.690786,USER_4245,21.21,BestBuy,PayPal,JPN,0
2025-10-22 07:03:13.690786,USER_9051,4.51,WholeFoods,PayPal,IND,0
2025-10-22 07:03:30.690786,USER_4085,29.11,Shell,Debit Card,UK,0
2025-10-22 07:07:56.690786,USER_2926,24.79,Costco,Bank Transfer,CAN,0
2025-10-22 07:09:50.690786,USER_2474,73.55,WholeFoods,UPI,FRA,0
2025-10-22 07:37:28.690786,USER_1869,49.32,McDonalds,Bank Transfer,USA,0
2025-10-22 07:39:16.690786,USER_2830,41.58,BP,Cash,UK,0
2025-10-22 07:59:13.690786,USER_2070,70.85,Flipkart,Debit Card,USA,0
2025-10-22 08:04:14.690786,USER_9346,55.94,Target,Debit Card,FRA,0
2025-10-22 08:24:33.690786,USER_8306,26.24,Shell,Cash,UK,0
2025-10-22 08:24:57.690786,USER_2070,30.78,Starbucks,Credit Card,USA,0
2025-10-22 08:32:37.690786,USER_9250,46.35,BP,PayPal,IND,0
2025-10-22 09:08:57.690786,USER_9514,10.56,BestBuy,PayPal,USA,0
2025-10-22 09:09:17.690786,USER_4309,52.33,HomeDepot,Debit Card,GER,0
2025-10-22 09:13:17.690786,USER_6410,383.94,Walmart,Debit Card,USA,0
2025-10-22 09:14:24.690786,USER_8289,230.34,Shell,Credit Card,CAN,0
2025-10-22 09:39:07.690786,USER_2875,112.97,Costco,Bank Transfer,IND,0
2025-10-22 09:39:34.690786,USER_4752,15.18,WholeFoods,Cash,UK,0
2025-10-22 09:58:59.690786,USER_3572,104.83,Costco,Debit Card,FRA,0
2025-10-22 10:19:08.690786,USER_9986,21.94,HomeDepot,PayPal,USA,0
2025-10-22 10:24:27.690786,USER_7443,34.8,Shell,Bank Transfer,IND,0
2025-10-22 10:32:36.690786,USER_9605,285.28,McDonalds,Bank Transfer,UK,0
2025-10-22 10:41:05.690786,USER_9548,22.58,Target,PayPal,USA,0
2025-10-22 10:51:35.690786,USER_6868,14.3,Walgreens,Bank Transfer,IND,0
2025-10-22 10:55:15.690786,USER_3314,32.22,Target,Cash,CAN,0
2025-10-22 11:05:37.690786,USER_8450,19.05,Costco,Debit Card,USA,0
2025-10-22 11:29:41.690786,USER_8469,43.29,Nike,Debit Card,USA,0
2025-10-22 11:40:37.690786,USER_7883,124.11,HomeDepot,Bank Transfer,AUS,0
2025-10-22 12:10:56.690786,USER_8384,13.4,Amazon,UPI,USA,0
2025-10-22 12:22:22.690786,USER_3087,6.4,Amazon,Cash,IND,0
2025-10-22 12:40:41.690786,USER_9956,28.55,CVS,Bank Transfer,AUS,0
2025-10-22 12:41:04.690786,USER_7622,29.41,Target,UPI,AUS,0
2025-10-22 12:43:08.690786,USER_9231,23.87,BP,PayPal,IND,0
2025-10-22 12:43:46.690786,USER_8607,151.24,Walmart,PayPal,CAN,0
2025-10-22 12:44:54.690786,USER_5705,55.09,HomeDepot,Bank Transfer,JPN,0
2025-10-22 12:47:13.690786,USER_2438,4.51,Flipkart,PayPal,JPN,0
2025-10-22 13:08:26.690786,USER_5590,68.9,Flipkart,Cash,USA,0
2025-10-22 13:20:42.690786,USER_6330,63.21,McDonalds,Cash,IND,0
2025-10-22 13:29:46.690786,USER_5786,26.5,Flipkart,Cash,USA,1
2025-10-22 13:32:44.690786,USER_2450,33.1,Costco,Bank Transfer,JPN,0
2025-10-22 13:57:42.690786,USER_4109,2.09,Target,PayPal,JPN,0
2025-10-22 14:01:51.690786,USER_3781,209.67,McDonalds,Debit Card,USA,0
2025-10-22 14:01:56.690786,USER_7915,19.74,Costco,PayPal,AUS,0
2025-10-22 14:08:44.690786,USER_8597,13.32,BestBuy,Debit Card,IND,0
2025-10-22 14:21:28.690786,USER_6827,13.08,Target,Credit Card,AUS,0
2025-10-22 14:33:04.690786,USER_8175,33.95,Nike,Cash,USA,0
2025-10-22 14:39:28.690786,USER_9061,62.63,BestBuy,PayPal,FRA,0
2025-10-22 14:43:35.690786,USER_5819,86.71,Shell,UPI,AUS,0
2025-10-22 15:02:32.690786,USER_7097,9.54,HomeDepot,Credit Card,IND,0
2025-10-22 15:10:53.690786,USER_4806,5.45,CVS,PayPal,FRA,0
2025-10-22 15:14:11.690786,USER_6278,6.49,CVS,Credit Card,AUS,0
2025-10-22 15:14:51.690786,USER_3947,11.39,CVS,Bank Transfer,UK,0
2025-10-22 15:33:52.690786,USER_9037,68.13,Costco,UPI,USA,0
2025-10-22 15:42:49.690786,USER_3793,18.14,Amazon,UPI,USA,0
2025-10-22 15:52:33.690786,USER_9784,43.74,Target,UPI,AUS,0
2025-10-22 15:54:01.690786,USER_4129,0.99,Flipkart,Cash,FRA,0
2025-10-22 15:59:42.690786,USER_6616,37.25,Amazon,Debit Card,AUS,0
2025-10-22 16:10:23.690786,USER_7533,53.5,Walmart,PayPal,JPN,0
2025-10-22 16:25:46.690786,USER_4502,92.9,Walmart,Debit Card,GER,0
2025-10-22 16:51:18.690786,USER_3424,12.87,Costco,UPI,FRA,0
2025-10-22 17:06:45.690786,USER_3605,34.5,Costco,Debit Card,USA,0
2025-10-22 17:11:57.690786,USER_4534,4.95,CVS,Cash,JPN,0
2025-10-22 17:15:22.690786,USER_2387,22.1,Amazon,Cash,GER,0
2025-10-22 17:30:17.690786,USER_4874,45.67,McDonalds,Credit Card,CAN,0
2025-10-22 17:41:31.690786,USER_2106,76.05,CVS,PayPal,USA,0
2025-10-22 17:48:50.690786,USER_9476,80.45,Starbucks,PayPal,JPN,0
2025-10-22 17:53:07.690786,USER_7032,82.39,BestBuy,UPI,USA,0
2025-10-22 17:56:49.690786,USER_5609,56.43,McDonalds,PayPal,FRA,0
2025-10-22 17:57:18.690786,USER_9090,25.63,Walgreens,UPI,CAN,0
2025-10-22 18:00:51.690786,USER_8847,12.42,Walmart,UPI,UK,0
2025-10-22 18:04:36.690786,USER_4046,43.33,Nike,UPI,GER,0
2025-10-22 18:08:42.690786,USER_9574,87.9,HomeDepot,Debit Card,FRA,0
2025-10-22 18:18:08.690786,USER_6071,5.31,Nike,PayPal,GER,0
2025-10-22 18:20:38.690786,USER_8509,14.85,Nike,Cash,UK,0
2025-10-22 18:31:35.690786,USER_2300,30.97,Flipkart,Bank Transfer,UK,0
2025-10-22 18:46:00.690786,USER_1598,57.07,CVS,UPI,IND,1
2025-10-22 19:13:21.690786,USER_8063,3.03,Target,Cash,CAN,0
2025-10-22 19:21:02.690786,USER_7586,2.58,Nike,Debit Card,CAN,0
2025-10-22 19:23:13.690786,USER_3203,4.27,CVS,UPI,USA,0
2025-10-22 19:25:55.690786,USER_3119,4.47,Amazon,Debit Card,IND,0
2025-10-22 19:38:17.690786,USER_1721,23.17,Costco,UPI,IND,0
2025-10-22 19:39:21.690786,USER_6582,6.82,Starbucks,Debit Card,CAN,0
2025-10-22 19:42:01.690786,USER_8852,43.51,Walmart,Debit Card,USA,0
2025-10-22 19:48:55.690786,USER_6752,104.04,Walmart,Bank Transfer,UK,0
2025-10-22 19:49:04.690786,USER_1640,126.49,CVS,Credit Card,FRA,0
2025-10-22 19:59:02.690786,USER_1118,85.63,WholeFoods,Bank Transfer,AUS,0
2025-10-22 20:02:33.690786,USER_6557,49.94,BP,Credit Card,AUS,0
2025-10-22 20:02:52.690786,USER_7292,461.96,Amazon,Bank Transfer,GER,0
2025-10-22 20:14:04.690786,USER_8899,8.51,McDonalds,Debit Card,AUS,0
2025-10-22 20:15:24.690786,USER_8233,48.04,HomeDepot,Debit Card,GER,0
2025-10-22 20:16:02.690786,USER_7389,19.09,Walmart,Bank Transfer,FRA,0
2025-10-22 20:36:18.690786,USER_4844,246.69,Nike,PayPal,USA,0
2025-10-22 20:47:14.690786,USER_5255,163.48,Starbucks,Credit Card,CAN,0
2025-10-22 21:00:43.690786,USER_8668,7.74,Amazon,Credit Card,JPN,0
2025-10-22 21:03:01.690786,USER_4196,30.78,Walmart,Credit Card,UK,0
2025-10-22 21:05:39.690786,USER_8141,24.65,Flipkart,PayPal,AUS,0
2025-10-22 21:12:56.690786,USER_8900,30.18,Shell,PayPal,IND,0
2025-10-22 21:16:47.690786,USER_1865,8.93,Nike,Cash,IND,0
2025-10-22 21:32:12.690786,USER_4808,11.51,Starbucks,UPI,CAN,0
2025-10-22 21:38:37.690786,USER_8191,24.35,HomeDepot,Bank Transfer,FRA,0
2025-10-22 21:38:45.690786,USER_5317,44.09,Walgreens,Cash,FRA,0
2025-10-22 21:42:22.690786,USER_3286,41.78,Starbucks,Credit Card,GER,0
2025-10-22 21:43:16.690786,USER_3721,30.5,Starbucks,Credit Card,AUS,0
2025-10-22 21:53:24.690786,USER_4335,85.49,Walmart,Credit Card,UK,0
2025-10-22 22:00:54.690786,USER_2895,18.08,BP,Cash,UK,0
2025-10-22 22:07:16.690786,USER_9464,18.02,Nike,PayPal,FRA,0
2025-10-22 22:08:18.690786,USER_2604,67.43,Shell,Credit Card,AUS,0
2025-10-22 22:13:52.690786,USER_3518,63.03,WholeFoods,Debit Card,FRA,0
2025-10-22 22:31:23.690786,USER_3275,14.88,Amazon,Bank Transfer,JPN,0
2025-10-22 22:37:32.690786,USER_9426,58.86,Costco,PayPal,AUS,0
2025-10-22 22:46:31.690786,USER_4181,41.83,Target,PayPal,AUS,0
2025-10-22 23:26:48.690786,USER_2594,5.81,Costco,UPI,USA,0
2025-10-22 23:31:03.690786,USER_5654,16.96,McDonalds,PayPal,FRA,0
2025-10-22 23:38:00.690786,USER_2934,139.86,Target,Bank Transfer,UK,0
2025-10-22 23:42:15.690786,USER_4058,6.12,BestBuy,Cash,USA,0
2025-10-22 23:43:15.690786,USER_3932,48.61,HomeDepot,Debit Card,CAN,0
2025-10-22 23:45:43.690786,USER_2505,38.67,WholeFoods,UPI,USA,1
2025-10-22 23:47:45.690786,USER_7929,12.53,BP,UPI,UK,0
2025-10-23 00:14:33.690786,USER_9270,15.85,Walmart,Debit Card,IND,0
2025-10-23 00:15:26.690786,USER_5033,50.39,Amazon,Cash,FRA,0
2025-10-23 00:33:24.690786,USER_6956,14.66,BP,PayPal,IND,0
2025-10-23 00:38:18.690786,USER_9866,54.92,WholeFoods,UPI,UK,0
2025-10-23 00:42:16.690786,USER_1531,55.18,Walmart,UPI,AUS,0
2025-10-23 00:44:07.690786,USER_7834,64.58,Shell,Credit Card,IND,0
2025-10-23 01:01:12.690786,USER_9579,8.37,Flipkart,Debit Card,AUS,0
2025-10-23 01:19:11.690786,USER_3938,9.15,Nike,Debit Card,UK,0
2025-10-23 01:25:40.690786,USER_1982,22.27,WholeFoods,Credit Card,JPN,0
2025-10-23 01:28:04.690786,USER_8247,27.31,Walgreens,Credit Card,CAN,0
2025-10-23 01:31:26.690786,USER_2463,129.64,BP,Credit Card,UK,0
2025-10-23 01:33:03.690786,USER_3740,46.48,Walgreens,UPI,FRA,0
2025-10-23 01:33:08.690786,USER_6181,49.26,Walgreens,UPI,FRA,0
2025-10-23 01:35:43.690786,USER_4277,45.56,Flipkart,Bank Transfer,UK,0
2025-10-23 01:42:10.690786,USER_1262,10.58,Amazon,Debit Card,CAN,0
2025-10-23 01:49:17.690786,USER_9664,85.52,Shell,PayPal,FRA,0
2025-10-23 01:51:00.690786,USER_5186,2.23,McDonalds,Cash,UK,0
2025-10-23 01:56:09.690786,USER_1268,30.16,BestBuy,Cash,IND,0
2025-10-23 01:58:33.690786,USER_4919,38.54,Starbucks,Credit Card,AUS,0
2025-10-23 02:05:14.690786,USER_6963,85.81,Walmart,Credit Card,JPN,0
2025-10-23 02:17:16.690786,USER_1129,4.55,WholeFoods,Cash,CAN,0
2025-10-23 02:31:20.690786,USER_4473,52.85,Shell,Bank Transfer,CAN,0
2025-10-23 02:32:18.690786,USER_9247,8.73,WholeFoods,Debit Card,FRA,0
2025-10-23 02:39:07.690786,USER_3345,9.3,CVS,PayPal,USA,0
2025-10-23 02:49:44.690786,USER_3555,30.29,Nike,Credit Card,FRA,0
2025-10-23 02:52:41.690786,USER_3955,139.97,BestBuy,Bank Transfer,JPN,0
2025-10-23 02:54:07.690786,USER_8431,54.8,BestBuy,Bank Transfer,GER,0
2025-10-23 02:54:24.690786,USER_6268,160.95,Costco,PayPal,GER,1
2025-10-23 03:21:57.690786,USER_9190,61.36,Shell,UPI,JPN,0
2025-10-23 03:25:16.690786,USER_1894,17.82,CVS,Cash,CAN,0
2025-10-23 03:27:50.690786,USER_2430,5.03,Starbucks,Debit Card,USA,0
2025-10-23 03:34:14.690786,USER_8915,11.6,Walmart,Credit Card,USA,0
2025-10-23 03:48:58.690786,USER_5180,325.37,HomeDepot,Cash,IND,0
2025-10-23 03:52:52.690786,USER_5224,29.6,Shell,UPI,GER,0
2025-10-23 04:14:03.690786,USER_1618,25.0,Flipkart,UPI,USA,0
2025-10-23 04:20:31.690786,USER_4115,33.32,Walgreens,UPI,CAN,0
2025-10-23 04:30:46.690786,USER_1475,10.1,WholeFoods,Cash,IND,0
2025-10-23 04:31:02.690786,USER_6927,237.75,WholeFoods,PayPal,UK,0
2025-10-23 04:31:53.690786,USER_4137,207.73,Shell,UPI,UK,1
2025-10-23 04:34:29.690786,USER_6919,137.03,Walmart,Cash,JPN,0
2025-10-23 04:41:25.690786,USER_7542,6.42,Starbucks,Cash,AUS,0
2025-10-23 04:42:54.690786,USER_5636,9.78,Walmart,Cash,FRA,0
2025-10-23 04:43:27.690786,USER_4926,143.78,Flipkart,Debit Card,FRA,0
2025-10-23 04:46:28.690786,USER_5440,0.74,Walgreens,Bank Transfer,IND,0
2025-10-23 04:47:16.690786,USER_7187,153.64,McDonalds,Bank Transfer,IND,0
2025-10-23 04:55:50.690786,USER_4700,11.03,Walmart,Debit Card,AUS,0
2025-10-23 04:59:06.690786,USER_5773,14.97,BestBuy,Bank Transfer,FRA,0
2025-10-23 05:07:05.690786,USER_4799,45.12,Walgreens,Credit Card,IND,0
2025-10-23 05:12:16.690786,USER_6123,10.04,CVS,Credit Card,USA,0
2025-10-23 05:17:45.690786,USER_7154,47.89,BestBuy,Debit Card,GER,0
2025-10-23 05:29:07.690786,USER_2666,12.22,Flipkart,Debit Card,USA,0
2025-10-23 05:31:20.690786,USER_3658,138.56,McDonalds,UPI,IND,0
2025-10-23 05:39:16.690786,USER_5695,237.56,CVS,UPI,CAN,1
2025-10-23 05:47:42.690786,USER_1901,7.48,WholeFoods,UPI,FRA,0
2025-10-23 06:21:19.690786,USER_4298,42.09,Target,Cash,UK,0
2025-10-23 06:22:23.690786,USER_9750,71.15,Starbucks,UPI,GER,0
2025-10-23 06:26:12.690786,USER_4327,21.32,HomeDepot,Bank Transfer,CAN,0
2025-10-23 06:41:53.690786,USER_8284,3.08,Flipkart,PayPal,GER,0
2025-10-23 06:43:27.690786,USER_5841,60.94,CVS,UPI,JPN,0
2025-10-23 06:57:24.690786,USER_8687,47.43,Walmart,UPI,JPN,0
2025-10-23 07:13:19.690786,USER_5831,5.61,BP,Cash,IND,0
2025-10-23 07:18:10.690786,USER_3257,29.57,Flipkart,Debit Card,JPN,0
2025-10-23 07:22:41.690786,USER_8496,46.67,WholeFoods,Debit Card,FRA,0
2025-10-23 07:32:16.690786,USER_9854,25.36,Walmart,PayPal,FRA,0
2025-10-23 07:37:59.690786,USER_5910,196.05,Flipkart,PayPal,UK,0
2025-10-23 07:55:57.690786,USER_1095,15.96,BP,Bank Transfer,GER,0
2025-10-23 08:00:39.690786,USER_3271,17.14,Walmart,PayPal,CAN,0
2025-10-23 08:05:48.690786,USER_9314,7.88,Walgreens,Cash,AUS,0
2025-10-23 08:07:05.690786,USER_5408,47.24,McDonalds,Debit Card,UK,0
2025-10-23 08:24:18.690786,USER_6169,91.86,CVS,PayPal,USA,0
2025-10-23 08:31:44.690786,USER_2035,7.95,CVS,Debit Card,IND,0
2025-10-23 08:33:39.690786,USER_1176,18.44,McDonalds,UPI,USA,0
2025-10-23 08:34:16.690786,USER_2256,80.74,CVS,Debit Card,CAN,0
2025-10-23 08:56:23.690786,USER_5118,25.33,Nike,Cash,USA,0
2025-10-23 09:02:49.690786,USER_5748,12.8,BP,Debit Card,IND,0
2025-10-23 09:15:40.690786,USER_1493,48.59,Walgreens,PayPal,AUS,0
2025-10-23 09:31:15.690786,USER_1001,2.94,Walmart,Credit Card,USA,0
2025-10-23 09:36:50.690786,USER_9069,9.71,Starbucks,PayPal,USA,0
2025-10-23 09:39:22.690786,USER_2941,37.13,Amazon,Credit Card,GER,0
2025-10-23 09:44:40.690786,USER_1439,19.22,Walmart,Cash,FRA,0
2025-10-23 09:50:34.690786,USER_3420,32.57,Shell,UPI,USA,0
2025-10-23 10:10:51.690786,USER_3429,19.24,Flipkart,Bank Transfer,FRA,0
2025-10-23 10:14:04.690786,USER_9977,7.62,CVS,Cash,UK,0
2025-10-23 10:58:43.690786,USER_9060,13.28,McDonalds,Bank Transfer,JPN,0
2025-10-23 10:58:50.690786,USER_6907,31.23,HomeDepot,UPI,USA,0
2025-10-23 11:15:42.690786,USER_8849,8.64,Starbucks,PayPal,IND,0
2025-10-23 11:40:23.690786,USER_3869,49.08,CVS,Cash,USA,0
2025-10-23 11:41:14.690786,USER_5263,5.16,Shell,Cash,USA,0
2025-10-23 11:49:14.690786,USER_7750,6.59,WholeFoods,Cash,UK,0
2025-10-23 11:59:42.690786,USER_3705,33.72,Nike,Cash,JPN,0
2025-10-23 12:02:48.690786,USER_9165,142.99,Shell,PayPal,FRA,0
2025-10-23 12:15:44.690786,USER_8159,47.27,WholeFoods,Credit Card,UK,0
2025-10-23 12:16:50.690786,USER_1388,113.17,McDonalds,PayPal,FRA,0
2025-10-23 12:19:04.690786,USER_4217,288.65,CVS,Cash,USA,0
2025-10-23 12:46:15.690786,USER_8985,39.59,BP,Bank Transfer,UK,0
2025-10-23 13:20:04.690786,USER_1666,20.69,Flipkart,Cash,AUS,0
2025-10-23 13:20:26.690786,USER_7714,18.46,Target,Credit Card,CAN,0
2025-10-23 13:26:59.690786,USER_5351,10.05,BestBuy,UPI,JPN,0
2025-10-23 13:34:26.690786,USER_7566,25.94,HomeDepot,Credit Card,IND,0
2025-10-23 13:35:38.690786,USER_1521,4.47,McDonalds,PayPal,FRA,0
2025-10-23 13:43:55.690786,USER_5127,367.72,McDonalds,UPI,UK,0
2025-10-23 13:45:28.690786,USER_7897,6.38,BestBuy,Cash,JPN,0
2025-10-23 13:49:55.690786,USER_5447,40.77,Walmart,Cash,USA,0
2025-10-23 13:57:05.690786,USER_2168,41.22,Target,Credit Card,JPN,0
2025-10-23 14:12:09.690786,USER_9165,2.59,CVS,Credit Card,JPN,0
2025-10-23 14:19:33.690786,USER_1194,228.27,HomeDepot,Debit Card,USA,0
2025-10-23 14:28:14.690786,USER_1507,38.8,McDonalds,Cash,IND,0
2025-10-23 14:28:56.690786,USER_1133,90.58,Nike,UPI,UK,0
2025-10-23 14:47:13.690786,USER_1587,9.95,Shell,PayPal,USA,0
2025-10-23 14:49:44.690786,USER_5489,26.11,WholeFoods,Debit Card,CAN,0
2025-10-23 14:49:50.690786,USER_1866,23.52,CVS,Debit Card,AUS,0
2025-10-23 14:51:20.690786,USER_4093,19.12,Walmart,Cash,FRA,0
2025-10-23 15:08:20.690786,USER_3229,76.51,Costco,UPI,FRA,0
2025-10-23 15:11:21.690786,USER_5541,11.66,McDonalds,Cash,USA,0
2025-10-23 15:14:45.690786,USER_9027,15.87,BP,Debit Card,JPN,0
2025-10-23 15:19:17.690786,USER_1241,94.33,Walgreens,Debit Card,FRA,0
2025-10-23 15:25:36.690786,USER_6891,37.81,Target,Cash,CAN,0
2025-10-23 15:29:19.690786,USER_3378,19.54,McDonalds,PayPal,AUS,0
2025-10-23 15:30:43.690786,USER_8656,260.67,HomeDepot,Debit Card,GER,0
2025-10-23 15:51:49.690786,USER_9686,323.71,Nike,Cash,IND,0
2025-10-23 15:54:44.690786,USER_6322,32.73,BP,Bank Transfer,UK,0
2025-10-23 16:00:24.690786,USER_7647,6.38,BP,PayPal,IND,0
2025-10-23 16:15:05.690786,USER_2951,6.43,Nike,Debit Card,JPN,0
2025-10-23 16:20:28.690786,USER_1731,22.55,BestBuy,PayPal,CAN,0
2025-10-23 16:31:19.690786,USER_7258,233.73,CVS,Debit Card,USA,0
2025-10-23 16:42:12.690786,USER_9446,44.23,Costco,Debit Card,CAN,0
2025-10-23 16:51:30.690786,USER_6571,35.66,Flipkart,Debit Card,FRA,0
2025-10-23 17:05:00.690786,USER_7669,39.13,CVS,Debit Card,USA,0
2025-10-23 17:17:29.690786,USER_2297,18.18,Costco,Debit Card,GER,0
2025-10-23 17:19:49.690786,USER_2497,46.3,WholeFoods,Credit Card,CAN,0
2025-10-23 17:23:28.690786,USER_7579,20.29,Flipkart,UPI,FRA,0
2025-10-23 17:25:36.690786,USER_8305,29.37,HomeDepot,Credit Card,AUS,0
2025-10-23 17:32:20.690786,USER_8429,29.99,Walmart,Cash,IND,0
2025-10-23 17:37:23.690786,USER_4857,139.78,Walgreens,Debit Card,CAN,0
2025-10-23 17:44:26.690786,USER_2388,57.81,WholeFoods,UPI,CAN,0
2025-10-23 18:01:28.690786,USER_4868,77.89,Shell,UPI,UK,0
2025-10-23 18:05:27.690786,USER_7111,33.96,McDonalds,Cash,AUS,0
2025-10-23 18:26:08.690786,USER_8046,26.46,McDonalds,PayPal,AUS,0
2025-10-23 18:52:34.690786,USER_9666,15.15,Flipkart,UPI,USA,0
2025-10-23 19:11:56.690786,USER_3450,5.45,BestBuy,Cash,AUS,0
2025-10-23 19:12:49.690786,USER_9707,152.49,Walgreens,Cash,CAN,0
2025-10-23 19:13:58.690786,USER_9740,10.02,Nike,Debit Card,CAN,0
2025-10-23 19:29:53.690786,USER_3056,10.73,WholeFoods,Cash,USA,0
2025-10-23 19:32:47.690786,USER_3328,25.56,Walgreens,Debit Card,GER,0
2025-10-23 19:41:30.690786,USER_3591,3.51,Nike,UPI,JPN,0
2025-10-23 19:43:53.690786,USER_7216,6.79,Target,Bank Transfer,CAN,0
2025-10-23 19:44:01.690786,USER_9871,47.55,HomeDepot,Bank Transfer,GER,0
2025-10-23 19:46:01.690786,USER_2965,32.98,Target,Credit Card,AUS,0
2025-10-23 19:54:30.690786,USER_4120,21.47,Starbucks,PayPal,GER,0
2025-10-23 19:56:12.690786,USER_8503,21.25,Starbucks,Credit Card,CAN,0
2025-10-23 20:04:00.690786,USER_4372,23.99,BP,Cash,IND,0
2025-10-23 20:08:05.690786,USER_9161,76.3,BP,UPI,IND,0
2025-10-23 20:25:45.690786,USER_5420,14.81,McDonalds,Debit Card,AUS,0
2025-10-23 20:36:21.690786,USER_5049,40.51,McDonalds,Bank Transfer,FRA,0
2025-10-23 20:44:17.690786,USER_1861,117.85,CVS,Credit Card,USA,0
2025-10-23 20:47:52.690786,USER_9351,19.08,McDonalds,PayPal,IND,0
2025-10-23 21:03:00.690786,USER_8434,186.45,Nike,Credit Card,CAN,0
2025-10-23 21:15:02.690786,USER_2461,47.22,Flipkart,Credit Card,JPN,0
2025-10-23 21:18:36.690786,USER_4897,26.21,Starbucks,UPI,FRA,0
2025-10-23 21:20:28.690786,USER_1087,195.98,BestBuy,PayPal,GER,0
2025-10-23 21:22:41.690786,USER_4817,19.36,Shell,Debit Card,GER,0
2025-10-23 21:24:23.690786,USER_9266,33.26,Costco,Credit Card,USA,0
2025-10-23 21:30:16.690786,USER_4812,4.47,Target,Bank Transfer,USA,0
2025-10-23 21:41:35.690786,USER_2286,38.49,McDonalds,Debit Card,JPN,0
2025-10-23 21:43:42.690786,USER_4148,4.24,Nike,PayPal,AUS,0
2025-10-23 21:56:04.690786,USER_7731,1.48,Nike,PayPal,FRA,0
2025-10-23 21:59:27.690786,USER_7673,148.97,Starbucks,Cash,JPN,0
2025-10-23 22:00:43.690786,USER_2381,186.7,WholeFoods,Bank Transfer,IND,0
2025-10-23 22:01:21.690786,USER_4450,30.46,Walmart,Credit Card,UK,0
2025-10-23 22:11:06.690786,USER_1606,26.67,Starbucks,PayPal,FRA,0
2025-10-23 22:23:25.690786,USER_7188,61.38,Walgreens,Bank Transfer,AUS,0
2025-10-23 22:41:17.690786,USER_9008,38.91,BestBuy,Debit Card,UK,0
2025-10-23 22:43:38.690786,USER_5282,76.29,WholeFoods,Bank Transfer,IND,0
2025-10-23 22:46:14.690786,USER_7765,13.98,HomeDepot,PayPal,JPN,0
2025-10-23 22:48:27.690786,USER_6785,32.58,Costco,Credit Card,JPN,0
2025-10-23 22:55:28.690786,USER_8942,137.39,HomeDepot,Credit Card,JPN,0
2025-10-23 23:47:27.690786,USER_3043,17.34,Target,Bank Transfer,JPN,0
2025-10-24 00:02:04.690786,USER_8680,52.4,Amazon,Debit Card,IND,0
2025-10-24 00:29:40.690786,USER_5951,19.76,Starbucks,PayPal,JPN,0
2025-10-24 00:38:44.690786,USER_6886,107.9,Costco,UPI,CAN,0
2025-10-24 00:42:00.690786,USER_8106,15.7,WholeFoods,UPI,AUS,0
2025-10-24 00:56:24.690786,USER_8278,99.14,HomeDepot,Credit Card,UK,0
2025-10-24 00:59:43.690786,USER_8586,86.28,BP,Debit Card,JPN,0
2025-10-24 01:03:21.690786,USER_5267,21.36,Walgreens,Debit Card,IND,0
2025-10-24 01:03:23.690786,USER_2351,78.47,Shell,Bank Transfer,USA,0
2025-10-24 01:04:59.690786,USER_8801,3.18,Amazon,Credit Card,GER,0
2025-10-24 01:09:58.690786,USER_3385,45.61,BP,UPI,IND,0
2025-10-24 01:10:03.690786,USER_9730,23.23,HomeDepot,Credit Card,USA,0
2025-10-24 01:17:45.690786,USER_9011,322.71,Flipkart,Bank Transfer,AUS,0
2025-10-24 01:26:57.690786,USER_7467,14.69,Amazon,PayPal,CAN,0
2025-10-24 01:40:31.690786,USER_5617,7.74,Nike,Debit Card,UK,0
2025-10-24 01:42:56.690786,USER_6556,26.16,WholeFoods,UPI,USA,0
2025-10-24 01:43:29.690786,USER_1607,56.35,CVS,Debit Card,IND,0
2025-10-24 01:50:16.690786,USER_6246,50.49,Amazon,UPI,FRA,0
2025-10-24 01:55:40.690786,USER_9232,212.71,Walmart,PayPal,GER,0
2025-10-24 02:11:05.690786,USER_5146,30.01,Starbucks,PayPal,FRA,0
2025-10-24 02:15:04.690786,USER_8010,3.34,Walgreens,PayPal,JPN,0
2025-10-24 02:36:48.690786,USER_8144,23.63,BestBuy,Bank Transfer,IND,0
2025-10-24 02:52:37.690786,USER_2709,245.4,Walgreens,Debit Card,USA,0
2025-10-24 02:52:58.690786,USER_6139,16.06,Amazon,Cash,GER,0
2025-10-24 03:05:35.690786,USER_4537,12.73,Walmart,Cash,AUS,0
2025-10-24 03:08:23.690786,USER_8550,27.91,Walmart,UPI,FRA,0
2025-10-24 03:10:06.690786,USER_2302,8.01,Starbucks,Credit Card,IND,0
2025-10-24 03:18:29.690786,USER_4185,58.65,BestBuy,PayPal,GER,0
2025-10-24 03:20:27.690786,USER_5626,17.1,Starbucks,UPI,FRA,0
2025-10-24 03:22:11.690786,USER_6043,30.91,Walgreens,Credit Card,CAN,0
2025-10-24 03:38:13.690786,USER_4878,159.87,McDonalds,Credit Card,FRA,0
2025-10-24 03:40:38.690786,USER_3579,16.11,Starbucks,Cash,UK,0
2025-10-24 03:43:27.690786,USER_9821,146.46,Starbucks,Credit Card,USA,0
2025-10-24 03:44:39.690786,USER_8448,90.62,BestBuy,Credit Card,USA,0
2025-10-24 04:03:12.690786,USER_1692,31.76,HomeDepot,PayPal,CAN,0
2025-10-24 04:03:31.690786,USER_8452,28.38,HomeDepot,PayPal,FRA,0
2025-10-24 04:13:56.690786,USER_6143,13.98,BP,Credit Card,FRA,0
2025-10-24 04:26:17.690786,USER_7060,90.81,HomeDepot,PayPal,FRA,0
2025-10-24 04:30:34.690786,USER_6103,53.25,Target,Credit Card,GER,0
2025-10-24 04:56:03.690786,USER_2587,75.18,Shell,UPI,JPN,0
2025-10-24 05:02:07.690786,USER_3930,68.68,WholeFoods,UPI,AUS,0
2025-10-24 05:07:41.690786,USER_1343,6.83,Target,Credit Card,CAN,0
2025-10-24 05:09:23.690786,USER_9110,54.36,WholeFoods,Credit Card,GER,0
2025-10-24 05:09:50.690786,USER_6623,18.28,WholeFoods,PayPal,AUS,0
2025-10-24 05:11:10.690786,USER_4526,23.57,Starbucks,Cash,USA,0
2025-10-24 05:23:23.690786,USER_9668,16.87,Walmart,Bank Transfer,AUS,0
2025-10-24 05:31:34.690786,USER_7587,12.58,McDonalds,Bank Transfer,AUS,0
2025-10-24 05:52:44.690786,USER_6331,47.29,Flipkart,Credit Card,IND,0
2025-10-24 05:55:02.690786,USER_5622,37.23,Nike,UPI,UK,0
2025-10-24 06:09:56.690786,USER_2650,46.72,Costco,Bank Transfer,CAN,0
2025-10-24 06:21:57.690786,USER_6021,127.9,Flipkart,PayPal,FRA,0
2025-10-24 06:28:20.690786,USER_2979,49.71,Target,Bank Transfer,AUS,0
2025-10-24 06:41:33.690786,USER_2180,154.04,Flipkart,PayPal,GER,0
2025-10-24 06:55:44.690786,USER_5361,22.3,HomeDepot,UPI,AUS,0
2025-10-24 06:58:49.690786,USER_7672,9.0,Flipkart,Credit Card,GER,1
2025-10-24 06:59:20.690786,USER_7251,28.86,Costco,UPI,USA,0
2025-10-24 06:59:21.690786,USER_8799,68.29,BP,Credit Card,CAN,0
2025-10-24 07:09:59.690786,USER_8923,168.59,BP,UPI,UK,1
2025-10-24 07:10:09.690786,USER_5654,101.47,Shell,UPI,USA,0
2025-10-24 07:27:42.690786,USER_4304,63.13,Shell,Credit Card,IND,0
2025-10-24 08:02:18.690786,USER_7269,88.79,Walgreens,Debit Card,USA,0
2025-10-24 08:10:04.690786,USER_8778,13.1,Flipkart,PayPal,JPN,0
2025-10-24 08:27:42.690786,USER_3425,32.17,CVS,Credit Card,CAN,0
2025-10-24 08:32:22.690786,USER_7344,10.75,Walmart,Bank Transfer,FRA,0
2025-10-24 08:52:13.690786,USER_5881,511.82,Flipkart,PayPal,CAN,0
2025-10-24 08:54:56.690786,USER_9557,67.34,McDonalds,Cash,AUS,0
2025-10-24 09:08:50.690786,USER_7438,304.4,Walgreens,PayPal,GER,0
2025-10-24 09:10:17.690786,USER_5473,28.97,Nike,Cash,USA,0
2025-10-24 09:21:37.690786,USER_7285,141.79,WholeFoods,Bank Transfer,JPN,0
2025-10-24 09:22:08.690786,USER_9529,8.89,CVS,UPI,CAN,0
2025-10-24 09:28:37.690786,USER_8752,10.89,HomeDepot,Bank Transfer,IND,0
2025-10-24 09:30:00.690786,USER_3161,31.97,HomeDepot,PayPal,JPN,0
2025-10-24 09:45:50.690786,USER_3032,33.21,McDonalds,UPI,IND,0
2025-10-24 09:53:47.690786,USER_7100,255.65,Shell,UPI,IND,0
2025-10-24 09:57:06.690786,USER_1618,54.39,Walgreens,Cash,JPN,0
2025-10-24 10:02:51.690786,USER_2636,49.87,WholeFoods,Bank Transfer,USA,0
2025-10-24 10:22:13.690786,USER_6045,5.3,CVS,UPI,UK,1
2025-10-24 10:30:41.690786,USER_8310,90.96,HomeDepot,Credit Card,UK,0
2025-10-24 10:31:40.690786,USER_3319,92.14,Starbucks,Debit Card,FRA,0
2025-10-24 10:36:20.690786,USER_5337,23.68,Starbucks,Debit Card,FRA,0
2025-10-24 10:52:57.690786,USER_6007,74.17,Walgreens,Cash,UK,0
2025-10-24 10:58:29.690786,USER_7633,369.53,Flipkart,Cash,AUS,0
2025-10-24 11:02:36.690786,USER_4671,48.47,Amazon,UPI,JPN,0
2025-10-24 11:25:38.690786,USER_2311,114.32,Nike,UPI,USA,0
2025-10-24 11:27:32.690786,USER_1491,45.5,HomeDepot,PayPal,GER,0
2025-10-24 11:27:33.690786,USER_7358,59.18,Nike,Cash,FRA,0
2025-10-24 11:27:45.690786,USER_3549,551.36,Starbucks,Cash,JPN,0
2025-10-24 11:29:23.690786,USER_1100,14.79,BP,Bank Transfer,CAN,0
2025-10-24 11:48:57.690786,USER_1203,8.95,BestBuy,Debit Card,FRA,0
2025-10-24 11:58:19.690786,USER_7465,5.2,WholeFoods,Cash,FRA,0
2025-10-24 12:04:23.690786,USER_8964,25.67,Walmart,PayPal,GER,0
2025-10-24 12:05:30.690786,USER_4371,8.93,Nike,Debit Card,JPN,0
2025-10-24 12:11:12.690786,USER_8259,51.11,BP,PayPal,AUS,0
2025-10-24 12:15:12.690786,USER_3177,21.17,WholeFoods,Credit Card,FRA,0
2025-10-24 12:25:18.690786,USER_5825,7.26,Nike,Cash,GER,0
2025-10-24 12:28:17.690786,USER_8653,23.53,Amazon,UPI,JPN,0
2025-10-24 12:31:30.690786,USER_8688,115.13,Walgreens,Credit Card,JPN,0
2025-10-24 12:41:23.690786,USER_7150,25.38,Amazon,Bank Transfer,UK,0
2025-10-24 13:04:14.690786,USER_5667,105.78,WholeFoods,Cash,UK,0
2025-10-24 13:08:57.690786,USER_4638,8.78,BestBuy,Debit Card,JPN,0
2025-10-24 13:15:49.690786,USER_1060,113.9,BP,UPI,FRA,0
2025-10-24 13:22:56.690786,USER_5253,11.56,McDonalds,Bank Transfer,FRA,0
2025-10-24 13:32:58.690786,USER_1195,6.04,Walgreens,PayPal,UK,0
2025-10-24 13:38:18.690786,USER_7829,41.62,BP,Cash,UK,0
2025-10-24 13:40:02.690786,USER_1345,51.76,Amazon,Bank Transfer,IND,0
2025-10-24 13:50:04.690786,USER_8489,42.22,BestBuy,Bank Transfer,CAN,0
2025-10-24 14:06:02.690786,USER_9875,14.33,Starbucks,Credit Card,UK,0
2025-10-24 14:08:09.690786,USER_3873,36.87,BestBuy,UPI,IND,0
2025-10-24 14:08:24.690786,USER_2457,66.26,WholeFoods,Cash,USA,0
2025-10-24 14:32:32.690786,USER_5859,236.52,Walmart,Bank Transfer,JPN,0
2025-10-24 14:52:10.690786,USER_1895,31.07,Shell,UPI,AUS,0
2025-10-24 15:08:40.690786,USER_3435,57.15,Shell,UPI,FRA,0
2025-10-24 15:14:21.690786,USER_1871,88.62,Target,UPI,USA,0
2025-10-24 15:21:56.690786,USER_6254,63.22,Walmart,Credit Card,FRA,0
2025-10-24 15:42:22.690786,USER_8546,58.7,McDonalds,PayPal,IND,0
2025-10-24 15:42:34.690786,USER_5573,84.8,Starbucks,Cash,AUS,0
2025-10-24 15:50:51.690786,USER_5289,34.72,BP,Bank Transfer,FRA,0
2025-10-24 16:19:18.690786,USER_6285,5.69,Walgreens,Bank Transfer,UK,0
2025-10-24 16:19:19.690786,USER_5640,46.15,BestBuy,Bank Transfer,IND,0
2025-10-24 16:23:07.690786,USER_3651,1329.07,CVS,Cash,JPN,0
2025-10-24 16:41:41.690786,USER_9342,37.49,CVS,Debit Card,IND,0
2025-10-24 17:03:06.690786,USER_2904,31.72,Walmart,Bank Transfer,FRA,0
2025-10-24 17:07:26.690786,USER_2915,129.09,Nike,Credit Card,GER,0
2025-10-24 17:20:13.690786,USER_7447,114.06,Flipkart,Credit Card,GER,0
2025-10-24 17:54:27.690786,USER_6488,56.46,Walgreens,Credit Card,IND,0
2025-10-24 18:17:17.690786,USER_4433,25.57,Starbucks,Credit Card,USA,0
2025-10-24 18:40:11.690786,USER_3427,50.55,BP,Credit Card,CAN,0
2025-10-24 18:42:23.690786,USER_5365,12.63,Flipkart,UPI,AUS,0
2025-10-24 18:49:12.690786,USER_2038,32.55,Walmart,Bank Transfer,USA,0
2025-10-24 18:57:10.690786,USER_8755,43.59,BP,UPI,FRA,0
2025-10-24 18:59:44.690786,USER_8437,2.32,Amazon,PayPal,UK,0
2025-10-24 19:04:45.690786,USER_2350,37.23,Walgreens,Cash,AUS,0
2025-10-24 19:25:58.690786,USER_2909,57.95,CVS,Cash,UK,0
2025-10-24 19:27:15.690786,USER_2492,41.42,Shell,PayPal,AUS,0
2025-10-24 19:29:38.690786,USER_8987,68.21,Nike,PayPal,JPN,0
2025-10-24 19:48:06.690786,USER_4552,17.09,Starbucks,Credit Card,USA,0
2025-10-24 19:58:41.690786,USER_1051,90.7,Amazon,PayPal,USA,0
2025-10-24 20:03:00.690786,USER_2065,331.77,Target,Debit Card,USA,1
2025-10-24 20:04:46.690786,USER_5650,43.04,Flipkart,Credit Card,FRA,0
2025-10-24 20:08:48.690786,USER_5643,19.1,Starbucks,Cash,UK,0
2025-10-24 20:10:05.690786,USER_8808,31.21,HomeDepot,Cash,IND,0
2025-10-24 20:12:37.690786,USER_3864,2.83,Shell,Cash,IND,0
2025-10-24 20:13:53.690786,USER_3044,107.06,Starbucks,UPI,JPN,0
2025-10-24 20:25:02.690786,USER_6303,24.56,Starbucks,Bank Transfer,GER,0
2025-10-24 20:29:29.690786,USER_5788,76.43,Starbucks,UPI,IND,0
2025-10-24 20:37:17.690786,USER_6618,57.36,Flipkart,PayPal,UK,0
2025-10-24 20:40:20.690786,USER_8972,30.97,Costco,Cash,JPN,1
2025-10-24 20:54:48.690786,USER_7819,37.25,Nike,UPI,IND,0
2025-10-24 20:57:52.690786,USER_2082,5.12,Target,Debit Card,USA,0
2025-10-24 21:12:11.690786,USER_8002,18.58,Walgreens,Credit Card,IND,0
2025-10-24 21:37:33.690786,USER_7219,26.39,CVS,Debit Card,IND,0
2025-10-24 21:37:53.690786,USER_9797,36.31,McDonalds,PayPal,CAN,0
2025-10-24 21:39:16.690786,USER_7346,64.19,Nike,Bank Transfer,FRA,0
2025-10-24 21:42:20.690786,USER_7591,120.01,Costco,Credit Card,GER,0
2025-10-24 21:46:22.690786,USER_1893,51.54,Starbucks,Debit Card,UK,0
2025-10-24 21:57:37.690786,USER_1939,8.7,WholeFoods,PayPal,IND,0
2025-10-24 22:07:38.690786,USER_9055,18.97,Costco,Debit Card,GER,0
2025-10-24 22:11:57.690786,USER_1173,25.2,BestBuy,Credit Card,FRA,0
2025-10-24 22:17:46.690786,USER_1067,67.82,Amazon,PayPal,JPN,0
2025-10-24 22:18:11.690786,USER_8357,247.56,Target,Bank Transfer,USA,0
2025-10-24 22:21:36.690786,USER_8602,6.99,Flipkart,Credit Card,UK,0
2025-10-24 22:26:52.690786,USER_2565,61.66,BestBuy,Debit Card,IND,0
2025-10-24 22:28:10.690786,USER_4510,28.42,WholeFoods,Credit Card,FRA,0
2025-10-24 22:35:01.690786,USER_1804,3.8,CVS,Credit Card,JPN,0
2025-10-24 22:49:57.690786,USER_3089,7.63,BP,Bank Transfer,USA,0
2025-10-24 22:52:30.690786,USER_6644,9.05,Nike,UPI,UK,0
2025-10-24 23:40:33.690786,USER_7810,19.39,WholeFoods,Cash,USA,0
2025-10-24 23:56:30.690786,USER_1206,146.26,Nike,Bank Transfer,USA,0
2025-10-25 00:03:03.690786,USER_3128,19.22,Costco,Credit Card,CAN,0
2025-10-25 00:06:59.690786,USER_7768,48.87,Walmart,UPI,JPN,0
2025-10-25 00:22:21.690786,USER_7370,74.08,Costco,UPI,JPN,0
2025-10-25 00:22:37.690786,USER_9189,53.22,BestBuy,Cash,CAN,0
2025-10-25 00:24:59.690786,USER_3064,10.15,Walmart,Bank Transfer,FRA,0
2025-10-25 00:33:38.690786,USER_7373,82.52,Target,Credit Card,UK,0
2025-10-25 00:37:23.690786,USER_7458,17.13,Nike,Bank Transfer,UK,0
2025-10-25 00:42:21.690786,USER_6633,54.04,Starbucks,Cash,CAN,0
2025-10-25 00:49:39.690786,USER_9858,50.42,HomeDepot,Cash,IND,0
2025-10-25 01:02:12.690786,USER_8932,23.73,Shell,Debit Card,GER,0
2025-10-25 01:35:51.690786,USER_2073,89.63,HomeDepot,Credit Card,FRA,0
2025-10-25 01:42:26.690786,USER_7484,200.9,Starbucks,UPI,UK,0
2025-10-25 01:48:19.690786,USER_2972,43.51,BestBuy,UPI,IND,0
2025-10-25 01:53:03.690786,USER_6751,23.26,Walgreens,PayPal,USA,0
2025-10-25 02:09:55.690786,USER_5213,23.54,Flipkart,Credit Card,CAN,0
2025-10-25 02:22:48.690786,USER_2256,24.45,BP,Cash,UK,0
2025-10-25 02:31:18.690786,USER_1448,179.93,Nike,UPI,AUS,0
2025-10-25 02:36:43.690786,USER_6329,3.85,HomeDepot,Bank Transfer,UK,0
2025-10-25 02:37:26.690786,USER_1231,17.35,Nike,UPI,AUS,0
2025-10-25 02:37:52.690786,USER_7304,33.32,Flipkart,Credit Card,CAN,0
2025-10-25 02:43:31.690786,USER_2015,69.74,Walmart,Debit Card,UK,0
2025-10-25 03:09:41.690786,USER_8863,28.91,Costco,Bank Transfer,GER,0
2025-10-25 03:17:28.690786,USER_4463,147.86,Starbucks,Bank Transfer,USA,0
2025-10-25 03:21:15.690786,USER_7235,29.96,Starbucks,Credit Card,UK,0
2025-10-25 03:25:11.690786,USER_4704,103.4,Target,Debit Card,CAN,0
2025-10-25 03:26:32.690786,USER_3545,31.3,BP,Cash,UK,0
2025-10-25 03:40:56.690786,USER_2032,232.67,Costco,Debit Card,FRA,0
2025-10-25 03:47:30.690786,USER_2582,65.79,Shell,Debit Card,UK,0
2025-10-25 03:51:38.690786,USER_8740,193.52,BestBuy,PayPal,JPN,0
2025-10-25 03:54:28.690786,USER_8711,23.99,HomeDepot,UPI,CAN,0
2025-10-25 04:21:41.690786,USER_1604,35.92,Walmart,Credit Card,USA,0
2025-10-25 04:41:57.690786,USER_3794,22.6,Nike,UPI,AUS,0
2025-10-25 04:50:40.690786,USER_4182,12.14,McDonalds,Bank Transfer,GER,0
2025-10-25 04:57:29.690786,USER_2218,11.85,Costco,PayPal,USA,0
2025-10-25 05:00:49.690786,USER_9765,74.7,BP,Credit Card,UK,0
2025-10-25 05:06:39.690786,USER_2481,35.01,McDonalds,PayPal,UK,0
2025-10-25 05:23:25.690786,USER_4562,79.12,Shell,Debit Card,FRA,0
2025-10-25 05:31:10.690786,USER_8719,37.98,CVS,Debit Card,CAN,0
2025-10-25 05:34:16.690786,USER_4251,6.63,BP,PayPal,IND,0
2025-10-25 05:39:47.690786,USER_7745,121.87,Shell,Cash,GER,0
2025-10-25 05:48:05.690786,USER_4102,33.4,BestBuy,Cash,JPN,0
2025-10-25 06:01:48.690786,USER_8499,15.69,BestBuy,Cash,GER,0
2025-10-25 06:43:08.690786,USER_3535,185.32,Starbucks,Credit Card,USA,0
2025-10-25 06:55:23.690786,USER_8364,11.99,BP,PayPal,CAN,0
2025-10-25 06:57:03.690786,USER_7403,8.32,Target,Credit Card,GER,0
2025-10-25 07:26:23.690786,USER_7479,12.79,Nike,Credit Card,IND,0
2025-10-25 07:53:01.690786,USER_7407,130.73,Costco,Cash,FRA,0
2025-10-25 07:53:43.690786,USER_8106,17.12,Shell,Debit Card,GER,0
2025-10-25 08:01:40.690786,USER_3198,16.8,Starbucks,Bank Transfer,UK,0
2025-10-25 08:05:31.690786,USER_6067,6.8,Nike,PayPal,CAN,0
2025-10-25 08:27:36.690786,USER_8359,34.32,Shell,Debit Card,FRA,0
2025-10-25 08:33:45.690786,USER_4032,42.85,Costco,PayPal,JPN,0
2025-10-25 08:56:47.690786,USER_7563,12.55,Shell,Cash,AUS,0
2025-10-25 09:03:47.690786,USER_7569,17.06,Flipkart,Debit Card,JPN,0
2025-10-25 09:22:33.690786,USER_9673,14.24,Walmart,UPI,CAN,0
2025-10-25 10:03:39.690786,USER_2196,51.48,HomeDepot,Credit Card,IND,0
2025-10-25 10:04:46.690786,USER_9121,8.53,Flipkart,Credit Card,IND,0
2025-10-25 10:09:45.690786,USER_9987,15.69,Flipkart,Credit Card,UK,0
2025-10-25 10:25:21.690786,USER_3871,25.59,Amazon,Cash,CAN,0
2025-10-25 10:35:54.690786,USER_4093,73.67,Starbucks,Credit Card,UK,0
2025-10-25 10:43:46.690786,USER_2848,7.37,McDonalds,UPI,GER,0
2025-10-25 10:49:02.690786,USER_2281,220.03,BestBuy,Cash,AUS,1
2025-10-25 11:02:44.690786,USER_4325,13.31,McDonalds,PayPal,FRA,0
2025-10-25 11:19:07.690786,USER_8014,5.38,Walgreens,UPI,USA,0
2025-10-25 11:25:18.690786,USER_1580,36.65,BestBuy,Cash,UK,0
2025-10-25 11:29:05.690786,USER_5958,36.68,CVS,Cash,FRA,0
2025-10-25 11:30:15.690786,USER_3415,16.33,Flipkart,Credit Card,FRA,0
2025-10-25 11:38:47.690786,USER_1994,7.46,Costco,UPI,UK,0
2025-10-25 11:42:27.690786,USER_1849,10.39,HomeDepot,Debit Card,CAN,0
2025-10-25 11:53:50.690786,USER_1476,257.94,BestBuy,Debit Card,UK,1
2025-10-25 11:59:17.690786,USER_3161,92.27,Amazon,UPI,UK,0
2025-10-25 12:09:53.690786,USER_8036,17.62,BP,Credit Card,JPN,0
2025-10-25 12:12:37.690786,USER_3799,77.48,BP,PayPal,UK,0
2025-10-25 12:37:18.690786,USER_7331,3.35,McDonalds,UPI,IND,0
2025-10-25 12:53:13.690786,USER_1606,2.31,Amazon,Bank Transfer,UK,0
2025-10-25 12:58:08.690786,USER_7581,131.07,Costco,Debit Card,AUS,0
2025-10-25 12:58:32.690786,USER_2692,58.12,Shell,Debit Card,GER,0
2025-10-25 13:06:58.690786,USER_9291,2.74,Costco,Credit Card,AUS,0
2025-10-25 13:11:35.690786,USER_1347,24.74,McDonalds,UPI,UK,0
2025-10-25 13:15:23.690786,USER_6282,30.73,WholeFoods,Bank Transfer,JPN,0
2025-10-25 13:26:59.690786,USER_9622,11.99,CVS,Credit Card,USA,0
2025-10-25 13:27:24.690786,USER_3204,53.1,BP,Cash,UK,0
2025-10-25 13:53:10.690786,USER_4758,144.89,HomeDepot,Credit Card,GER,0
2025-10-25 14:48:13.690786,USER_1495,48.03,Target,PayPal,IND,0
2025-10-25 14:50:00.690786,USER_7462,10.3,Amazon,PayPal,JPN,0
2025-10-25 14:54:28.690786,USER_7387,5.91,Amazon,Bank Transfer,JPN,0
2025-10-25 14:55:40.690786,USER_8558,16.53,McDonalds,Cash,IND,0
2025-10-25 15:00:30.690786,USER_4107,2.06,Costco,Credit Card,UK,0
2025-10-25 15:03:16.690786,USER_8960,68.6,BestBuy,Debit Card,UK,0
2025-10-25 15:07:07.690786,USER_6824,9.29,McDonalds,Debit Card,UK,0
2025-10-25 15:10:50.690786,USER_6572,8.4,WholeFoods,Bank Transfer,UK,0
2025-10-25 15:16:12.690786,USER_4739,70.86,CVS,UPI,JPN,0
2025-10-25 15:30:16.690786,USER_9363,36.53,Walmart,UPI,AUS,0
2025-10-25 15:35:16.690786,USER_4144,6.77,Walmart,Debit Card,UK,0
2025-10-25 15:41:55.690786,USER_1719,167.55,Amazon,PayPal,IND,0
2025-10-25 15:42:04.690786,USER_4925,17.2,Walgreens,Credit Card,USA,0
2025-10-25 15:44:16.690786,USER_6718,4.95,CVS,Debit Card,CAN,0
2025-10-25 15:56:26.690786,USER_3354,12.25,Nike,Debit Card,USA,0
2025-10-25 16:15:27.690786,USER_3315,17.33,Walmart,Cash,FRA,0
2025-10-25 16:18:44.690786,USER_5835,3.49,Flipkart,Credit Card,CAN,0
2025-10-25 16:49:20.690786,USER_5995,31.75,Costco,Debit Card,UK,0
2025-10-25 16:52:46.690786,USER_6629,433.86,Walmart,PayPal,CAN,1
2025-10-25 17:10:14.690786,USER_4057,5.38,HomeDepot,Credit Card,CAN,0
2025-10-25 17:16:40.690786,USER_7564,18.63,Target,Debit Card,AUS,0
2025-10-25 17:21:47.690786,USER_9748,5.07,BestBuy,Credit Card,IND,0
2025-10-25 17:39:53.690786,USER_9570,375.53,HomeDepot,Cash,GER,0
2025-10-25 17:41:35.690786,USER_2744,68.99,Starbucks,PayPal,AUS,0
2025-10-25 17:57:14.690786,USER_4946,16.19,McDonalds,UPI,USA,0
2025-10-25 18:02:16.690786,USER_8503,38.34,Shell,Bank Transfer,GER,0
2025-10-25 18:12:10.690786,USER_9401,20.92,Walgreens,Bank Transfer,FRA,0
2025-10-25 18:14:47.690786,USER_4373,111.2,Walmart,PayPal,GER,0
2025-10-25 18:18:08.690786,USER_6111,14.72,BestBuy,Debit Card,UK,0
2025-10-25 18:40:24.690786,USER_8884,392.64,Flipkart,Debit Card,FRA,0
2025-10-25 18:42:36.690786,USER_1209,10.2,HomeDepot,UPI,IND,0
2025-10-25 19:06:07.690786,USER_3370,16.55,Target,Debit Card,USA,0
2025-10-25 19:06:10.690786,USER_6183,18.55,Nike,Debit Card,AUS,0
2025-10-25 19:34:30.690786,USER_6759,16.83,Walgreens,Debit Card,IND,0
2025-10-25 19:42:21.690786,USER_2742,9.25,Target,UPI,FRA,0
2025-10-25 19:49:27.690786,USER_5953,5.03,Shell,Bank Transfer,GER,0
2025-10-25 20:04:02.690786,USER_3105,15.33,HomeDepot,Credit Card,JPN,0
2025-10-25 20:11:39.690786,USER_4310,81.98,Walmart,Credit Card,UK,0
2025-10-25 20:19:14.690786,USER_1076,41.84,Amazon,Credit Card,USA,0
2025-10-25 20:27:02.690786,USER_2449,100.63,Nike,Debit Card,AUS,0
2025-10-25 21:00:07.690786,USER_8755,6.67,BestBuy,Debit Card,GER,0
2025-10-25 21:20:40.690786,USER_1993,12.44,CVS,PayPal,AUS,0
2025-10-25 21:29:27.690786,USER_6727,19.16,Shell,Bank Transfer,GER,0
2025-10-25 21:55:33.690786,USER_6521,410.56,Walmart,UPI,UK,1
2025-10-25 22:14:26.690786,USER_7139,72.34,Costco,Bank Transfer,JPN,0
2025-10-25 22:22:08.690786,USER_3430,2.55,CVS,PayPal,IND,0
2025-10-25 22:31:14.690786,USER_1785,18.43,Nike,Credit Card,IND,0
2025-10-25 22:33:50.690786,USER_6176,54.86,Shell,Cash,UK,0
2025-10-25 23:13:24.690786,USER_6189,29.12,BP,UPI,IND,0
2025-10-25 23:16:08.690786,USER_3213,4.68,Shell,PayPal,UK,0
2025-10-25 23:29:56.690786,USER_1931,84.27,WholeFoods,PayPal,UK,0
2025-10-25 23:33:37.690786,USER_1293,104.21,Target,PayPal,UK,0
2025-10-25 23:40:08.690786,USER_9780,44.77,BestBuy,UPI,CAN,0
2025-10-26 00:03:24.690786,USER_9197,34.96,Costco,Credit Card,JPN,0
2025-10-26 00:08:12.690786,USER_4323,70.78,Flipkart,Bank Transfer,AUS,0
2025-10-26 00:30:09.690786,USER_6947,60.07,McDonalds,PayPal,CAN,0
2025-10-26 00:43:54.690786,USER_2393,24.39,Walgreens,Bank Transfer,USA,0
2025-10-26 01:06:03.690786,USER_2503,17.97,Walmart,Credit Card,CAN,0
2025-10-26 01:19:24.690786,USER_9364,192.25,Target,PayPal,UK,0
2025-10-26 01:24:32.690786,USER_4452,7.51,WholeFoods,UPI,USA,0
2025-10-26 01:34:48.690786,USER_1040,189.23,McDonalds,UPI,AUS,0
2025-10-26 01:38:25.690786,USER_9495,306.93,Walgreens,Cash,UK,1
2025-10-26 01:39:50.690786,USER_6285,15.17,McDonalds,Debit Card,CAN,0
2025-10-26 01:45:55.690786,USER_5448,50.19,HomeDepot,Debit Card,USA,0
2025-10-26 01:55:58.690786,USER_6231,245.38,Amazon,Cash,USA,0
2025-10-26 01:59:42.690786,USER_8516,16.32,Flipkart,Bank Transfer,CAN,0
2025-10-26 02:02:37.690786,USER_2616,20.32,Shell,Debit Card,GER,0
2025-10-26 02:02:45.690786,USER_7420,95.14,Starbucks,PayPal,IND,0
2025-10-26 02:03:36.690786,USER_1977,6.13,Shell,Debit Card,UK,0
2025-10-26 02:10:48.690786,USER_6113,153.43,McDonalds,PayPal,IND,0
2025-10-26 02:17:55.690786,USER_2062,148.92,Shell,Cash,USA,0
2025-10-26 02:19:31.690786,USER_9943,23.23,Flipkart,Credit Card,GER,0
2025-10-26 02:23:08.690786,USER_9992,16.41,Walgreens,PayPal,FRA,0
2025-10-26 02:26:41.690786,USER_8423,6.13,Target,Bank Transfer,UK,0
2025-10-26 02:33:50.690786,USER_4666,58.96,Nike,Cash,UK,0
2025-10-26 02:53:07.690786,USER_5380,32.08,Target,Debit Card,CAN,0
2025-10-26 03:01:23.690786,USER_7908,48.53,WholeFoods,Debit Card,UK,0
2025-10-26 03:27:34.690786,USER_4318,10.41,Costco,Bank Transfer,JPN,0
2025-10-26 03:31:28.690786,USER_4818,12.01,Costco,Debit Card,IND,0
2025-10-26 03:36:13.690786,USER_6095,76.82,Starbucks,Debit Card,USA,0
2025-10-26 03:40:11.690786,USER_1425,30.06,BP,Bank Transfer,JPN,0
2025-10-26 03:42:48.690786,USER_8648,9.0,Flipkart,Debit Card,JPN,0
2025-10-26 03:49:11.690786,USER_8501,56.67,BestBuy,Cash,USA,0
2025-10-26 04:01:07.690786,USER_3450,70.16,Amazon,Bank Transfer,CAN,0
2025-10-26 04:23:01.690786,USER_1201,53.25,McDonalds,Bank Transfer,UK,0
2025-10-26 04:31:52.690786,USER_3084,19.78,BP,UPI,IND,1
2025-10-26 04:37:37.690786,USER_9313,554.96,Costco,Cash,CAN,0
2025-10-26 04:54:49.690786,USER_2942,31.38,CVS,Debit Card,FRA,0
2025-10-26 05:05:13.690786,USER_5942,7.39,Costco,UPI,GER,0
2025-10-26 05:11:25.690786,USER_1289,118.15,Nike,Bank Transfer,USA,0
2025-10-26 05:22:43.690786,USER_7869,91.48,Walmart,Bank Transfer,GER,0
2025-10-26 05:24:50.690786,USER_7899,7.67,Walmart,Bank Transfer,FRA,0
2025-10-26 05:50:17.690786,USER_4454,39.43,CVS,UPI,UK,0
2025-10-26 06:16:28.690786,USER_9515,117.29,Costco,Credit Card,JPN,0
2025-10-26 06:19:17.690786,USER_6395,3.47,Nike,Credit Card,GER,0
2025-10-26 06:24:11.690786,USER_3999,134.86,Flipkart,Debit Card,FRA,0
2025-10-26 06:33:55.690786,USER_3631,22.25,McDonalds,PayPal,GER,0
2025-10-26 06:49:24.690786,USER_1840,29.4,WholeFoods,Debit Card,CAN,0
2025-10-26 06:52:08.690786,USER_2808,32.37,Flipkart,Cash,GER,0
2025-10-26 06:58:52.690786,USER_5985,47.98,BestBuy,Credit Card,FRA,0
2025-10-26 07:12:42.690786,USER_7750,7.3,McDonalds,UPI,AUS,0
2025-10-26 07:20:20.690786,USER_5244,8.26,McDonalds,Bank Transfer,IND,0
2025-10-26 07:21:53.690786,USER_6427,13.55,Shell,Credit Card,IND,0
2025-10-26 07:38:24.690786,USER_5256,63.85,Shell,UPI,JPN,0
2025-10-26 07:49:51.690786,USER_7277,93.0,Walgreens,Bank Transfer,FRA,1
2025-10-26 07:56:09.690786,USER_5882,64.5,WholeFoods,UPI,CAN,0
2025-10-26 08:43:46.690786,USER_8306,41.87,Shell,Cash,JPN,0
2025-10-26 08:44:33.690786,USER_2686,731.91,HomeDepot,UPI,FRA,1
2025-10-26 08:58:15.690786,USER_8531,54.08,Walgreens,PayPal,AUS,0
2025-10-26 08:59:27.690786,USER_1289,13.63,Target,Cash,IND,0
2025-10-26 09:01:20.690786,USER_4519,171.51,Walgreens,Bank Transfer,UK,0
2025-10-26 09:04:47.690786,USER_9836,3.66,Starbucks,Credit Card,JPN,0
2025-10-26 09:08:40.690786,USER_3142,7.85,Amazon,UPI,CAN,0
2025-10-26 09:10:42.690786,USER_2910,26.42,Walgreens,Debit Card,CAN,0
2025-10-26 09:25:01.690786,USER_8539,109.5,Amazon,UPI,UK,1
2025-10-26 09:45:47.690786,USER_9237,43.4,Shell,Debit Card,FRA,0
2025-10-26 10:23:24.690786,USER_6575,17.55,CVS,PayPal,CAN,0
2025-10-26 10:31:11.690786,USER_7541,12.17,Nike,PayPal,AUS,0
2025-10-26 10:34:12.690786,USER_9722,4.35,HomeDepot,Debit Card,UK,0
2025-10-26 10:38:25.690786,USER_4943,5.62,WholeFoods,Debit Card,USA,0
2025-10-26 10:39:36.690786,USER_5249,42.07,HomeDepot,Credit Card,FRA,0
2025-10-26 10:40:43.690786,USER_2763,46.75,Walmart,Bank Transfer,USA,0
2025-10-26 10:45:59.690786,USER_6820,5.38,BP,PayPal,CAN,0
2025-10-26 10:46:42.690786,USER_7358,3.12,Starbucks,Debit Card,CAN,0
2025-10-26 11:00:59.690786,USER_6339,247.95,Flipkart,UPI,JPN,0
2025-10-26 11:01:03.690786,USER_8433,50.38,BP,PayPal,GER,0
2025-10-26 11:09:25.690786,USER_3332,6.0,BP,Credit Card,JPN,0
2025-10-26 11:13:53.690786,USER_4087,60.21,Shell,UPI,UK,0
2025-10-26 11:34:28.690786,USER_3190,0.98,Walgreens,PayPal,JPN,0
2025-10-26 11:38:30.690786,USER_7947,1.89,Flipkart,UPI,IND,0
2025-10-26 11:45:04.690786,USER_4783,31.77,Walgreens,UPI,USA,0
2025-10-26 13:02:03.690786,USER_1477,51.47,Target,Debit Card,AUS,0
2025-10-26 13:36:32.690786,USER_4393,70.84,Amazon,UPI,GER,1
2025-10-26 13:45:15.690786,USER_8517,51.11,Walmart,Bank Transfer,FRA,0
2025-10-26 13:55:08.690786,USER_1909,4.29,McDonalds,UPI,USA,0
2025-10-26 13:57:38.690786,USER_8876,36.16,BP,Debit Card,GER,0
2025-10-26 13:59:37.690786,USER_3753,149.38,Shell,Credit Card,UK,0
2025-10-26 14:11:11.690786,USER_6533,11.84,Flipkart,Cash,JPN,0
2025-10-26 14:23:24.690786,USER_1732,439.62,WholeFoods,Cash,FRA,0
2025-10-26 14:25:03.690786,USER_5366,11.27,Flipkart,PayPal,AUS,0
2025-10-26 14:32:29.690786,USER_5314,13.36,Nike,PayPal,JPN,0
2025-10-26 15:03:43.690786,USER_3238,92.68,Shell,PayPal,CAN,0
2025-10-26 15:08:55.690786,USER_6729,167.51,Flipkart,PayPal,UK,0
2025-10-26 15:14:20.690786,USER_8292,42.58,BestBuy,UPI,FRA,0
2025-10-26 15:16:13.690786,USER_6192,53.97,BP,Debit Card,FRA,0
2025-10-26 15:28:25.690786,USER_6603,61.31,Walmart,PayPal,AUS,0
2025-10-26 15:31:22.690786,USER_4804,43.86,CVS,Bank Transfer,UK,0
2025-10-26 15:42:55.690786,USER_1981,49.68,Target,UPI,AUS,0
2025-10-26 15:45:58.690786,USER_8211,27.1,BestBuy,UPI,AUS,0
2025-10-26 15:56:55.690786,USER_8778,110.16,BestBuy,PayPal,CAN,0
2025-10-26 15:58:46.690786,USER_3764,10.61,Amazon,Bank Transfer,CAN,0
2025-10-26 16:05:46.690786,USER_5994,30.72,Amazon,PayPal,UK,0
2025-10-26 16:15:46.690786,USER_8999,316.85,McDonalds,PayPal,GER,0
2025-10-26 16:21:08.690786,USER_1601,10.71,Walgreens,Bank Transfer,AUS,0
2025-10-26 16:25:25.690786,USER_4212,24.1,Walmart,Credit Card,UK,0
2025-10-26 16:26:05.690786,USER_1691,54.82,WholeFoods,Debit Card,CAN,0
2025-10-26 16:29:08.690786,USER_7706,13.37,CVS,Debit Card,GER,0
2025-10-26 16:31:50.690786,USER_9220,3.85,Starbucks,Cash,AUS,0
2025-10-26 16:46:55.690786,USER_6758,28.34,McDonalds,PayPal,IND,0
2025-10-26 16:47:54.690786,USER_6437,21.41,HomeDepot,PayPal,GER,0
2025-10-26 17:23:19.690786,USER_8807,14.26,BP,Debit Card,GER,0
2025-10-26 17:31:10.690786,USER_5411,16.58,Flipkart,Cash,FRA,0
2025-10-26 17:32:41.690786,USER_1155,6.44,CVS,Bank Transfer,AUS,0
2025-10-26 17:53:18.690786,USER_6553,3.47,Starbucks,Cash,FRA,0
2025-10-26 18:00:12.690786,USER_8052,9.9,Flipkart,Bank Transfer,IND,0
2025-10-26 18:01:40.690786,USER_7018,10.16,Target,Cash,GER,0
2025-10-26 18:14:09.690786,USER_5981,23.01,Shell,Cash,AUS,0
2025-10-26 18:18:52.690786,USER_1605,48.22,McDonalds,UPI,GER,0
2025-10-26 18:38:27.690786,USER_1306,36.34,WholeFoods,Bank Transfer,FRA,0
2025-10-26 18:41:40.690786,USER_2687,14.17,HomeDepot,UPI,IND,0
2025-10-26 18:56:02.690786,USER_9747,21.72,CVS,Debit Card,JPN,0
2025-10-26 18:58:24.690786,USER_2085,33.09,Amazon,PayPal,UK,0
2025-10-26 19:12:48.690786,USER_9856,48.8,Amazon,PayPal,USA,0
2025-10-26 19:15:53.690786,USER_7746,65.7,Costco,Debit Card,FRA,0
2025-10-26 19:21:36.690786,USER_3337,23.67,Amazon,UPI,GER,0
2025-10-26 19:31:21.690786,USER_4028,65.22,WholeFoods,PayPal,IND,0
2025-10-26 19:39:12.690786,USER_4437,105.41,Walgreens,UPI,CAN,0
2025-10-26 19:49:23.690786,USER_7997,1.66,Shell,UPI,FRA,0
2025-10-26 19:54:59.690786,USER_8817,20.68,CVS,PayPal,AUS,0
2025-10-26 20:10:41.690786,USER_2270,6.66,Costco,Bank Transfer,IND,0
2025-10-26 20:10:51.690786,USER_7271,88.35,Starbucks,Cash,FRA,0
2025-10-26 20:18:31.690786,USER_5827,13.41,Nike,Bank Transfer,FRA,0
2025-10-26 20:19:20.690786,USER_5663,127.13,HomeDepot,Cash,UK,0
2025-10-26 20:31:10.690786,USER_7474,9.31,Target,Debit Card,USA,0
2025-10-26 20:49:00.690786,USER_3860,100.83,Walgreens,UPI,CAN,0
2025-10-26 20:50:26.690786,USER_6620,43.29,BestBuy,UPI,AUS,0
2025-10-26 20:55:00.690786,USER_2925,74.22,Target,Cash,USA,0
2025-10-26 21:01:10.690786,USER_7055,11.5,Costco,Cash,CAN,0
2025-10-26 21:15:44.690786,USER_5949,65.55,McDonalds,UPI,FRA,0
2025-10-26 21:46:01.690786,USER_6465,277.26,WholeFoods,Cash,GER,1
2025-10-26 22:00:37.690786,USER_9788,4.39,CVS,Credit Card,USA,0
2025-10-26 22:30:12.690786,USER_5468,40.86,Starbucks,Cash,AUS,0
2025-10-26 22:46:09.690786,USER_5902,41.36,Shell,UPI,IND,0
2025-10-26 22:47:52.690786,USER_5871,12.93,Target,PayPal,UK,0
2025-10-26 22:47:54.690786,USER_8709,270.29,Walgreens,Credit Card,AUS,0
2025-10-26 22:52:59.690786,USER_9990,171.34,Starbucks,Bank Transfer,JPN,0
2025-10-26 23:18:02.690786,USER_4757,33.52,WholeFoods,Cash,FRA,0
2025-10-26 23:27:03.690786,USER_8025,44.78,Nike,PayPal,USA,0
2025-10-26 23:32:03.690786,USER_5315,10.42,Flipkart,PayPal,USA,0
2025-10-26 23:36:28.690786,USER_7436,76.36,Walgreens,Cash,JPN,0
2025-10-26 23:53:34.690786,USER_4005,50.25,Shell,UPI,JPN,0
2025-10-27 00:07:43.690786,USER_2253,60.39,CVS,UPI,GER,0
2025-10-27 00:10:04.690786,USER_8904,3.72,Costco,PayPal,UK,0
2025-10-27 00:16:50.690786,USER_5975,16.38,Flipkart,Cash,FRA,0
2025-10-27 00:23:33.690786,USER_1175,4.18,Walgreens,Credit Card,UK,0
2025-10-27 00:29:15.690786,USER_4446,3.48,Flipkart,Credit Card,FRA,0
2025-10-27 00:35:30.690786,USER_1425,12.99,Target,PayPal,IND,0
2025-10-27 00:36:12.690786,USER_9074,2.05,Starbucks,Debit Card,FRA,0
2025-10-27 00:37:45.690786,USER_5193,13.25,Flipkart,PayPal,CAN,0
2025-10-27 00:49:10.690786,USER_4116,71.27,Target,Bank Transfer,GER,0
2025-10-27 00:50:16.690786,USER_5102,2.39,Amazon,Debit Card,CAN,1
2025-10-27 00:57:50.690786,USER_2631,73.88,Starbucks,UPI,IND,0
2025-10-27 01:11:16.690786,USER_6833,45.11,Amazon,Bank Transfer,AUS,0
2025-10-27 01:14:17.690786,USER_3291,169.38,Costco,Cash,UK,0
2025-10-27 01:17:37.690786,USER_1994,12.45,Nike,Credit Card,CAN,0
2025-10-27 01:18:20.690786,USER_4635,23.95,BestBuy,Debit Card,FRA,0
2025-10-27 01:31:51.690786,USER_6785,25.44,HomeDepot,UPI,FRA,0
2025-10-27 01:49:22.690786,USER_5891,90.5,Flipkart,Cash,UK,0
2025-10-27 01:56:06.690786,USER_7412,136.48,McDonalds,Debit Card,CAN,0
2025-10-27 02:13:57.690786,USER_1983,39.82,Walgreens,UPI,AUS,0
2025-10-27 02:29:33.690786,USER_3776,5.99,Nike,UPI,GER,0
2025-10-27 02:35:00.690786,USER_2382,8.81,Walmart,Debit Card,GER,0
2025-10-27 02:35:46.690786,USER_9317,64.21,Target,UPI,JPN,0
2025-10-27 02:36:25.690786,USER_1107,115.01,Nike,PayPal,IND,0
2025-10-27 02:53:50.690786,USER_4539,18.81,Amazon,Bank Transfer,IND,0
2025-10-27 02:58:07.690786,USER_1486,32.89,Target,Debit Card,AUS,0
2025-10-27 03:01:20.690786,USER_6499,21.5,BestBuy,Debit Card,AUS,0
2025-10-27 03:10:53.690786,USER_9115,47.02,Amazon,Credit Card,CAN,0
2025-10-27 03:11:39.690786,USER_9268,7.5,Target,Bank Transfer,UK,0
2025-10-27 03:22:30.690786,USER_1886,42.95,Amazon,PayPal,GER,0
2025-10-27 03:27:49.690786,USER_2750,33.25,BestBuy,UPI,GER,0
2025-10-27 03:33:12.690786,USER_8302,7.14,Starbucks,Debit Card,CAN,0
2025-10-27 03:34:20.690786,USER_6101,10.11,BP,Bank Transfer,USA,0
2025-10-27 03:45:25.690786,USER_3397,18.52,Costco,Debit Card,AUS,0
2025-10-27 03:47:06.690786,USER_4565,39.25,WholeFoods,PayPal,USA,0
2025-10-27 03:48:39.690786,USER_1138,43.36,BestBuy,Bank Transfer,JPN,0
2025-10-27 03:50:21.690786,USER_1136,7.13,Starbucks,Cash,IND,0
2025-10-27 04:00:53.690786,USER_8829,10.71,Nike,PayPal,USA,0
2025-10-27 04:18:39.690786,USER_1662,2.71,Costco,Debit Card,CAN,0
2025-10-27 04:21:13.690786,USER_7162,22.49,Amazon,Bank Transfer,UK,0
2025-10-27 04:36:17.690786,USER_1183,104.38,BestBuy,Debit Card,UK,0
2025-10-27 04:38:43.690786,USER_4838,22.37,Shell,UPI,FRA,0
2025-10-27 04:43:57.690786,USER_2352,76.36,Walgreens,Cash,IND,0
2025-10-27 04:48:53.690786,USER_7375,5.25,Walmart,Credit Card,CAN,0
2025-10-27 05:06:49.690786,USER_1322,8.61,Nike,UPI,FRA,0
2025-10-27 05:07:57.690786,USER_6047,6.9,WholeFoods,UPI,IND,0
2025-10-27 05:21:26.690786,USER_7211,72.44,BestBuy,PayPal,GER,0
2025-10-27 05:22:45.690786,USER_2307,2.78,BestBuy,UPI,AUS,0
2025-10-27 05:23:08.690786,USER_3001,136.34,Shell,Cash,USA,0
2025-10-27 05:41:24.690786,USER_3973,6.51,BP,Bank Transfer,JPN,0
2025-10-27 05:43:12.690786,USER_2311,25.0,McDonalds,PayPal,USA,0
2025-10-27 05:45:03.690786,USER_9481,31.75,McDonalds,Credit Card,USA,0
2025-10-27 05:49:54.690786,USER_7852,11.68,Target,Credit Card,USA,0
2025-10-27 05:51:24.690786,USER_3514,25.39,Flipkart,PayPal,JPN,0
2025-10-27 06:22:18.690786,USER_6681,35.13,BP,Cash,GER,0
2025-10-27 06:37:19.690786,USER_5166,16.15,BestBuy,Cash,CAN,0
2025-10-27 06:53:54.690786,USER_7266,88.93,Starbucks,Credit Card,JPN,0
2025-10-27 06:55:16.690786,USER_2075,51.6,CVS,UPI,CAN,0
2025-10-27 06:55:30.690786,USER_7012,52.99,Amazon,PayPal,UK,0
2025-10-27 06:59:52.690786,USER_2902,16.51,Amazon,PayPal,CAN,0
2025-10-27 07:00:50.690786,USER_4990,20.78,Amazon,Cash,AUS,0
2025-10-27 07:14:24.690786,USER_9876,17.76,HomeDepot,Credit Card,AUS,0
2025-10-27 07:16:02.690786,USER_4377,46.52,WholeFoods,UPI,FRA,0
2025-10-27 07:23:10.690786,USER_5638,65.08,Nike,Cash,IND,0
2025-10-27 07:27:07.690786,USER_6172,5.38,HomeDepot,Debit Card,USA,0
2025-10-27 07:27:21.690786,USER_9084,163.2,Walmart,Credit Card,UK,0
2025-10-27 07:34:58.690786,USER_8197,285.73,CVS,Debit Card,UK,0
2025-10-27 07:37:20.690786,USER_3148,132.25,HomeDepot,Debit Card,AUS,0
2025-10-27 07:38:59.690786,USER_2943,171.99,HomeDepot,Cash,CAN,0
2025-10-27 07:56:07.690786,USER_2048,61.46,Flipkart,Credit Card,CAN,0
2025-10-27 08:12:22.690786,USER_6968,34.14,Walgreens,UPI,IND,0
2025-10-27 08:21:09.690786,USER_5259,3.94,Nike,PayPal,USA,0
2025-10-27 08:26:37.690786,USER_2746,46.66,Nike,PayPal,UK,0
2025-10-27 08:29:01.690786,USER_4241,49.36,Starbucks,Credit Card,USA,0
2025-10-27 08:31:15.690786,USER_5532,111.25,Target,Bank Transfer,USA,0
2025-10-27 08:35:14.690786,USER_6770,26.64,Flipkart,UPI,USA,0
2025-10-27 08:36:19.690786,USER_6221,179.69,Walgreens,Cash,GER,0
2025-10-27 08:48:12.690786,USER_8397,25.49,McDonalds,Debit Card,UK,0
2025-10-27 09:09:18.690786,USER_3327,27.38,BestBuy,UPI,CAN,0
2025-10-27 09:11:32.690786,USER_9527,8.29,Walmart,Cash,AUS,0
2025-10-27 09:15:07.690786,USER_7178,27.65,Flipkart,Credit Card,IND,0
2025-10-27 09:16:46.690786,USER_5940,23.26,BP,Cash,UK,0
2025-10-27 09:36:09.690786,USER_8361,95.56,Flipkart,Cash,JPN,0
2025-10-27 10:41:52.690786,USER_9212,24.61,Shell,Bank Transfer,USA,0
2025-10-27 10:42:05.690786,USER_5168,173.49,Shell,Credit Card,USA,0
2025-10-27 10:43:56.690786,USER_4771,20.19,CVS,Cash,FRA,0
2025-10-27 10:46:04.690786,USER_4002,16.64,Nike,Debit Card,GER,0
2025-10-27 10:49:43.690786,USER_9534,38.05,Costco,UPI,USA,0
2025-10-27 10:53:13.690786,USER_6328,102.0,CVS,Bank Transfer,IND,0
2025-10-27 11:10:53.690786,USER_5821,12.1,HomeDepot,Debit Card,JPN,0
2025-10-27 11:15:01.690786,USER_3279,30.66,Nike,PayPal,FRA,0
2025-10-27 11:27:40.690786,USER_7513,216.18,BestBuy,Credit Card,JPN,0
2025-10-27 11:46:16.690786,USER_1737,6.62,Shell,UPI,CAN,0
2025-10-27 11:47:14.690786,USER_8020,28.99,CVS,Debit Card,AUS,0
2025-10-27 11:52:30.690786,USER_8130,33.53,Shell,Debit Card,AUS,0
2025-10-27 12:22:37.690786,USER_7521,134.71,Amazon,Bank Transfer,FRA,0
2025-10-27 12:23:50.690786,USER_2577,64.91,Shell,Cash,IND,0
2025-10-27 12:24:11.690786,USER_1456,13.42,HomeDepot,Bank Transfer,IND,0
2025-10-27 12:31:16.690786,USER_1159,17.78,Shell,Debit Card,AUS,0
2025-10-27 13:01:54.690786,USER_8027,156.22,BP,Bank Transfer,CAN,0
2025-10-27 13:14:19.690786,USER_1334,134.76,Flipkart,Debit Card,JPN,0
2025-10-27 13:21:29.690786,USER_5289,67.81,Nike,Cash,UK,0
2025-10-27 13:21:49.690786,USER_8734,7.87,CVS,Bank Transfer,IND,1
2025-10-27 13:24:47.690786,USER_1517,18.75,WholeFoods,Bank Transfer,UK,0
2025-10-27 13:37:10.690786,USER_4490,27.39,Walgreens,Credit Card,FRA,0
2025-10-27 13:39:07.690786,USER_6185,24.99,Walmart,Cash,JPN,0
2025-10-27 13:45:33.690786,USER_8803,66.93,McDonalds,Debit Card,USA,0
2025-10-27 13:45:50.690786,USER_2621,52.58,CVS,Credit Card,USA,0
2025-10-27 13:46:05.690786,USER_8907,116.84,BP,Credit Card,UK,0
2025-10-27 14:02:01.690786,USER_1096,7.98,McDonalds,Cash,UK,0
2025-10-27 14:15:25.690786,USER_4258,76.74,Walgreens,PayPal,JPN,0
2025-10-27 14:58:55.690786,USER_7925,24.35,Amazon,Bank Transfer,USA,0
2025-10-27 15:05:59.690786,USER_9268,2.87,Walmart,Credit Card,FRA,0
2025-10-27 15:18:01.690786,USER_5929,15.99,Walgreens,Bank Transfer,UK,0
2025-10-27 15:20:45.690786,USER_7942,361.36,Flipkart,Credit Card,USA,0
2025-10-27 15:21:00.690786,USER_4166,17.0,McDonalds,UPI,JPN,0
2025-10-27 15:40:08.690786,USER_7946,32.17,Starbucks,Cash,USA,0
2025-10-27 15:47:31.690786,USER_4066,44.82,BestBuy,Bank Transfer,CAN,0
2025-10-27 16:07:41.690786,USER_5754,6.86,Nike,Cash,AUS,0
2025-10-27 16:10:47.690786,USER_9779,21.79,BestBuy,Cash,IND,0
2025-10-27 16:13:01.690786,USER_2758,37.53,BestBuy,Debit Card,CAN,0
2025-10-27 16:33:28.690786,USER_4250,123.45,Walgreens,Debit Card,UK,0
2025-10-27 16:41:12.690786,USER_2659,84.65,Costco,PayPal,USA,0
2025-10-27 16:43:49.690786,USER_4304,16.87,Nike,PayPal,FRA,0
2025-10-27 16:50:54.690786,USER_9514,23.17,BP,Bank Transfer,FRA,0
2025-10-27 16:52:54.690786,USER_9409,106.77,McDonalds,UPI,FRA,0
2025-10-27 16:56:06.690786,USER_3630,15.19,Target,PayPal,FRA,0
2025-10-27 17:07:22.690786,USER_7676,30.24,Walgreens,PayPal,UK,0
2025-10-27 17:07:26.690786,USER_9728,233.71,Amazon,Bank Transfer,USA,0
2025-10-27 17:37:09.690786,USER_5421,12.2,WholeFoods,PayPal,IND,0
2025-10-27 17:46:50.690786,USER_9635,17.42,WholeFoods,PayPal,UK,0
2025-10-27 17:50:15.690786,USER_5578,7.06,Shell,Bank Transfer,UK,0
2025-10-27 18:04:59.690786,USER_5440,37.53,Starbucks,Cash,UK,0
2025-10-27 18:17:38.690786,USER_6035,9.2,Shell,UPI,USA,0
2025-10-27 18:18:44.690786,USER_9156,46.29,Shell,Debit Card,AUS,0
2025-10-27 18:27:29.690786,USER_6656,9.52,Flipkart,PayPal,CAN,0
2025-10-27 18:28:43.690786,USER_6518,14.03,BP,PayPal,USA,0
2025-10-27 18:41:09.690786,USER_5344,47.14,BestBuy,UPI,GER,0
2025-10-27 18:51:56.690786,USER_2728,53.16,Starbucks,Credit Card,FRA,0
2025-10-27 18:52:45.690786,USER_5966,5.06,Target,UPI,USA,0
2025-10-27 18:54:41.690786,USER_9379,73.59,BestBuy,Cash,USA,0
2025-10-27 19:11:16.690786,USER_4296,4.99,Shell,Cash,UK,0
2025-10-27 19:13:21.690786,USER_7987,6.68,CVS,PayPal,AUS,0
2025-10-27 19:18:09.690786,USER_9151,327.44,BP,PayPal,GER,0
2025-10-27 19:27:20.690786,USER_1025,26.15,McDonalds,Credit Card,IND,0
2025-10-27 19:41:35.690786,USER_3900,91.79,Starbucks,Cash,CAN,0
2025-10-27 20:03:46.690786,USER_7623,10.0,CVS,Bank Transfer,USA,0
2025-10-27 20:12:13.690786,USER_7700,6.26,McDonalds,UPI,UK,0
2025-10-27 20:21:43.690786,USER_5648,8.05,Shell,Bank Transfer,GER,0
2025-10-27 20:36:55.690786,USER_2158,105.99,Starbucks,Bank Transfer,IND,0
2025-10-27 20:45:07.690786,USER_3354,13.98,WholeFoods,Credit Card,CAN,0
2025-10-27 20:56:02.690786,USER_4163,393.0,CVS,Cash,GER,0
2025-10-27 20:58:23.690786,USER_7626,285.5,Walmart,Debit Card,CAN,0
2025-10-27 21:03:46.690786,USER_5122,422.67,Shell,Bank Transfer,IND,0
2025-10-27 21:15:46.690786,USER_2015,36.07,HomeDepot,UPI,AUS,0
2025-10-27 21:28:42.690786,USER_2313,8.57,Shell,Debit Card,IND,0
2025-10-27 21:28:47.690786,USER_5097,168.11,BestBuy,Debit Card,AUS,0
2025-10-27 21:31:11.690786,USER_1745,124.16,HomeDepot,Bank Transfer,AUS,0
2025-10-27 21:40:26.690786,USER_4436,58.35,Amazon,UPI,GER,0
2025-10-27 21:43:22.690786,USER_2043,265.58,HomeDepot,Bank Transfer,UK,0
2025-10-27 22:01:31.690786,USER_4893,28.01,BP,UPI,FRA,0
2025-10-27 22:24:12.690786,USER_4976,22.16,Nike,UPI,AUS,0
2025-10-27 22:25:28.690786,USER_5006,19.12,WholeFoods,Bank Transfer,GER,0
2025-10-27 22:27:38.690786,USER_9188,8.87,CVS,Credit Card,FRA,0
2025-10-27 22:28:46.690786,USER_6134,54.66,Walgreens,Bank Transfer,IND,0
2025-10-27 22:31:54.690786,USER_4409,17.42,Target,Bank Transfer,AUS,0
2025-10-27 22:52:16.690786,USER_9921,7.76,BP,UPI,JPN,0
2025-10-27 22:56:46.690786,USER_1691,67.26,Flipkart,PayPal,CAN,0
2025-10-27 22:57:22.690786,USER_5222,61.35,CVS,UPI,GER,0
2025-10-27 23:08:46.690786,USER_9199,55.88,Walmart,PayPal,JPN,0
2025-10-27 23:27:46.690786,USER_2846,77.58,Flipkart,Debit Card,USA,0
2025-10-27 23:35:09.690786,USER_6354,24.66,Walmart,Cash,FRA,0
2025-10-27 23:37:05.690786,USER_8947,98.85,BP,Credit Card,UK,0
2025-10-27 23:41:36.690786,USER_8883,201.16,Nike,Debit Card,UK,0
2025-10-27 23:45:00.690786,USER_5973,25.5,Target,Debit Card,UK,0
2025-10-27 23:53:22.690786,USER_2999,96.95,HomeDepot,PayPal,UK,0
2025-10-27 23:58:37.690786,USER_6000,7.21,WholeFoods,PayPal,IND,0
2025-10-28 00:18:44.690786,USER_8474,180.31,Flipkart,UPI,FRA,1
2025-10-28 00:24:08.690786,USER_4164,44.94,HomeDepot,Debit Card,CAN,0
2025-10-28 00:26:40.690786,USER_2487,24.62,Walgreens,UPI,USA,0
2025-10-28 00:27:45.690786,USER_1057,187.26,Target,Debit Card,IND,0
2025-10-28 00:30:05.690786,USER_7668,20.07,Walmart,Cash,UK,0
2025-10-28 00:30:48.690786,USER_5320,20.06,Shell,UPI,FRA,0
2025-10-28 00:38:34.690786,USER_4013,10.28,BP,Debit Card,IND,0
2025-10-28 01:07:26.690786,USER_2302,25.62,Target,PayPal,CAN,0
2025-10-28 01:37:58.690786,USER_1437,51.05,Flipkart,Debit Card,GER,0
2025-10-28 01:39:30.690786,USER_3790,113.86,BP,Debit Card,AUS,0
2025-10-28 01:41:11.690786,USER_2670,176.23,Walgreens,UPI,FRA,0
2025-10-28 01:49:52.690786,USER_9096,49.5,WholeFoods,UPI,USA,0
2025-10-28 01:56:18.690786,USER_9804,9.35,Nike,Debit Card,UK,0
2025-10-28 02:03:26.690786,USER_9138,26.86,HomeDepot,UPI,UK,0
2025-10-28 02:07:48.690786,USER_1199,12.34,Flipkart,PayPal,FRA,0
2025-10-28 02:14:52.690786,USER_1917,5.11,HomeDepot,PayPal,FRA,0
2025-10-28 02:17:47.690786,USER_7945,133.0,HomeDepot,Debit Card,JPN,0
2025-10-28 02:19:12.690786,USER_6642,12.79,Starbucks,Cash,USA,0
2025-10-28 02:24:32.690786,USER_4287,31.36,Target,Credit Card,UK,0
2025-10-28 02:24:35.690786,USER_1050,19.46,Costco,Credit Card,CAN,0
2025-10-28 02:32:29.690786,USER_9020,7.12,Walgreens,Debit Card,UK,0
2025-10-28 02:35:34.690786,USER_2204,236.98,Amazon,UPI,UK,0
2025-10-28 02:37:27.690786,USER_2567,7.21,Target,Credit Card,AUS,0
2025-10-28 02:51:39.690786,USER_7170,41.89,BP,UPI,USA,0
2025-10-28 03:18:21.690786,USER_7580,10.72,BestBuy,UPI,USA,0
2025-10-28 03:32:20.690786,USER_3115,8.04,WholeFoods,UPI,GER,0
2025-10-28 03:32:21.690786,USER_8121,300.61,Shell,Bank Transfer,JPN,0
2025-10-28 03:38:09.690786,USER_4933,474.63,Amazon,UPI,UK,1
2025-10-28 03:50:25.690786,USER_6939,44.38,Walgreens,Credit Card,JPN,0
2025-10-28 04:06:20.690786,USER_2328,87.97,Starbucks,Bank Transfer,CAN,0
2025-10-28 04:08:41.690786,USER_3384,21.54,Nike,PayPal,JPN,0
2025-10-28 04:17:30.690786,USER_9333,138.19,WholeFoods,Credit Card,CAN,0
2025-10-28 04:18:08.690786,USER_2375,58.46,Starbucks,Bank Transfer,FRA,0
2025-10-28 04:28:34.690786,USER_9049,96.97,Costco,PayPal,GER,0
2025-10-28 04:36:03.690786,USER_8118,122.71,Amazon,Cash,GER,0
2025-10-28 04:36:41.690786,USER_5373,65.68,Flipkart,PayPal,UK,0
2025-10-28 04:46:23.690786,USER_5663,13.1,HomeDepot,Credit Card,IND,0
2025-10-28 05:01:06.690786,USER_6233,290.37,Amazon,Bank Transfer,UK,0
2025-10-28 05:07:54.690786,USER_7367,34.17,Starbucks,PayPal,JPN,0
2025-10-28 05:08:42.690786,USER_8554,72.09,Flipkart,Bank Transfer,FRA,0
2025-10-28 05:26:20.690786,USER_6711,16.96,Walmart,UPI,CAN,0
2025-10-28 05:33:26.690786,USER_2660,27.94,Flipkart,Bank Transfer,JPN,0
2025-10-28 05:37:40.690786,USER_4401,15.13,Nike,Credit Card,JPN,0
2025-10-28 05:44:24.690786,USER_7169,94.39,Costco,Credit Card,UK,0
2025-10-28 05:46:56.690786,USER_1893,271.99,WholeFoods,PayPal,GER,1
2025-10-28 05:50:24.690786,USER_1741,26.82,Flipkart,Credit Card,CAN,0
2025-10-28 05:55:23.690786,USER_2617,81.59,HomeDepot,UPI,IND,0
2025-10-28 06:10:17.690786,USER_8774,7.0,Walmart,Cash,UK,0
2025-10-28 06:16:22.690786,USER_4089,32.63,Amazon,UPI,CAN,0
2025-10-28 06:30:01.690786,USER_8411,25.69,Walgreens,PayPal,FRA,0
2025-10-28 06:35:02.690786,USER_3957,77.27,Flipkart,Debit Card,GER,0
2025-10-28 06:47:48.690786,USER_2234,7.02,BestBuy,UPI,UK,0
2025-10-28 06:53:10.690786,USER_2106,1.43,Amazon,Credit Card,UK,0
2025-10-28 06:55:23.690786,USER_2577,35.1,Target,UPI,AUS,0
2025-10-28 06:57:51.690786,USER_2990,15.34,Walgreens,Credit Card,CAN,0
2025-10-28 06:58:49.690786,USER_7075,205.95,Walgreens,Credit Card,USA,0
2025-10-28 07:15:15.690786,USER_8615,93.13,CVS,Credit Card,IND,0
2025-10-28 07:41:00.690786,USER_7124,6.11,McDonalds,Debit Card,AUS,0
2025-10-28 07:57:25.690786,USER_8780,23.11,WholeFoods,UPI,IND,0
2025-10-28 08:01:15.690786,USER_9119,199.72,McDonalds,Bank Transfer,JPN,0
2025-10-28 08:28:32.690786,USER_5476,179.17,HomeDepot,Cash,GER,1
2025-10-28 08:31:21.690786,USER_9745,47.88,Target,Credit Card,IND,0
2025-10-28 08:47:44.690786,USER_4847,38.41,WholeFoods,Credit Card,IND,0
2025-10-28 08:52:35.690786,USER_6604,33.39,Starbucks,Credit Card,USA,0
2025-10-28 08:57:32.690786,USER_9077,18.46,BestBuy,Debit Card,AUS,0
2025-10-28 09:00:09.690786,USER_9175,24.99,BestBuy,PayPal,GER,0
2025-10-28 09:42:57.690786,USER_4784,16.04,HomeDepot,UPI,JPN,0
2025-10-28 09:46:00.690786,USER_1674,22.13,Starbucks,Debit Card,UK,0
2025-10-28 09:58:44.690786,USER_9518,35.15,HomeDepot,Cash,UK,0
2025-10-28 10:01:59.690786,USER_8695,25.15,Shell,PayPal,CAN,0
2025-10-28 10:03:21.690786,USER_1770,2.83,Target,UPI,CAN,0
2025-10-28 10:04:58.690786,USER_3527,39.34,Nike,Bank Transfer,AUS,0
2025-10-28 10:18:11.690786,USER_6403,23.92,Costco,Cash,USA,1
2025-10-28 10:21:10.690786,USER_8443,8.06,HomeDepot,Bank Transfer,USA,0
2025-10-28 10:26:06.690786,USER_8184,41.8,HomeDepot,Bank Transfer,GER,0
2025-10-28 10:29:30.690786,USER_9748,11.99,HomeDepot,Cash,FRA,0
2025-10-28 10:30:26.690786,USER_6347,70.99,BestBuy,Credit Card,UK,0
2025-10-28 10:39:23.690786,USER_6959,178.02,Amazon,UPI,JPN,1
2025-10-28 10:47:46.690786,USER_7974,80.06,Nike,Bank Transfer,AUS,0
2025-10-28 10:47:47.690786,USER_1549,69.92,WholeFoods,Cash,FRA,0
2025-10-28 10:49:27.690786,USER_9732,5.57,CVS,UPI,GER,0
2025-10-28 10:51:24.690786,USER_3022,25.47,Starbucks,Credit Card,UK,0
2025-10-28 10:52:15.690786,USER_9021,41.8,Shell,PayPal,GER,0
2025-10-28 10:52:47.690786,USER_6707,91.49,WholeFoods,Credit Card,UK,0
2025-10-28 10:54:30.690786,USER_5675,55.37,Target,UPI,JPN,0
2025-10-28 10:55:00.690786,USER_2369,287.32,McDonalds,Bank Transfer,IND,1
2025-10-28 11:16:26.690786,USER_7297,133.12,Flipkart,Bank Transfer,IND,0
2025-10-28 11:21:59.690786,USER_3654,15.15,HomeDepot,Bank Transfer,GER,0
2025-10-28 11:33:38.690786,USER_7735,44.33,WholeFoods,PayPal,FRA,0
2025-10-28 11:56:20.690786,USER_6483,172.74,Walgreens,Debit Card,UK,0
2025-10-28 11:59:52.690786,USER_4419,71.26,Walgreens,Bank Transfer,JPN,0
2025-10-28 12:20:17.690786,USER_9591,29.66,Walgreens,Debit Card,CAN,0
2025-10-28 12:23:02.690786,USER_7429,59.76,BestBuy,Credit Card,CAN,0
2025-10-28 12:23:49.690786,USER_6431,27.65,BP,Debit Card,CAN,0
2025-10-28 12:28:46.690786,USER_1669,8.94,Starbucks,Debit Card,UK,0
2025-10-28 12:33:21.690786,USER_9288,30.94,Target,Bank Transfer,JPN,0
2025-10-28 12:42:23.690786,USER_6950,93.59,McDonalds,Cash,FRA,0
2025-10-28 12:45:36.690786,USER_4629,21.47,HomeDepot,PayPal,UK,0
2025-10-28 12:56:08.690786,USER_4493,9.9,BestBuy,Credit Card,JPN,0
2025-10-28 13:02:46.690786,USER_6050,36.39,McDonalds,Cash,CAN,0
2025-10-28 13:21:38.690786,USER_4110,88.64,Flipkart,Debit Card,AUS,0
2025-10-28 13:23:07.690786,USER_9647,14.09,BestBuy,Debit Card,GER,0
2025-10-28 13:35:08.690786,USER_7252,131.58,HomeDepot,Debit Card,CAN,0
2025-10-28 13:38:13.690786,USER_1775,172.32,Nike,UPI,JPN,1
2025-10-28 13:39:43.690786,USER_8921,235.13,Shell,Cash,UK,0
2025-10-28 13:41:38.690786,USER_7288,43.84,Walmart,Bank Transfer,GER,0
2025-10-28 13:43:59.690786,USER_7968,124.84,CVS,Debit Card,USA,0
2025-10-28 14:14:17.690786,USER_9060,48.78,Starbucks,Credit Card,USA,1
2025-10-28 14:29:40.690786,USER_3069,6.21,Walgreens,PayPal,USA,0
2025-10-28 14:34:02.690786,USER_4054,11.82,Walmart,Cash,AUS,0
2025-10-28 14:34:46.690786,USER_5591,458.77,BP,UPI,AUS,1
2025-10-28 14:46:48.690786,USER_7925,4.88,Starbucks,Debit Card,UK,0
2025-10-28 14:54:44.690786,USER_8499,9.48,Amazon,UPI,IND,0
2025-10-28 15:09:17.690786,USER_8105,155.95,Starbucks,Cash,IND,0
2025-10-28 15:15:25.690786,USER_6985,131.42,Amazon,PayPal,GER,0
2025-10-28 15:15:38.690786,USER_7302,8.82,HomeDepot,PayPal,USA,0
2025-10-28 15:34:42.690786,USER_6478,123.1,CVS,PayPal,USA,0
2025-10-28 15:43:01.690786,USER_5873,83.31,Costco,UPI,CAN,1
2025-10-28 15:43:36.690786,USER_8362,52.07,Flipkart,PayPal,JPN,0
2025-10-28 15:44:57.690786,USER_6006,57.73,Walgreens,UPI,CAN,0
2025-10-28 15:49:10.690786,USER_3158,17.83,Nike,UPI,UK,0
2025-10-28 16:03:22.690786,USER_7535,27.36,Costco,PayPal,GER,0
2025-10-28 16:07:20.690786,USER_6615,33.63,BestBuy,UPI,CAN,0
2025-10-28 16:07:34.690786,USER_5544,27.4,Walgreens,UPI,CAN,0
2025-10-28 16:47:33.690786,USER_6629,48.57,Flipkart,UPI,JPN,0
2025-10-28 17:09:51.690786,USER_4791,49.02,Target,Credit Card,FRA,0
2025-10-28 17:11:05.690786,USER_4884,172.15,McDonalds,Cash,UK,1
2025-10-28 17:19:59.690786,USER_3977,2.71,Walgreens,UPI,UK,0
2025-10-28 17:33:57.690786,USER_4412,22.51,Walgreens,Debit Card,IND,0
2025-10-28 17:55:45.690786,USER_8961,139.01,Walgreens,Bank Transfer,GER,0
2025-10-28 18:07:29.690786,USER_1913,20.16,WholeFoods,UPI,UK,0
2025-10-28 18:11:44.690786,USER_5052,7.04,Target,UPI,UK,0
2025-10-28 18:26:02.690786,USER_3521,30.72,McDonalds,Debit Card,FRA,0
2025-10-28 18:37:44.690786,USER_3527,35.78,CVS,Bank Transfer,AUS,0
2025-10-28 18:45:08.690786,USER_5702,105.83,Shell,Cash,AUS,0
2025-10-28 18:46:34.690786,USER_7171,52.21,Amazon,PayPal,USA,0
2025-10-28 18:53:33.690786,USER_2386,5.18,HomeDepot,UPI,CAN,0
2025-10-28 19:08:16.690786,USER_6793,52.37,Nike,Debit Card,FRA,0
2025-10-28 19:21:45.690786,USER_4454,24.57,WholeFoods,Credit Card,IND,0
2025-10-28 19:40:36.690786,USER_1621,52.78,Shell,Debit Card,JPN,0
2025-10-28 19:47:48.690786,USER_8231,8.57,BestBuy,UPI,JPN,0
2025-10-28 19:50:01.690786,USER_4144,24.79,Walmart,UPI,FRA,0
2025-10-28 19:53:07.690786,USER_2506,67.43,Starbucks,PayPal,AUS,0
2025-10-28 20:12:22.690786,USER_9269,127.98,Costco,UPI,UK,0
2025-10-28 20:26:22.690786,USER_5145,50.74,HomeDepot,PayPal,CAN,0
2025-10-28 20:36:37.690786,USER_8763,17.37,Shell,Credit Card,GER,0
2025-10-28 20:41:20.690786,USER_7558,8.64,Amazon,UPI,CAN,0
2025-10-28 21:03:09.690786,USER_6119,5.88,BestBuy,Debit Card,FRA,1
2025-10-28 21:23:46.690786,USER_8011,8.34,Shell,Credit Card,USA,0
2025-10-28 21:28:05.690786,USER_6947,191.91,Costco,Bank Transfer,USA,0
2025-10-28 22:01:31.690786,USER_3436,33.24,Amazon,Credit Card,UK,0
2025-10-28 22:07:12.690786,USER_1627,135.11,Walgreens,PayPal,AUS,0
2025-10-28 22:33:18.690786,USER_5098,94.15,Costco,Credit Card,FRA,0
2025-10-28 22:39:47.690786,USER_9814,47.91,Nike,Credit Card,CAN,0
2025-10-28 23:00:27.690786,USER_2040,235.59,Starbucks,Bank Transfer,IND,0
2025-10-28 23:00:43.690786,USER_3034,93.19,Starbucks,Credit Card,JPN,0
2025-10-28 23:01:17.690786,USER_3601,52.19,Nike,Credit Card,UK,0
2025-10-28 23:06:46.690786,USER_2522,57.4,Target,UPI,CAN,0
2025-10-28 23:12:31.690786,USER_4212,26.58,BP,Bank Transfer,AUS,0
2025-10-28 23:38:27.690786,USER_2658,51.7,Shell,Bank Transfer,GER,0
2025-10-28 23:42:19.690786,USER_1750,62.7,Nike,UPI,JPN,0
2025-10-28 23:54:51.690786,USER_1175,18.43,Starbucks,Cash,GER,0
2025-10-29 00:45:53.690786,USER_6319,43.32,Starbucks,Credit Card,AUS,0
2025-10-29 00:46:37.690786,USER_1138,7.09,Shell,UPI,CAN,0
2025-10-29 00:55:13.690786,USER_2860,4.39,WholeFoods,Debit Card,UK,0
2025-10-29 01:14:03.690786,USER_1564,4.76,BP,PayPal,GER,0
2025-10-29 01:18:03.690786,USER_3070,60.04,BestBuy,Cash,GER,0
2025-10-29 01:28:29.690786,USER_7753,16.28,Starbucks,Cash,USA,0
2025-10-29 01:29:04.690786,USER_5498,9.81,Amazon,Bank Transfer,AUS,1
2025-10-29 01:29:51.690786,USER_6548,5.45,BestBuy,Bank Transfer,UK,0
2025-10-29 01:44:14.690786,USER_9750,166.58,Walgreens,UPI,UK,1
2025-10-29 01:53:47.690786,USER_3925,47.9,Costco,Credit Card,CAN,0
2025-10-29 01:55:08.690786,USER_5141,2.78,Shell,Credit Card,UK,0
2025-10-29 01:59:54.690786,USER_2960,78.34,Starbucks,Cash,FRA,0
2025-10-29 02:06:02.690786,USER_4633,6.25,Walmart,PayPal,CAN,0
2025-10-29 02:23:32.690786,USER_6834,96.08,Nike,UPI,FRA,1
2025-10-29 02:24:07.690786,USER_9551,22.87,Walgreens,Cash,UK,0
2025-10-29 02:27:42.690786,USER_6921,28.26,Costco,Debit Card,JPN,0
2025-10-29 02:39:09.690786,USER_9841,25.76,Amazon,Debit Card,AUS,0
2025-10-29 02:51:39.690786,USER_2675,33.62,Flipkart,Credit Card,USA,0
2025-10-29 03:06:03.690786,USER_2677,65.15,WholeFoods,Debit Card,JPN,0
2025-10-29 03:07:43.690786,USER_2980,39.56,Starbucks,Debit Card,IND,0
2025-10-29 03:19:28.690786,USER_2833,57.97,Amazon,UPI,GER,0
2025-10-29 03:46:37.690786,USER_4965,21.95,Amazon,Debit Card,AUS,0
2025-10-29 03:51:45.690786,USER_6849,139.31,CVS,PayPal,JPN,0
2025-10-29 04:01:09.690786,USER_9548,127.26,BestBuy,PayPal,CAN,0
2025-10-29 04:04:15.690786,USER_4348,18.64,CVS,Credit Card,IND,0
2025-10-29 04:21:05.690786,USER_3797,223.9,Walmart,UPI,GER,0
2025-10-29 04:25:22.690786,USER_7486,3.68,Amazon,Bank Transfer,FRA,0
2025-10-29 04:26:46.690786,USER_8350,27.66,WholeFoods,Cash,USA,0
2025-10-29 04:31:52.690786,USER_3863,87.9,Nike,Cash,CAN,0
2025-10-29 04:32:42.690786,USER_7963,29.87,HomeDepot,Debit Card,GER,0
2025-10-29 05:13:27.690786,USER_8460,9.94,Target,Debit Card,GER,0
2025-10-29 05:23:19.690786,USER_3553,3.56,BestBuy,Cash,UK,0
2025-10-29 05:24:08.690786,USER_8559,6.2,HomeDepot,UPI,AUS,0
2025-10-29 05:31:20.690786,USER_8836,6.53,McDonalds,Credit Card,JPN,0
2025-10-29 05:39:33.690786,USER_3235,8.9,Shell,Cash,IND,1
2025-10-29 05:39:54.690786,USER_6940,406.44,BestBuy,Credit Card,IND,0
2025-10-29 05:46:38.690786,USER_3580,6.25,Amazon,Debit Card,USA,0
2025-10-29 05:47:09.690786,USER_5454,18.82,CVS,UPI,IND,0
2025-10-29 05:47:38.690786,USER_2410,91.93,Target,Cash,IND,0
2025-10-29 05:50:59.690786,USER_4105,14.62,Target,Bank Transfer,FRA,0
2025-10-29 05:50:59.690786,USER_6693,28.82,HomeDepot,UPI,UK,0
2025-10-29 05:53:21.690786,USER_7767,58.31,Shell,Bank Transfer,AUS,0
2025-10-29 05:59:45.690786,USER_4783,212.85,Amazon,UPI,AUS,1
2025-10-29 06:00:26.690786,USER_1568,13.1,Walgreens,Cash,IND,0
2025-10-29 06:16:06.690786,USER_3994,45.3,McDonalds,Bank Transfer,FRA,0
2025-10-29 06:24:48.690786,USER_8918,33.82,HomeDepot,Credit Card,FRA,0
2025-10-29 06:25:02.690786,USER_1156,33.87,BestBuy,UPI,UK,0
2025-10-29 06:26:05.690786,USER_1025,18.54,Amazon,Bank Transfer,CAN,0
2025-10-29 06:28:27.690786,USER_5422,46.16,Starbucks,Bank Transfer,IND,1
2025-10-29 06:38:30.690786,USER_4788,132.92,Nike,Cash,USA,0
2025-10-29 06:38:41.690786,USER_7504,24.46,Walgreens,UPI,GER,0
2025-10-29 06:39:20.690786,USER_4916,36.14,HomeDepot,Credit Card,USA,0
2025-10-29 06:43:00.690786,USER_7131,39.41,BestBuy,PayPal,UK,0
2025-10-29 06:50:11.690786,USER_2873,64.71,Costco,UPI,CAN,1
2025-10-29 06:57:05.690786,USER_1146,233.77,McDonalds,Bank Transfer,GER,0
2025-10-29 07:01:34.690786,USER_2258,74.25,Costco,Bank Transfer,FRA,0
2025-10-29 07:07:27.690786,USER_1172,123.78,Amazon,Bank Transfer,FRA,0
2025-10-29 07:08:42.690786,USER_6323,20.8,Nike,Cash,CAN,0
2025-10-29 08:11:14.690786,USER_8314,46.73,BestBuy,PayPal,USA,0
2025-10-29 08:24:46.690786,USER_4643,4.97,McDonalds,PayPal,USA,0
2025-10-29 08:30:43.690786,USER_4263,9.2,Nike,UPI,FRA,1
2025-10-29 08:32:04.690786,USER_9613,5.15,BP,Cash,CAN,0
2025-10-29 08:42:45.690786,USER_8548,15.27,Walgreens,Credit Card,AUS,0
2025-10-29 08:42:47.690786,USER_2059,199.55,BestBuy,Debit Card,FRA,1
2025-10-29 08:43:54.690786,USER_4815,44.71,Nike,Bank Transfer,GER,0
2025-10-29 08:48:14.690786,USER_7874,303.68,Amazon,UPI,UK,0
2025-10-29 08:56:22.690786,USER_7831,94.9,WholeFoods,Cash,JPN,0
2025-10-29 09:07:00.690786,USER_2347,48.11,McDonalds,PayPal,GER,0
2025-10-29 09:08:17.690786,USER_9311,64.31,Costco,Cash,IND,0
2025-10-29 09:15:36.690786,USER_2449,6.38,BP,Debit Card,AUS,0
2025-10-29 09:17:16.690786,USER_6855,24.11,Amazon,PayPal,USA,0
2025-10-29 09:36:05.690786,USER_2523,49.13,BP,PayPal,USA,0
2025-10-29 09:46:26.690786,USER_3839,56.61,Amazon,Credit Card,IND,0
2025-10-29 09:52:15.690786,USER_1745,9.29,HomeDepot,PayPal,AUS,0
2025-10-29 10:15:50.690786,USER_6459,15.91,Flipkart,PayPal,USA,0
2025-10-29 10:21:51.690786,USER_4825,116.61,Walgreens,Credit Card,FRA,0
2025-10-29 10:22:38.690786,USER_1587,13.52,Flipkart,Debit Card,IND,0
2025-10-29 10:26:28.690786,USER_5023,63.86,BP,UPI,USA,0
2025-10-29 10:31:44.690786,USER_9456,241.41,CVS,PayPal,USA,0
2025-10-29 10:33:29.690786,USER_3575,22.38,Walmart,Credit Card,UK,0
2025-10-29 10:35:03.690786,USER_4694,138.42,Target,Credit Card,UK,0
2025-10-29 10:44:20.690786,USER_4307,11.74,BP,UPI,USA,0
2025-10-29 10:47:38.690786,USER_3713,8.02,Target,Bank Transfer,AUS,0
2025-10-29 10:58:26.690786,USER_4766,26.16,Costco,Bank Transfer,JPN,0
2025-10-29 11:09:57.690786,USER_5044,455.28,Amazon,Bank Transfer,JPN,0
2025-10-29 11:33:28.690786,USER_4345,91.79,BestBuy,Debit Card,USA,0
2025-10-29 11:39:50.690786,USER_3727,39.49,Walmart,Bank Transfer,FRA,0
2025-10-29 11:57:41.690786,USER_9253,17.51,HomeDepot,Debit Card,FRA,0
2025-10-29 12:10:22.690786,USER_6172,36.97,HomeDepot,UPI,UK,1
2025-10-29 12:12:25.690786,USER_6269,14.09,HomeDepot,Bank Transfer,IND,0
2025-10-29 12:19:46.690786,USER_5994,67.47,BP,Bank Transfer,UK,0
2025-10-29 12:44:28.690786,USER_1456,38.39,Costco,PayPal,GER,0
2025-10-29 13:18:04.690786,USER_9709,59.86,Walgreens,Cash,IND,0
2025-10-29 13:30:34.690786,USER_8027,91.63,Flipkart,Credit Card,FRA,0
2025-10-29 13:33:12.690786,USER_2581,95.47,Walgreens,Cash,FRA,0
2025-10-29 13:41:57.690786,USER_5187,27.15,Starbucks,UPI,IND,0
2025-10-29 14:07:22.690786,USER_4365,18.84,Target,Debit Card,FRA,0
2025-10-29 14:13:54.690786,USER_6864,19.98,Shell,Credit Card,USA,0
2025-10-29 14:22:09.690786,USER_7131,96.59,Shell,PayPal,AUS,0
2025-10-29 14:30:44.690786,USER_3288,7.16,Starbucks,PayPal,IND,0
2025-10-29 14:32:28.690786,USER_4152,54.58,Amazon,Debit Card,GER,0
2025-10-29 14:41:01.690786,USER_5552,200.66,McDonalds,Debit Card,FRA,0
2025-10-29 14:51:02.690786,USER_8399,137.84,McDonalds,Bank Transfer,IND,0
2025-10-29 14:58:10.690786,USER_4080,25.63,WholeFoods,Credit Card,UK,0
2025-10-29 15:10:41.690786,USER_2689,33.74,Nike,PayPal,AUS,0
2025-10-29 15:29:08.690786,USER_3703,63.82,WholeFoods,Bank Transfer,UK,0
2025-10-29 15:32:20.690786,USER_8486,18.45,Shell,PayPal,UK,0
2025-10-29 15:39:12.690786,USER_4519,10.23,Flipkart,PayPal,UK,0
2025-10-29 15:55:23.690786,USER_2827,15.3,Flipkart,Debit Card,GER,0
2025-10-29 15:58:52.690786,USER_7745,13.43,BestBuy,PayPal,UK,0
2025-10-29 16:02:38.690786,USER_2279,25.76,Shell,Debit Card,USA,0
2025-10-29 16:06:35.690786,USER_8682,39.4,CVS,Cash,CAN,0
2025-10-29 16:13:26.690786,USER_1107,5.95,WholeFoods,Debit Card,FRA,0
2025-10-29 16:15:43.690786,USER_2287,375.84,BP,UPI,CAN,1
2025-10-29 16:18:21.690786,USER_1693,45.47,CVS,Credit Card,USA,0
2025-10-29 16:20:38.690786,USER_4105,22.95,Flipkart,UPI,IND,0
2025-10-29 16:25:23.690786,USER_8010,28.84,Target,Credit Card,UK,0
2025-10-29 16:52:03.690786,USER_1180,43.34,Costco,UPI,USA,0
2025-10-29 16:54:59.690786,USER_6638,55.63,Walmart,PayPal,JPN,0
2025-10-29 17:15:24.690786,USER_4695,64.83,BestBuy,Debit Card,GER,0
2025-10-29 17:25:10.690786,USER_5659,117.6,BP,Bank Transfer,USA,0
2025-10-29 17:27:13.690786,USER_7131,94.07,BestBuy,Cash,AUS,0
2025-10-29 17:32:27.690786,USER_1260,15.88,Walgreens,Bank Transfer,AUS,0
2025-10-29 17:35:24.690786,USER_9621,49.66,BestBuy,Debit Card,CAN,0
2025-10-29 17:40:43.690786,USER_2212,143.34,Walgreens,Credit Card,IND,0
2025-10-29 17:45:25.690786,USER_2087,36.54,BestBuy,PayPal,GER,0
2025-10-29 17:53:15.690786,USER_8675,20.21,BP,PayPal,USA,0
2025-10-29 18:02:16.690786,USER_6292,233.92,Target,PayPal,UK,0
2025-10-29 18:04:39.690786,USER_3089,99.77,McDonalds,Cash,FRA,0
2025-10-29 18:05:35.690786,USER_4633,72.04,Target,PayPal,USA,0
2025-10-29 18:14:18.690786,USER_9846,13.25,Walmart,UPI,UK,0
2025-10-29 18:30:00.690786,USER_7800,48.1,BP,UPI,UK,0
2025-10-29 18:32:29.690786,USER_8187,21.2,Flipkart,UPI,GER,0
2025-10-29 18:42:43.690786,USER_7997,9.62,Starbucks,Cash,IND,0
2025-10-29 18:48:57.690786,USER_7394,65.79,CVS,Debit Card,GER,0
2025-10-29 19:05:09.690786,USER_8987,7.96,Starbucks,Debit Card,USA,0
2025-10-29 19:10:46.690786,USER_2900,24.78,BestBuy,Debit Card,UK,0
2025-10-29 19:27:29.690786,USER_4123,10.34,Nike,Bank Transfer,AUS,0
2025-10-29 19:30:44.690786,USER_6424,31.27,CVS,Credit Card,JPN,0
2025-10-29 19:32:13.690786,USER_9573,40.65,CVS,Bank Transfer,GER,0
2025-10-29 19:47:13.690786,USER_7719,18.81,McDonalds,Credit Card,UK,0
2025-10-29 19:48:22.690786,USER_7445,291.47,BP,UPI,FRA,1
2025-10-29 20:00:58.690786,USER_5483,31.61,Starbucks,UPI,FRA,0
2025-10-29 20:00:59.690786,USER_3492,29.06,Flipkart,Cash,FRA,0
2025-10-29 20:15:18.690786,USER_3700,81.56,Shell,Bank Transfer,JPN,0
2025-10-29 20:21:05.690786,USER_2605,244.86,Costco,Bank Transfer,JPN,0
2025-10-29 20:42:33.690786,USER_4992,15.19,CVS,UPI,IND,0
2025-10-29 20:45:07.690786,USER_9710,36.74,Walmart,Cash,JPN,0
2025-10-29 20:45:58.690786,USER_3572,8.67,HomeDepot,Credit Card,GER,0
2025-10-29 20:56:03.690786,USER_7910,11.62,Starbucks,Credit Card,USA,0
2025-10-29 21:24:15.690786,USER_7544,305.74,Shell,Credit Card,USA,0
2025-10-29 21:31:24.690786,USER_5098,8.78,McDonalds,UPI,FRA,0
2025-10-29 21:44:12.690786,USER_8400,41.65,Costco,UPI,USA,0
2025-10-29 21:44:14.690786,USER_5407,6.43,Flipkart,PayPal,CAN,0
2025-10-29 21:46:35.690786,USER_4919,8.32,BP,Bank Transfer,GER,0
2025-10-29 21:49:02.690786,USER_9274,239.7,Target,Bank Transfer,FRA,1
2025-10-29 21:51:11.690786,USER_2285,28.48,Costco,Credit Card,JPN,0
2025-10-29 21:57:21.690786,USER_7637,18.92,Target,Bank Transfer,GER,0
2025-10-29 22:06:37.690786,USER_6638,61.44,Costco,Credit Card,USA,0
2025-10-29 22:11:22.690786,USER_5444,28.86,Walmart,Cash,IND,0
2025-10-29 22:12:58.690786,USER_8889,10.3,HomeDepot,Credit Card,JPN,0
2025-10-29 22:15:24.690786,USER_6905,106.26,McDonalds,UPI,IND,0
2025-10-29 22:21:28.690786,USER_8624,128.0,Walgreens,Cash,JPN,0
2025-10-29 22:38:08.690786,USER_2405,68.53,Walgreens,Credit Card,GER,0
2025-10-29 22:43:36.690786,USER_3821,26.36,WholeFoods,Bank Transfer,UK,0
2025-10-29 22:51:00.690786,USER_3022,7.9,BestBuy,Debit Card,USA,0
2025-10-29 22:51:54.690786,USER_4568,171.12,BestBuy,Debit Card,IND,0
2025-10-29 23:29:11.690786,USER_4339,6.57,Costco,PayPal,FRA,0
2025-10-29 23:33:32.690786,USER_4047,28.01,CVS,Cash,UK,0
2025-10-29 23:34:54.690786,USER_8464,14.26,BP,Cash,JPN,0
2025-10-29 23:37:24.690786,USER_9723,31.22,CVS,Cash,FRA,0
2025-10-29 23:40:51.690786,USER_3755,386.15,Target,Debit Card,IND,1
2025-10-29 23:42:54.690786,USER_8086,16.48,Starbucks,UPI,GER,0
2025-10-30 00:14:03.690786,USER_8439,53.12,Nike,Cash,IND,0
2025-10-30 00:17:18.690786,USER_6342,40.88,BestBuy,Bank Transfer,CAN,0
2025-10-30 00:19:08.690786,USER_2459,70.16,Target,Cash,CAN,0
2025-10-30 00:36:07.690786,USER_5620,30.05,Amazon,Debit Card,JPN,0
2025-10-30 00:49:39.690786,USER_4562,32.56,Costco,Credit Card,IND,0
2025-10-30 00:58:16.690786,USER_2766,104.59,Target,Debit Card,UK,0
2025-10-30 01:08:55.690786,USER_2706,76.04,Target,Credit Card,FRA,0
2025-10-30 01:27:53.690786,USER_2435,89.13,McDonalds,UPI,IND,0
2025-10-30 01:39:08.690786,USER_4378,150.48,Starbucks,UPI,USA,0
2025-10-30 01:39:32.690786,USER_6209,85.78,HomeDepot,PayPal,IND,0
2025-10-30 01:55:50.690786,USER_2121,48.09,Nike,PayPal,CAN,0
2025-10-30 01:56:55.690786,USER_4320,740.61,BestBuy,Credit Card,GER,0
2025-10-30 02:34:19.690786,USER_6243,38.76,Starbucks,Credit Card,AUS,0
2025-10-30 03:00:11.690786,USER_2986,2.72,CVS,Debit Card,UK,0
2025-10-30 03:02:17.690786,USER_1853,47.86,Flipkart,Debit Card,IND,0
2025-10-30 03:03:05.690786,USER_1528,137.94,Flipkart,UPI,CAN,0
2025-10-30 03:10:49.690786,USER_1859,9.17,Starbucks,Cash,IND,0
2025-10-30 03:11:31.690786,USER_3643,34.2,HomeDepot,PayPal,UK,0
2025-10-30 03:15:20.690786,USER_9849,5.08,Shell,PayPal,USA,0
2025-10-30 03:22:41.690786,USER_6765,106.39,Nike,Cash,FRA,0
2025-10-30 03:26:55.690786,USER_7502,99.7,BP,Credit Card,USA,0
2025-10-30 03:40:00.690786,USER_4869,119.94,Starbucks,Bank Transfer,USA,0
2025-10-30 03:41:25.690786,USER_2688,208.8,Shell,UPI,GER,1
2025-10-30 03:54:33.690786,USER_8017,6.55,Costco,Credit Card,GER,0
2025-10-30 04:04:14.690786,USER_1487,15.89,Walgreens,PayPal,CAN,0
2025-10-30 04:17:45.690786,USER_9830,26.35,Shell,Debit Card,GER,0
2025-10-30 04:36:03.690786,USER_7093,15.11,Flipkart,Bank Transfer,GER,0
2025-10-30 04:42:57.690786,USER_2485,42.13,WholeFoods,UPI,CAN,0
2025-10-30 04:56:24.690786,USER_4938,9.05,BestBuy,Credit Card,AUS,0
2025-10-30 05:11:57.690786,USER_5723,9.16,Target,UPI,GER,0
2025-10-30 05:37:03.690786,USER_7961,78.71,Walmart,Cash,GER,0
2025-10-30 05:37:33.690786,USER_3822,55.05,McDonalds,Cash,AUS,0
2025-10-30 05:41:42.690786,USER_8161,36.27,Target,UPI,UK,0
2025-10-30 05:46:59.690786,USER_7801,9.98,CVS,Credit Card,CAN,0
2025-10-30 05:47:26.690786,USER_4325,16.18,Walgreens,Bank Transfer,FRA,0
2025-10-30 05:52:10.690786,USER_7876,10.59,CVS,Credit Card,IND,0
2025-10-30 06:00:00.690786,USER_2363,234.84,McDonalds,Debit Card,USA,0
2025-10-30 06:11:37.690786,USER_8777,66.77,Target,Credit Card,JPN,0
2025-10-30 06:22:55.690786,USER_6250,7.53,BestBuy,Debit Card,UK,0
2025-10-30 06:33:29.690786,USER_7802,19.71,HomeDepot,Debit Card,GER,0
2025-10-30 06:34:54.690786,USER_8249,6.59,BestBuy,UPI,AUS,0
2025-10-30 06:47:27.690786,USER_5593,22.01,Flipkart,Cash,USA,0
2025-10-30 06:58:59.690786,USER_8773,156.85,Shell,PayPal,AUS,0
2025-10-30 07:00:15.690786,USER_3568,38.02,Amazon,PayPal,CAN,0
2025-10-30 07:06:04.690786,USER_1408,42.15,Shell,PayPal,FRA,0
2025-10-30 07:26:35.690786,USER_2929,34.99,HomeDepot,UPI,CAN,0
2025-10-30 07:35:31.690786,USER_7176,18.23,CVS,Bank Transfer,FRA,0
2025-10-30 07:40:37.690786,USER_7895,189.99,WholeFoods,Cash,USA,0
2025-10-30 07:53:58.690786,USER_1616,9.97,BestBuy,PayPal,JPN,0
2025-10-30 07:56:22.690786,USER_5844,42.27,Walmart,Bank Transfer,IND,0
2025-10-30 08:07:47.690786,USER_9056,48.8,Walmart,Credit Card,FRA,0
2025-10-30 08:08:44.690786,USER_1440,5.5,CVS,Bank Transfer,JPN,0
2025-10-30 08:19:32.690786,USER_4506,75.46,Walmart,PayPal,IND,0
2025-10-30 08:28:53.690786,USER_5614,194.78,CVS,PayPal,GER,0
2025-10-30 08:46:24.690786,USER_4698,101.61,BP,Credit Card,JPN,0
2025-10-30 08:46:28.690786,USER_9412,7.02,Walmart,UPI,CAN,0
2025-10-30 08:46:33.690786,USER_5595,44.1,Flipkart,UPI,UK,0
2025-10-30 08:47:02.690786,USER_1027,52.71,Costco,UPI,USA,0
2025-10-30 08:57:35.690786,USER_7960,6.45,Walmart,Cash,GER,0
2025-10-30 09:14:20.690786,USER_8311,14.44,Nike,Credit Card,UK,0
2025-10-30 09:19:24.690786,USER_8605,91.55,BP,Bank Transfer,GER,0
2025-10-30 09:19:38.690786,USER_4707,15.41,WholeFoods,Debit Card,USA,0
2025-10-30 09:27:32.690786,USER_2477,120.1,McDonalds,UPI,UK,0
2025-10-30 09:54:22.690786,USER_5478,36.83,BestBuy,Debit Card,USA,0
2025-10-30 09:54:59.690786,USER_7457,13.78,Nike,Bank Transfer,UK,0
2025-10-30 09:59:10.690786,USER_7395,20.78,HomeDepot,PayPal,FRA,0
2025-10-30 10:10:39.690786,USER_8993,36.34,Starbucks,Debit Card,AUS,0
2025-10-30 10:22:30.690786,USER_3108,208.54,CVS,PayPal,IND,0
2025-10-30 10:40:37.690786,USER_2552,30.55,WholeFoods,Cash,JPN,0
2025-10-30 10:45:30.690786,USER_2669,293.44,Starbucks,Debit Card,UK,0
2025-10-30 10:49:20.690786,USER_6570,22.85,Flipkart,UPI,CAN,0
2025-10-30 10:53:28.690786,USER_6653,227.88,Nike,UPI,IND,0
2025-10-30 10:54:51.690786,USER_6149,51.23,Walmart,UPI,AUS,0
2025-10-30 10:58:13.690786,USER_2595,16.5,Amazon,PayPal,AUS,0
2025-10-30 11:09:09.690786,USER_3663,61.3,McDonalds,UPI,CAN,0
2025-10-30 11:20:41.690786,USER_6149,262.82,CVS,Bank Transfer,AUS,1
2025-10-30 11:46:56.690786,USER_4639,169.49,Amazon,Debit Card,UK,1
2025-10-30 11:57:26.690786,USER_8703,225.51,Shell,Credit Card,UK,1
2025-10-30 12:03:45.690786,USER_2766,26.34,CVS,UPI,FRA,0
2025-10-30 12:11:46.690786,USER_5918,3.8,McDonalds,Debit Card,IND,0
2025-10-30 12:12:37.690786,USER_8311,103.03,BP,UPI,USA,0
2025-10-30 12:17:44.690786,USER_2364,10.43,Starbucks,UPI,USA,0
2025-10-30 12:29:59.690786,USER_8899,9.51,Starbucks,Credit Card,USA,0
2025-10-30 12:41:57.690786,USER_3999,124.55,Amazon,Bank Transfer,GER,0
2025-10-30 13:00:09.690786,USER_3253,17.51,Walmart,Bank Transfer,GER,0
2025-10-30 13:01:02.690786,USER_6477,21.78,Flipkart,Debit Card,AUS,0
2025-10-30 13:05:10.690786,USER_9964,216.04,McDonalds,Cash,UK,1
2025-10-30 13:13:21.690786,USER_6300,266.83,Walgreens,Cash,GER,0
2025-10-30 13:23:37.690786,USER_4925,60.77,BP,Bank Transfer,UK,0
2025-10-30 13:29:16.690786,USER_3644,57.97,BestBuy,UPI,AUS,0
2025-10-30 13:38:44.690786,USER_7131,383.94,Target,Debit Card,UK,0
2025-10-30 13:41:15.690786,USER_9470,13.33,Target,UPI,CAN,0
2025-10-30 13:42:15.690786,USER_8239,287.47,Walgreens,Bank Transfer,AUS,0
2025-10-30 13:50:46.690786,USER_2000,24.56,Nike,PayPal,AUS,0
2025-10-30 13:58:12.690786,USER_4599,139.81,Costco,Cash,USA,0
2025-10-30 14:01:28.690786,USER_3248,30.44,Flipkart,Cash,IND,0
2025-10-30 14:36:17.690786,USER_2734,13.74,Target,Cash,GER,0
2025-10-30 15:14:17.690786,USER_3867,48.86,BP,Cash,IND,0
2025-10-30 15:27:32.690786,USER_3877,1.09,Nike,Cash,IND,0
2025-10-30 15:32:46.690786,USER_6503,31.68,BestBuy,Bank Transfer,CAN,0
2025-10-30 15:36:47.690786,USER_9859,58.46,Amazon,PayPal,CAN,0
2025-10-30 15:41:59.690786,USER_8239,341.8,McDonalds,Debit Card,IND,0
2025-10-30 15:55:24.690786,USER_1550,2.5,Shell,UPI,UK,0
2025-10-30 15:56:38.690786,USER_1295,12.97,HomeDepot,Debit Card,JPN,0
2025-10-30 16:15:18.690786,USER_4541,101.38,Amazon,UPI,JPN,0
2025-10-30 16:23:52.690786,USER_7305,94.77,HomeDepot,Credit Card,GER,0
2025-10-30 16:24:09.690786,USER_5863,95.33,Amazon,Bank Transfer,USA,0
2025-10-30 16:28:12.690786,USER_8617,3.64,Walmart,Cash,IND,0
2025-10-30 16:47:53.690786,USER_1894,84.73,BestBuy,Debit Card,UK,0
2025-10-30 16:50:08.690786,USER_4428,5.65,Costco,Cash,FRA,0
2025-10-30 17:14:29.690786,USER_6885,13.37,Shell,Debit Card,CAN,0
2025-10-30 17:15:15.690786,USER_3855,11.03,BestBuy,Bank Transfer,UK,0
2025-10-30 17:20:08.690786,USER_7931,7.66,HomeDepot,Debit Card,USA,0
2025-10-30 17:23:20.690786,USER_7020,14.69,McDonalds,PayPal,IND,0
2025-10-30 17:24:16.690786,USER_9147,84.33,WholeFoods,Debit Card,CAN,0
2025-10-30 17:28:59.690786,USER_6922,307.74,Target,Credit Card,JPN,0
2025-10-30 17:29:21.690786,USER_7350,105.31,Costco,PayPal,CAN,0
2025-10-30 17:31:28.690786,USER_4662,46.83,Walgreens,Debit Card,GER,0
2025-10-30 17:31:31.690786,USER_6114,11.98,WholeFoods,UPI,GER,0
2025-10-30 17:35:05.690786,USER_9034,20.29,Starbucks,Debit Card,GER,0
2025-10-30 17:37:46.690786,USER_5953,329.26,Costco,Debit Card,AUS,1
2025-10-30 17:46:11.690786,USER_8652,30.7,Amazon,Credit Card,AUS,0
2025-10-30 17:48:10.690786,USER_6453,16.27,Nike,Credit Card,UK,0
2025-10-30 17:51:51.690786,USER_5921,39.23,Amazon,UPI,FRA,0
2025-10-30 17:59:32.690786,USER_9502,84.37,McDonalds,Cash,AUS,1
2025-10-30 18:03:54.690786,USER_1618,15.55,WholeFoods,Debit Card,UK,0
2025-10-30 18:06:22.690786,USER_2605,36.31,Starbucks,Bank Transfer,AUS,0
2025-10-30 18:07:26.690786,USER_9892,16.59,Costco,PayPal,CAN,0
2025-10-30 18:17:00.690786,USER_1918,47.39,Walgreens,Cash,CAN,0
2025-10-30 18:22:37.690786,USER_9603,15.67,Walgreens,Debit Card,JPN,0
2025-10-30 18:33:06.690786,USER_8101,86.26,HomeDepot,Bank Transfer,CAN,0
2025-10-30 18:48:46.690786,USER_4869,13.84,Flipkart,Bank Transfer,USA,0
2025-10-30 19:01:53.690786,USER_2946,33.68,Costco,UPI,UK,0
2025-10-30 19:21:01.690786,USER_6068,133.73,Costco,UPI,JPN,0
2025-10-30 20:06:08.690786,USER_5485,220.41,McDonalds,UPI,IND,0
2025-10-30 20:09:27.690786,USER_8037,28.6,Starbucks,PayPal,CAN,0
2025-10-30 20:11:47.690786,USER_7628,86.53,Costco,Bank Transfer,UK,0
2025-10-30 20:12:33.690786,USER_8765,16.7,HomeDepot,Cash,USA,0
2025-10-30 20:24:24.690786,USER_4643,2.33,Walgreens,Cash,UK,0
2025-10-30 20:31:00.690786,USER_1297,133.07,Walgreens,Cash,IND,0
2025-10-30 20:55:18.690786,USER_5068,1.11,CVS,UPI,FRA,0
2025-10-30 21:05:29.690786,USER_6209,19.19,Nike,Cash,GER,0
2025-10-30 21:16:13.690786,USER_7138,105.04,CVS,PayPal,FRA,0
2025-10-30 21:16:44.690786,USER_1612,45.87,Walgreens,Cash,USA,0
2025-10-30 21:18:46.690786,USER_2807,1.45,Walmart,PayPal,USA,0
2025-10-30 21:22:27.690786,USER_6171,41.33,Amazon,Debit Card,JPN,0
2025-10-30 21:24:37.690786,USER_7041,64.31,WholeFoods,PayPal,UK,0
2025-10-30 21:26:15.690786,USER_1471,26.67,Flipkart,Credit Card,FRA,0
2025-10-30 21:30:12.690786,USER_5659,42.52,Starbucks,Bank Transfer,UK,0
2025-10-30 21:34:11.690786,USER_1567,89.69,Walgreens,Cash,IND,0
2025-10-30 21:46:39.690786,USER_4397,34.27,HomeDepot,Debit Card,FRA,0
2025-10-30 21:50:07.690786,USER_3903,14.01,Walmart,Bank Transfer,CAN,0
2025-10-30 21:50:55.690786,USER_9151,7.68,BestBuy,UPI,FRA,1
2025-10-30 21:55:11.690786,USER_3094,45.35,Starbucks,Credit Card,CAN,0
2025-10-30 22:12:02.690786,USER_4070,79.77,Walgreens,UPI,GER,0
2025-10-30 22:17:38.690786,USER_9397,34.78,Starbucks,PayPal,FRA,0
2025-10-30 22:19:06.690786,USER_2809,8.81,Nike,PayPal,AUS,0
2025-10-30 22:20:37.690786,USER_4121,23.05,WholeFoods,Credit Card,CAN,0
2025-10-30 22:27:44.690786,USER_7917,44.36,Target,Cash,JPN,0
2025-10-30 22:33:50.690786,USER_2865,32.12,McDonalds,Credit Card,USA,0
2025-10-30 22:53:51.690786,USER_1668,58.87,McDonalds,PayPal,IND,0
2025-10-30 22:56:31.690786,USER_3219,598.93,McDonalds,PayPal,GER,0
2025-10-30 23:03:22.690786,USER_5389,361.77,CVS,Credit Card,GER,0
2025-10-30 23:08:08.690786,USER_9714,64.92,Shell,Credit Card,IND,0
2025-10-30 23:09:23.690786,USER_8837,11.98,Costco,PayPal,FRA,0
2025-10-30 23:10:57.690786,USER_3233,158.63,BestBuy,UPI,AUS,1
2025-10-30 23:24:47.690786,USER_8713,3.59,McDonalds,PayPal,GER,0
2025-10-30 23:29:37.690786,USER_9248,149.69,CVS,PayPal,USA,0
2025-10-30 23:33:41.690786,USER_3207,42.81,HomeDepot,Cash,AUS,0
2025-10-30 23:41:35.690786,USER_9161,9.93,CVS,Debit Card,GER,0
2025-10-30 23:44:45.690786,USER_6410,2.37,McDonalds,UPI,IND,0
2025-10-30 23:46:11.690786,USER_8092,96.04,Costco,Cash,FRA,0
2025-10-31 00:02:38.690786,USER_8577,3.31,WholeFoods,UPI,FRA,0
2025-10-31 00:17:34.690786,USER_3627,1332.29,WholeFoods,Bank Transfer,CAN,0
2025-10-31 00:29:12.690786,USER_5068,85.85,Starbucks,Bank Transfer,GER,0
2025-10-31 00:30:15.690786,USER_4000,25.87,Shell,Bank Transfer,CAN,0
2025-10-31 00:31:38.690786,USER_5528,29.71,Costco,UPI,FRA,0
2025-10-31 00:31:53.690786,USER_3608,20.07,Costco,Cash,IND,0
2025-10-31 00:45:35.690786,USER_3015,11.42,Amazon,Credit Card,AUS,0
2025-10-31 00:50:23.690786,USER_4898,16.45,McDonalds,Credit Card,IND,0
2025-10-31 01:01:48.690786,USER_3209,2.75,Starbucks,UPI,FRA,0
2025-10-31 01:05:08.690786,USER_3444,22.85,Nike,Bank Transfer,GER,0
2025-10-31 01:06:28.690786,USER_8802,82.19,Amazon,UPI,JPN,0
2025-10-31 01:14:30.690786,USER_6690,36.28,CVS,PayPal,UK,0
2025-10-31 01:14:33.690786,USER_6861,24.95,Amazon,Credit Card,CAN,0
2025-10-31 01:21:34.690786,USER_5986,29.4,Shell,Debit Card,USA,0
2025-10-31 01:27:11.690786,USER_9177,1382.85,Walgreens,Bank Transfer,CAN,0
2025-10-31 01:37:33.690786,USER_9743,79.05,Costco,Bank Transfer,FRA,0
2025-10-31 01:39:29.690786,USER_1518,99.44,Shell,UPI,CAN,0
2025-10-31 01:41:07.690786,USER_7447,50.74,BestBuy,UPI,UK,0
2025-10-31 01:44:16.690786,USER_8268,175.99,Walgreens,Debit Card,UK,1
2025-10-31 01:49:41.690786,USER_5221,40.99,Nike,UPI,IND,0
2025-10-31 02:07:07.690786,USER_7385,12.3,McDonalds,Debit Card,FRA,0
2025-10-31 02:28:19.690786,USER_3653,306.41,Target,Debit Card,AUS,0
2025-10-31 02:28:37.690786,USER_3725,31.0,Nike,PayPal,FRA,0
2025-10-31 02:29:11.690786,USER_3916,233.03,Costco,Cash,AUS,0
2025-10-31 02:44:43.690786,USER_9808,26.17,Nike,PayPal,USA,0
2025-10-31 02:54:01.690786,USER_5551,100.1,BestBuy,Credit Card,JPN,0
2025-10-31 03:39:17.690786,USER_6201,41.92,Walgreens,PayPal,UK,0
2025-10-31 03:42:02.690786,USER_8362,4.82,Shell,UPI,JPN,0
2025-10-31 03:44:27.690786,USER_9076,445.0,Target,Debit Card,USA,1
2025-10-31 03:57:09.690786,USER_9530,43.32,McDonalds,Bank Transfer,AUS,0
2025-10-31 03:59:29.690786,USER_5982,52.07,Target,Debit Card,USA,0
2025-10-31 04:05:49.690786,USER_7435,39.97,Nike,PayPal,GER,0
2025-10-31 04:16:16.690786,USER_2735,25.29,Nike,Bank Transfer,AUS,0
2025-10-31 04:32:35.690786,USER_1966,75.01,Walgreens,UPI,AUS,0
2025-10-31 04:36:47.690786,USER_3959,20.17,McDonalds,Credit Card,JPN,0
2025-10-31 04:39:06.690786,USER_2622,77.02,HomeDepot,UPI,CAN,0
2025-10-31 05:14:02.690786,USER_1691,213.02,Costco,Credit Card,GER,0
2025-10-31 05:27:15.690786,USER_8724,37.6,Shell,Bank Transfer,USA,0
2025-10-31 05:27:16.690786,USER_2749,23.61,BestBuy,Bank Transfer,GER,0
2025-10-31 05:32:49.690786,USER_3869,51.2,Target,PayPal,GER,0
2025-10-31 05:33:40.690786,USER_3879,137.15,HomeDepot,UPI,AUS,0
2025-10-31 05:36:17.690786,USER_8244,21.12,HomeDepot,UPI,FRA,0
2025-10-31 05:47:54.690786,USER_5425,26.11,Costco,PayPal,FRA,0
2025-10-31 06:18:38.690786,USER_7366,234.06,Starbucks,UPI,AUS,1
2025-10-31 06:25:00.690786,USER_5445,61.63,Walgreens,PayPal,UK,0
2025-10-31 06:45:15.690786,USER_8412,25.28,CVS,Debit Card,USA,0
2025-10-31 06:54:09.690786,USER_2442,41.34,Flipkart,Credit Card,GER,0
2025-10-31 06:56:15.690786,USER_1669,5.66,Shell,UPI,IND,0
2025-10-31 07:06:58.690786,USER_3414,54.92,Shell,Credit Card,IND,0
2025-10-31 07:08:08.690786,USER_9308,42.75,WholeFoods,Credit Card,AUS,0
2025-10-31 07:26:27.690786,USER_8219,32.24,Nike,Cash,AUS,0
2025-10-31 07:56:12.690786,USER_5990,59.72,Shell,Credit Card,FRA,0
2025-10-31 07:56:26.690786,USER_6995,72.81,Nike,Bank Transfer,USA,0
2025-10-31 08:03:16.690786,USER_1685,26.78,Walmart,Cash,FRA,0
2025-10-31 08:07:53.690786,USER_1798,78.14,Amazon,Bank Transfer,IND,0
2025-10-31 08:42:15.690786,USER_8797,188.33,Starbucks,Cash,GER,0
2025-10-31 08:48:28.690786,USER_6410,49.9,WholeFoods,Cash,CAN,0
2025-10-31 08:49:06.690786,USER_3938,65.07,Nike,UPI,UK,0
2025-10-31 08:51:55.690786,USER_8807,122.31,BP,Debit Card,USA,0
2025-10-31 08:55:06.690786,USER_3932,32.68,Shell,UPI,IND,0
2025-10-31 08:59:43.690786,USER_1542,3.13,Flipkart,Debit Card,FRA,0
2025-10-31 08:59:55.690786,USER_2976,25.52,Nike,Cash,CAN,0
2025-10-31 09:08:11.690786,USER_6915,17.98,Costco,UPI,JPN,0
2025-10-31 09:30:57.690786,USER_7369,38.37,Nike,UPI,CAN,0
2025-10-31 09:35:37.690786,USER_3347,30.66,Nike,Credit Card,USA,0
2025-10-31 09:39:14.690786,USER_9834,14.84,HomeDepot,Debit Card,IND,0
2025-10-31 09:44:01.690786,USER_4819,49.57,Walmart,Credit Card,UK,0
2025-10-31 10:00:12.690786,USER_1646,25.4,BP,Debit Card,FRA,0
2025-10-31 10:00:35.690786,USER_8371,9.11,Flipkart,UPI,FRA,0
2025-10-31 10:00:38.690786,USER_9530,3.08,Nike,UPI,AUS,0
2025-10-31 10:13:01.690786,USER_3796,30.1,BP,UPI,FRA,0
2025-10-31 10:20:59.690786,USER_2749,1.94,Nike,Cash,GER,0
2025-10-31 10:43:42.690786,USER_5999,78.68,Starbucks,Cash,AUS,0
2025-10-31 10:55:31.690786,USER_2820,82.44,Flipkart,Cash,JPN,0
2025-10-31 11:02:04.690786,USER_1732,94.8,Walmart,PayPal,JPN,0
2025-10-31 11:06:25.690786,USER_1644,36.72,Target,UPI,JPN,0
2025-10-31 11:09:24.690786,USER_9972,263.05,Flipkart,Bank Transfer,USA,0
2025-10-31 11:18:43.690786,USER_1984,317.83,WholeFoods,Debit Card,CAN,0
2025-10-31 11:19:32.690786,USER_3525,6.18,Nike,Bank Transfer,FRA,0
2025-10-31 11:38:59.690786,USER_3334,30.18,Nike,Bank Transfer,GER,0
2025-10-31 11:42:39.690786,USER_1200,126.56,McDonalds,Debit Card,GER,0
2025-10-31 11:56:34.690786,USER_5909,47.56,Target,PayPal,USA,0
2025-10-31 11:58:35.690786,USER_5107,8.84,Starbucks,PayPal,UK,0
2025-10-31 12:02:50.690786,USER_3165,42.0,Nike,Debit Card,JPN,0
2025-10-31 12:08:43.690786,USER_1525,229.92,Flipkart,PayPal,JPN,0
2025-10-31 12:44:40.690786,USER_8752,6.58,Costco,Bank Transfer,CAN,0
2025-10-31 12:50:11.690786,USER_8749,11.84,BP,Bank Transfer,FRA,0
2025-10-31 13:02:21.690786,USER_2253,2.72,WholeFoods,PayPal,IND,0
2025-10-31 13:07:02.690786,USER_1807,31.84,Flipkart,Cash,FRA,0
2025-10-31 13:16:28.690786,USER_2668,26.04,WholeFoods,Bank Transfer,IND,0
2025-10-31 13:41:24.690786,USER_7959,25.29,Costco,Credit Card,IND,0
2025-10-31 13:46:37.690786,USER_7835,59.37,Walgreens,Credit Card,IND,1
2025-10-31 13:48:21.690786,USER_7301,62.53,Walmart,Bank Transfer,JPN,0
2025-10-31 13:50:45.690786,USER_3409,22.88,BestBuy,Credit Card,GER,0
2025-10-31 13:55:44.690786,USER_7359,91.37,BP,PayPal,FRA,0
2025-10-31 13:59:27.690786,USER_3503,91.26,WholeFoods,UPI,CAN,0
2025-10-31 14:00:00.690786,USER_9385,87.23,Amazon,Debit Card,IND,1
2025-10-31 14:14:29.690786,USER_4865,52.85,Walgreens,Debit Card,USA,0
2025-10-31 14:24:10.690786,USER_5731,155.66,Costco,Credit Card,FRA,0
2025-10-31 14:32:55.690786,USER_3497,6.41,Flipkart,Bank Transfer,IND,0
2025-10-31 14:34:57.690786,USER_6464,28.38,Target,Debit Card,USA,0
2025-10-31 14:44:30.690786,USER_7926,107.14,Flipkart,Bank Transfer,CAN,0
2025-10-31 14:48:11.690786,USER_1439,269.57,Target,PayPal,CAN,0
2025-10-31 14:48:52.690786,USER_9396,37.93,CVS,UPI,AUS,0
2025-10-31 15:02:12.690786,USER_3150,36.01,Target,Credit Card,USA,0
2025-10-31 15:07:17.690786,USER_5075,2.77,CVS,Cash,JPN,0
2025-10-31 15:08:20.690786,USER_9489,26.82,Costco,Debit Card,AUS,0
2025-10-31 15:12:32.690786,USER_2251,25.01,WholeFoods,Cash,IND,0
2025-10-31 15:23:36.690786,USER_2426,21.74,Shell,Debit Card,USA,0
2025-10-31 15:23:56.690786,USER_7189,34.55,Flipkart,UPI,UK,0
2025-10-31 15:32:10.690786,USER_6597,20.16,Shell,PayPal,FRA,0
2025-10-31 15:42:39.690786,USER_2998,99.33,Starbucks,Debit Card,JPN,0
2025-10-31 15:42:41.690786,USER_3551,25.98,Walmart,Bank Transfer,AUS,0
2025-10-31 15:46:28.690786,USER_1462,17.66,BestBuy,Bank Transfer,CAN,0
2025-10-31 15:56:47.690786,USER_6989,114.33,Amazon,Bank Transfer,AUS,0
2025-10-31 16:03:43.690786,USER_9615,9.87,Costco,Credit Card,JPN,0
2025-10-31 16:05:02.690786,USER_4154,56.91,HomeDepot,Bank Transfer,IND,0
2025-10-31 16:05:59.690786,USER_2870,16.93,Walmart,Credit Card,IND,0
2025-10-31 16:10:23.690786,USER_9655,49.45,Starbucks,Bank Transfer,IND,0
2025-10-31 16:17:13.690786,USER_3924,105.89,Costco,UPI,UK,1
2025-10-31 16:40:22.690786,USER_2145,61.97,McDonalds,Credit Card,CAN,0
2025-10-31 17:11:24.690786,USER_5067,18.14,BP,Cash,IND,0
2025-10-31 17:18:03.690786,USER_1352,714.87,Flipkart,Credit Card,GER,0
2025-10-31 17:21:23.690786,USER_3236,5.44,McDonalds,Cash,UK,0
2025-10-31 17:42:46.690786,USER_4270,6.68,WholeFoods,Cash,JPN,0
2025-10-31 17:53:57.690786,USER_3890,128.19,Starbucks,Bank Transfer,AUS,0
2025-10-31 17:59:21.690786,USER_2240,3.53,Shell,UPI,JPN,0
2025-10-31 18:02:02.690786,USER_5698,75.06,BP,Debit Card,IND,0
2025-10-31 18:12:56.690786,USER_2080,5.85,BP,Bank Transfer,JPN,0
2025-10-31 18:15:30.690786,USER_6992,153.42,BestBuy,Credit Card,UK,0
2025-10-31 18:16:27.690786,USER_4613,117.31,Shell,Cash,GER,0
2025-10-31 18:17:54.690786,USER_9788,75.46,Costco,UPI,FRA,0
2025-10-31 18:22:41.690786,USER_8499,1034.92,Starbucks,UPI,UK,1
2025-10-31 18:35:52.690786,USER_7783,19.09,BestBuy,Bank Transfer,GER,0
2025-10-31 18:37:03.690786,USER_5956,165.63,BestBuy,Credit Card,AUS,0
2025-10-31 19:01:29.690786,USER_8272,347.24,CVS,Bank Transfer,GER,0
2025-10-31 19:02:24.690786,USER_6036,19.78,HomeDepot,Cash,CAN,0
2025-10-31 19:19:22.690786,USER_6057,28.55,Walmart,PayPal,UK,0
2025-10-31 19:20:23.690786,USER_1955,110.78,Target,UPI,USA,0
2025-10-31 19:54:29.690786,USER_8104,29.99,Flipkart,Debit Card,IND,0
2025-10-31 19:59:36.690786,USER_8756,60.08,CVS,PayPal,IND,0
2025-10-31 20:09:45.690786,USER_1897,14.37,Amazon,UPI,UK,0
2025-10-31 20:13:29.690786,USER_7476,96.24,Target,Bank Transfer,CAN,0
2025-10-31 20:21:47.690786,USER_4438,399.54,CVS,Credit Card,USA,0
2025-10-31 20:24:37.690786,USER_8657,40.15,Target,PayPal,UK,0
2025-10-31 20:46:30.690786,USER_5225,22.32,Walmart,Debit Card,JPN,0
2025-10-31 20:57:20.690786,USER_5439,66.96,Costco,UPI,UK,0
2025-10-31 20:59:34.690786,USER_5029,27.98,Walmart,Credit Card,FRA,0
2025-10-31 21:00:48.690786,USER_4056,6.64,CVS,Credit Card,IND,0
2025-10-31 21:10:48.690786,USER_1393,43.79,Flipkart,Cash,CAN,0
2025-10-31 21:12:38.690786,USER_2102,197.29,Costco,Credit Card,USA,0
2025-10-31 21:13:02.690786,USER_5175,8.53,Starbucks,Bank Transfer,USA,0
2025-10-31 21:27:28.690786,USER_1406,13.16,Costco,Credit Card,FRA,0
2025-10-31 21:28:59.690786,USER_2737,15.45,Nike,Bank Transfer,FRA,0
2025-10-31 21:41:29.690786,USER_8243,3.41,Walgreens,Cash,USA,0
2025-10-31 21:55:37.690786,USER_4594,49.72,McDonalds,PayPal,FRA,0
2025-10-31 22:00:18.690786,USER_6630,58.39,CVS,UPI,UK,0
2025-10-31 22:00:27.690786,USER_8412,19.62,Flipkart,Credit Card,CAN,0
2025-10-31 22:08:58.690786,USER_7997,399.61,CVS,Bank Transfer,CAN,0
2025-10-31 22:11:45.690786,USER_9946,8.07,HomeDepot,UPI,JPN,1
2025-10-31 22:24:44.690786,USER_3992,16.24,Flipkart,Cash,IND,0
2025-10-31 22:45:34.690786,USER_6134,4.94,HomeDepot,Bank Transfer,CAN,0
2025-10-31 22:51:08.690786,USER_7498,23.13,WholeFoods,Debit Card,AUS,0
2025-10-31 23:13:34.690786,USER_2790,10.16,Amazon,UPI,FRA,0
2025-10-31 23:15:45.690786,USER_7997,60.32,Walgreens,Cash,IND,0
2025-10-31 23:15:46.690786,USER_2545,29.53,BestBuy,Credit Card,UK,0
2025-10-31 23:29:58.690786,USER_7247,39.32,HomeDepot,Bank Transfer,CAN,0
2025-10-31 23:34:46.690786,USER_3756,30.11,Shell,Credit Card,AUS,0
2025-10-31 23:43:14.690786,USER_8387,29.54,Amazon,Credit Card,JPN,0
2025-10-31 23:50:53.690786,USER_9260,37.6,WholeFoods,UPI,USA,0
2025-10-31 23:53:57.690786,USER_7974,13.97,Target,Cash,AUS,0
2025-11-01 00:15:59.690786,USER_1571,9.99,Flipkart,Bank Transfer,AUS,0
2025-11-01 00:21:25.690786,USER_2029,31.86,Nike,Bank Transfer,USA,0
2025-11-01 00:22:10.690786,USER_2479,106.8,Flipkart,PayPal,UK,0
2025-11-01 00:33:31.690786,USER_8713,76.54,BestBuy,Debit Card,CAN,0
2025-11-01 00:35:14.690786,USER_3755,22.0,Costco,Credit Card,FRA,0
2025-11-01 00:38:09.690786,USER_8279,59.43,BestBuy,UPI,IND,0
2025-11-01 00:55:50.690786,USER_2626,3.19,HomeDepot,Credit Card,AUS,0
2025-11-01 00:56:53.690786,USER_6640,659.58,WholeFoods,Credit Card,CAN,0
2025-11-01 01:03:58.690786,USER_5562,5.47,CVS,Bank Transfer,FRA,0
2025-11-01 01:06:30.690786,USER_1011,250.78,Starbucks,Cash,IND,0
2025-11-01 01:10:22.690786,USER_4271,14.22,Costco,Cash,UK,0
2025-11-01 01:11:33.690786,USER_9456,67.27,HomeDepot,Credit Card,UK,0
2025-11-01 01:15:44.690786,USER_4467,18.55,Shell,Credit Card,JPN,0
2025-11-01 01:31:14.690786,USER_6098,80.88,HomeDepot,Bank Transfer,AUS,0
2025-11-01 01:33:07.690786,USER_3933,16.33,BP,Cash,USA,0
2025-11-01 01:35:16.690786,USER_3813,31.13,Target,PayPal,UK,0
2025-11-01 01:49:33.690786,USER_6927,18.54,Walmart,PayPal,FRA,0
2025-11-01 02:13:32.690786,USER_8650,14.01,Flipkart,PayPal,UK,0
2025-11-01 02:18:07.690786,USER_6946,216.72,BestBuy,Debit Card,FRA,0
2025-11-01 02:40:08.690786,USER_9337,23.55,WholeFoods,UPI,UK,0
2025-11-01 02:41:02.690786,USER_2060,54.71,McDonalds,Cash,IND,0
2025-11-01 02:44:40.690786,USER_2817,234.68,Nike,Debit Card,USA,1
2025-11-01 02:52:54.690786,USER_3835,54.75,Target,Bank Transfer,CAN,0
2025-11-01 03:13:51.690786,USER_6653,24.08,BestBuy,Bank Transfer,CAN,0
2025-11-01 03:19:48.690786,USER_5306,47.07,Walgreens,PayPal,FRA,0
2025-11-01 03:28:39.690786,USER_9462,50.83,WholeFoods,UPI,CAN,0
2025-11-01 03:35:04.690786,USER_7488,21.23,Starbucks,UPI,FRA,0
2025-11-01 03:35:39.690786,USER_3770,10.32,Walgreens,Credit Card,GER,0
2025-11-01 03:38:58.690786,USER_5635,30.3,BestBuy,Cash,USA,0
2025-11-01 04:02:35.690786,USER_5466,7.88,Shell,UPI,GER,0
2025-11-01 04:19:47.690786,USER_8373,124.46,Nike,UPI,CAN,0
2025-11-01 04:22:15.690786,USER_9717,220.67,Amazon,Cash,AUS,0
2025-11-01 04:28:22.690786,USER_8388,3.09,BP,Credit Card,JPN,0
2025-11-01 04:31:45.690786,USER_7049,48.72,Costco,Bank Transfer,UK,0
2025-11-01 05:20:44.690786,USER_8540,59.06,Nike,Debit Card,JPN,0
2025-11-01 05:27:38.690786,USER_3049,26.46,WholeFoods,Credit Card,FRA,0
2025-11-01 05:37:33.690786,USER_5496,6.0,Target,Credit Card,USA,0
2025-11-01 05:41:29.690786,USER_8168,82.19,Costco,Cash,IND,0
2025-11-01 05:46:17.690786,USER_2469,506.19,Walgreens,Bank Transfer,CAN,0
2025-11-01 05:55:01.690786,USER_2404,44.66,CVS,UPI,CAN,0
2025-11-01 06:18:58.690786,USER_9558,138.02,HomeDepot,Cash,GER,0
2025-11-01 06:21:09.690786,USER_3004,64.38,Shell,Cash,USA,0
2025-11-01 06:27:49.690786,USER_5921,224.04,McDonalds,Bank Transfer,IND,0
2025-11-01 06:58:49.690786,USER_7101,7.02,Target,Cash,JPN,0
2025-11-01 06:59:38.690786,USER_7763,7.89,Nike,Bank Transfer,CAN,0
2025-11-01 07:03:15.690786,USER_3832,58.31,CVS,UPI,AUS,0
2025-11-01 07:09:04.690786,USER_8298,42.59,CVS,UPI,GER,0
2025-11-01 07:34:05.690786,USER_9825,20.2,BestBuy,Debit Card,JPN,0
2025-11-01 07:42:54.690786,USER_8852,28.29,Target,Cash,CAN,0
2025-11-01 07:43:23.690786,USER_2392,182.52,McDonalds,PayPal,JPN,0
2025-11-01 07:46:07.690786,USER_8872,11.24,McDonalds,Cash,UK,0
2025-11-01 07:48:57.690786,USER_3806,4.34,McDonalds,Cash,FRA,0
2025-11-01 07:56:44.690786,USER_8374,45.31,CVS,UPI,AUS,0
2025-11-01 07:57:03.690786,USER_1890,59.69,CVS,Cash,UK,0
2025-11-01 08:06:49.690786,USER_4255,24.56,Walgreens,Bank Transfer,AUS,0
2025-11-01 08:12:42.690786,USER_5055,62.32,McDonalds,Debit Card,USA,0
2025-11-01 08:21:49.690786,USER_2390,391.11,WholeFoods,Cash,GER,1
2025-11-01 08:27:37.690786,USER_8552,21.01,HomeDepot,UPI,USA,0
2025-11-01 08:28:02.690786,USER_2932,43.35,Amazon,Credit Card,IND,0
2025-11-01 08:34:42.690786,USER_7146,33.46,HomeDepot,PayPal,CAN,0
2025-11-01 09:36:17.690786,USER_1067,3.88,McDonalds,UPI,IND,0
2025-11-01 09:42:07.690786,USER_7958,363.14,CVS,Debit Card,USA,0
2025-11-01 09:43:34.690786,USER_8444,33.24,Flipkart,Debit Card,JPN,0
2025-11-01 09:46:42.690786,USER_6463,4.77,Flipkart,UPI,JPN,0
2025-11-01 09:54:35.690786,USER_8433,41.43,Amazon,Cash,GER,0
2025-11-01 09:58:54.690786,USER_2850,92.77,Amazon,Credit Card,JPN,0
2025-11-01 10:22:18.690786,USER_1349,349.91,McDonalds,UPI,USA,0
2025-11-01 10:24:02.690786,USER_6382,69.66,BP,Cash,UK,0
2025-11-01 10:26:42.690786,USER_5201,15.88,CVS,Cash,AUS,0
2025-11-01 10:28:50.690786,USER_2119,3.53,Amazon,Debit Card,GER,0
2025-11-01 10:38:16.690786,USER_5256,6.34,BestBuy,Credit Card,CAN,0
2025-11-01 10:47:39.690786,USER_6458,45.55,McDonalds,Debit Card,JPN,0
2025-11-01 10:50:31.690786,USER_5079,123.56,HomeDepot,Cash,JPN,0
2025-11-01 10:56:08.690786,USER_4700,8.98,CVS,Cash,GER,0
2025-11-01 11:03:38.690786,USER_2631,117.26,Target,Debit Card,CAN,0
2025-11-01 11:07:48.690786,USER_5413,193.49,Amazon,PayPal,JPN,0
2025-11-01 11:09:56.690786,USER_6319,25.46,Walmart,UPI,CAN,0
2025-11-01 11:10:52.690786,USER_3338,19.92,HomeDepot,UPI,GER,0
2025-11-01 11:17:30.690786,USER_8454,80.96,Starbucks,UPI,AUS,0
2025-11-01 11:22:52.690786,USER_3681,83.05,CVS,Cash,IND,0
2025-11-01 11:24:50.690786,USER_3366,119.55,Target,UPI,IND,0
2025-11-01 11:28:42.690786,USER_1246,8.01,Walmart,UPI,UK,0
2025-11-01 11:30:00.690786,USER_2717,7.32,BestBuy,PayPal,USA,0
2025-11-01 11:34:58.690786,USER_5467,34.02,Shell,PayPal,GER,0
2025-11-01 11:37:08.690786,USER_1376,96.38,Starbucks,UPI,IND,0
2025-11-01 11:40:23.690786,USER_3915,42.34,Nike,Cash,JPN,0
2025-11-01 11:52:45.690786,USER_1158,40.02,Starbucks,PayPal,GER,0
2025-11-01 11:56:40.690786,USER_3875,48.79,Costco,Debit Card,JPN,0
2025-11-01 11:57:34.690786,USER_7179,54.14,Target,UPI,FRA,0
2025-11-01 11:59:56.690786,USER_7922,12.11,BestBuy,Credit Card,CAN,0
2025-11-01 12:08:14.690786,USER_8856,41.91,BestBuy,PayPal,USA,0
2025-11-01 12:09:14.690786,USER_4385,82.12,Walmart,Cash,GER,0
2025-11-01 12:09:32.690786,USER_2769,37.85,WholeFoods,Cash,AUS,0
2025-11-01 12:19:59.690786,USER_8496,25.47,CVS,Debit Card,FRA,0
2025-11-01 12:22:52.690786,USER_2416,42.77,Walgreens,Credit Card,JPN,0
2025-11-01 12:26:13.690786,USER_2404,102.45,Starbucks,Debit Card,AUS,0
2025-11-01 12:27:45.690786,USER_5254,32.16,HomeDepot,Cash,CAN,0
2025-11-01 12:41:05.690786,USER_8257,35.04,Costco,Credit Card,USA,0
2025-11-01 12:43:18.690786,USER_5469,11.96,Target,Debit Card,JPN,0
2025-11-01 12:58:53.690786,USER_7208,65.83,Starbucks,Credit Card,IND,0
2025-11-01 13:04:23.690786,USER_1890,4.84,Starbucks,PayPal,GER,0
2025-11-01 13:12:08.690786,USER_1721,27.83,HomeDepot,Credit Card,CAN,0
2025-11-01 13:35:32.690786,USER_5233,22.73,WholeFoods,PayPal,AUS,0
2025-11-01 13:40:52.690786,USER_9059,5.13,CVS,Cash,UK,0
2025-11-01 13:42:50.690786,USER_2113,101.4,HomeDepot,Bank Transfer,AUS,0
2025-11-01 13:59:35.690786,USER_6299,219.85,Target,UPI,JPN,0
2025-11-01 14:03:20.690786,USER_2318,55.4,Starbucks,Debit Card,FRA,0
2025-11-01 14:13:37.690786,USER_5624,469.95,Walgreens,Cash,FRA,0
2025-11-01 14:16:56.690786,USER_1362,20.46,Nike,UPI,FRA,0
2025-11-01 15:33:20.690786,USER_9770,57.96,Starbucks,Debit Card,AUS,0
2025-11-01 15:39:24.690786,USER_3958,47.53,CVS,PayPal,CAN,0
2025-11-01 15:58:37.690786,USER_3028,9.8,WholeFoods,Bank Transfer,AUS,0
2025-11-01 15:59:03.690786,USER_2663,197.74,CVS,Debit Card,GER,0
2025-11-01 16:00:47.690786,USER_6918,145.9,CVS,Bank Transfer,FRA,0
2025-11-01 16:11:00.690786,USER_4110,6.3,WholeFoods,Credit Card,JPN,0
2025-11-01 16:18:08.690786,USER_8379,94.21,BP,Debit Card,UK,0
2025-11-01 16:42:03.690786,USER_3759,1.1,Amazon,UPI,CAN,0
2025-11-01 16:50:14.690786,USER_4772,8.4,Shell,PayPal,UK,0
2025-11-01 16:57:05.690786,USER_8515,46.89,Costco,Bank Transfer,GER,0
2025-11-01 17:16:48.690786,USER_3534,94.02,Target,Bank Transfer,GER,0
2025-11-01 17:27:34.690786,USER_6341,4.36,WholeFoods,Credit Card,CAN,0
2025-11-01 17:33:51.690786,USER_5252,80.56,Nike,Cash,FRA,0
2025-11-01 17:35:28.690786,USER_6624,17.22,CVS,Debit Card,UK,0
2025-11-01 17:46:58.690786,USER_9407,15.47,Amazon,Debit Card,UK,0
2025-11-01 17:49:18.690786,USER_7642,88.86,BP,UPI,FRA,0
2025-11-01 18:01:11.690786,USER_9570,99.79,Walmart,Credit Card,FRA,0
2025-11-01 18:25:29.690786,USER_8793,4.17,BestBuy,Cash,USA,0
2025-11-01 18:52:38.690786,USER_1612,17.93,Walmart,Credit Card,AUS,0
2025-11-01 18:57:06.690786,USER_3374,8.72,Nike,UPI,IND,0
2025-11-01 19:00:58.690786,USER_6187,0.97,McDonalds,Debit Card,IND,0
2025-11-01 19:10:26.690786,USER_8251,59.71,BestBuy,Debit Card,GER,0
2025-11-01 19:16:02.690786,USER_7264,47.9,Walgreens,Bank Transfer,GER,0
2025-11-01 19:18:12.690786,USER_7608,5.26,Amazon,PayPal,USA,0
2025-11-01 19:22:55.690786,USER_6918,8.93,HomeDepot,Debit Card,FRA,0
2025-11-01 19:24:06.690786,USER_6544,27.39,Target,Cash,GER,0
2025-11-01 19:33:32.690786,USER_5915,92.54,McDonalds,Cash,FRA,0
2025-11-01 19:48:34.690786,USER_5053,10.38,Target,Credit Card,JPN,0
2025-11-01 19:53:13.690786,USER_7298,7.35,Nike,Credit Card,JPN,0
2025-11-01 19:58:10.690786,USER_6956,35.99,Nike,Bank Transfer,AUS,0
2025-11-01 20:05:49.690786,USER_3917,38.39,HomeDepot,PayPal,USA,0
2025-11-01 20:06:47.690786,USER_2936,218.94,Starbucks,PayPal,FRA,0
2025-11-01 20:17:33.690786,USER_4438,10.08,Nike,Credit Card,GER,0
2025-11-01 20:32:41.690786,USER_4460,9.22,Walmart,Bank Transfer,USA,0
2025-11-01 20:40:01.690786,USER_1237,14.15,Nike,Cash,GER,0
2025-11-01 20:43:25.690786,USER_9095,7.65,Costco,Bank Transfer,FRA,0
2025-11-01 20:58:37.690786,USER_2168,42.94,Walgreens,Bank Transfer,GER,0
2025-11-01 21:13:20.690786,USER_1173,20.5,BP,Cash,AUS,0
2025-11-01 21:35:06.690786,USER_6119,115.34,Costco,UPI,AUS,0
2025-11-01 21:38:39.690786,USER_1803,8.25,HomeDepot,UPI,UK,0
2025-11-01 21:59:38.690786,USER_7933,35.96,Target,Debit Card,CAN,1
2025-11-01 22:00:50.690786,USER_5842,14.73,CVS,PayPal,JPN,0
2025-11-01 22:04:53.690786,USER_5520,16.09,HomeDepot,PayPal,USA,0
2025-11-01 22:11:03.690786,USER_4471,4.25,Target,PayPal,IND,0
2025-11-01 22:28:48.690786,USER_4858,163.16,BestBuy,PayPal,GER,0
2025-11-01 22:36:43.690786,USER_6395,34.26,Nike,Debit Card,GER,0
2025-11-01 22:40:26.690786,USER_4172,79.96,McDonalds,Cash,USA,0
2025-11-01 22:47:05.690786,USER_8220,15.26,Shell,Cash,FRA,0
2025-11-01 22:50:00.690786,USER_5981,39.01,Flipkart,Credit Card,AUS,0
2025-11-01 23:13:26.690786,USER_8046,17.65,Costco,Debit Card,AUS,0
2025-11-01 23:22:14.690786,USER_2651,2.88,Target,Cash,JPN,0
2025-11-01 23:48:28.690786,USER_6041,24.46,Flipkart,UPI,GER,0
2025-11-01 23:53:46.690786,USER_3884,55.09,Flipkart,Cash,CAN,0
2025-11-02 00:30:02.690786,USER_8856,22.56,Walgreens,Debit Card,AUS,0
2025-11-02 00:54:00.690786,USER_1457,10.07,HomeDepot,Bank Transfer,FRA,0
2025-11-02 00:54:06.690786,USER_1659,109.13,McDonalds,Cash,UK,0
2025-11-02 00:57:42.690786,USER_4206,8.04,Walgreens,UPI,IND,0
2025-11-02 00:58:24.690786,USER_9248,286.71,BP,Bank Transfer,USA,0
2025-11-02 01:07:13.690786,USER_2645,63.38,Flipkart,Credit Card,UK,0
2025-11-02 01:08:43.690786,USER_5744,27.33,Walmart,UPI,CAN,0
2025-11-02 01:21:44.690786,USER_1738,262.34,BestBuy,Credit Card,USA,0
2025-11-02 01:22:32.690786,USER_3941,82.23,McDonalds,Credit Card,FRA,0
2025-11-02 01:28:45.690786,USER_2117,18.6,Target,Bank Transfer,JPN,0
2025-11-02 01:47:41.690786,USER_1014,25.23,Costco,Debit Card,GER,0
2025-11-02 01:57:13.690786,USER_9383,20.1,McDonalds,PayPal,GER,0
2025-11-02 02:08:47.690786,USER_6542,36.13,Flipkart,Cash,FRA,0
2025-11-02 02:10:02.690786,USER_4787,10.94,Costco,Bank Transfer,USA,0
2025-11-02 02:12:24.690786,USER_5834,11.45,Nike,Credit Card,GER,0
2025-11-02 02:16:37.690786,USER_4884,22.68,BP,UPI,GER,0
2025-11-02 02:17:50.690786,USER_9451,21.36,Amazon,Bank Transfer,USA,0
2025-11-02 02:23:53.690786,USER_5661,80.33,McDonalds,PayPal,USA,0
2025-11-02 02:29:22.690786,USER_3694,50.2,Costco,Credit Card,GER,0
2025-11-02 02:44:23.690786,USER_8081,21.77,Target,PayPal,FRA,0
2025-11-02 02:51:26.690786,USER_9185,168.66,BestBuy,Bank Transfer,FRA,0
2025-11-02 02:51:54.690786,USER_1854,173.15,Costco,Debit Card,GER,0
2025-11-02 02:55:59.690786,USER_3958,78.72,Flipkart,Cash,IND,0
2025-11-02 03:02:58.690786,USER_1361,790.93,Target,Cash,AUS,0
2025-11-02 03:03:57.690786,USER_6250,13.33,Walmart,PayPal,GER,0
2025-11-02 03:23:05.690786,USER_4615,160.44,Starbucks,PayPal,AUS,0
2025-11-02 03:34:37.690786,USER_8825,17.61,CVS,Debit Card,CAN,0
2025-11-02 03:39:09.690786,USER_6537,3.33,CVS,Credit Card,IND,0
2025-11-02 03:45:33.690786,USER_7038,16.69,WholeFoods,Credit Card,JPN,0
2025-11-02 03:46:18.690786,USER_1696,59.47,Nike,UPI,FRA,0
2025-11-02 03:48:58.690786,USER_7058,207.3,Target,Debit Card,JPN,1
2025-11-02 03:57:25.690786,USER_2895,11.24,CVS,Debit Card,AUS,0
2025-11-02 04:02:48.690786,USER_6549,42.77,BP,Debit Card,GER,0
2025-11-02 04:16:26.690786,USER_3719,79.29,CVS,Cash,JPN,0
2025-11-02 04:24:55.690786,USER_2466,31.84,Costco,Credit Card,JPN,0
2025-11-02 04:29:17.690786,USER_2316,13.0,CVS,PayPal,AUS,0
2025-11-02 04:36:58.690786,USER_3955,28.18,Starbucks,Debit Card,AUS,0
2025-11-02 04:47:18.690786,USER_1149,54.2,CVS,PayPal,AUS,1
2025-11-02 04:48:24.690786,USER_4715,150.55,McDonalds,Debit Card,GER,0
2025-11-02 04:57:58.690786,USER_6185,5.27,Starbucks,PayPal,USA,0
2025-11-02 05:12:12.690786,USER_8685,58.37,CVS,PayPal,AUS,0
2025-11-02 05:16:25.690786,USER_1305,6.28,WholeFoods,Debit Card,AUS,0
2025-11-02 05:36:05.690786,USER_7478,9.67,Walgreens,Credit Card,UK,0
2025-11-02 05:43:26.690786,USER_9125,27.92,Target,Cash,FRA,0
2025-11-02 06:10:57.690786,USER_4212,8.73,Costco,Debit Card,IND,0
2025-11-02 06:26:26.690786,USER_8966,29.03,BestBuy,Cash,UK,0
2025-11-02 06:50:31.690786,USER_6113,165.43,Nike,PayPal,USA,0
2025-11-02 07:01:20.690786,USER_4127,17.55,WholeFoods,Debit Card,FRA,0
2025-11-02 07:03:53.690786,USER_7440,43.08,McDonalds,Debit Card,UK,0
2025-11-02 07:27:36.690786,USER_7766,16.71,Amazon,PayPal,JPN,0
2025-11-02 07:29:35.690786,USER_1781,3683.01,Starbucks,Cash,FRA,0
2025-11-02 07:46:56.690786,USER_3598,6.39,BP,PayPal,JPN,0
2025-11-02 07:56:11.690786,USER_8079,155.83,Costco,Cash,CAN,0
2025-11-02 08:02:45.690786,USER_4438,4.87,HomeDepot,UPI,JPN,0
2025-11-02 08:17:08.690786,USER_9981,70.03,McDonalds,PayPal,CAN,0
2025-11-02 08:42:45.690786,USER_4594,41.32,Nike,PayPal,FRA,0
2025-11-02 08:44:41.690786,USER_6298,15.41,Shell,UPI,AUS,0
2025-11-02 08:57:25.690786,USER_1256,205.53,Amazon,Cash,FRA,0
2025-11-02 09:02:32.690786,USER_3598,13.49,HomeDepot,Cash,CAN,0
2025-11-02 09:09:38.690786,USER_6075,6.69,Target,Debit Card,GER,0
2025-11-02 09:13:53.690786,USER_3893,12.27,McDonalds,Cash,FRA,0
2025-11-02 09:23:39.690786,USER_1187,4.55,Flipkart,UPI,FRA,0
2025-11-02 09:34:23.690786,USER_1620,41.27,Walmart,PayPal,JPN,0
2025-11-02 10:00:03.690786,USER_4363,29.95,McDonalds,Credit Card,GER,0
2025-11-02 10:02:37.690786,USER_9376,67.01,Walgreens,PayPal,CAN,0
2025-11-02 10:10:31.690786,USER_2867,42.32,Nike,Credit Card,USA,0
2025-11-02 10:23:25.690786,USER_3476,33.85,Starbucks,Debit Card,IND,0
2025-11-02 10:37:57.690786,USER_1864,16.01,Shell,Cash,UK,0
2025-11-02 10:43:18.690786,USER_5641,210.72,CVS,Debit Card,UK,0
2025-11-02 10:46:32.690786,USER_2850,10.4,Walmart,Bank Transfer,GER,0
2025-11-02 10:49:27.690786,USER_8424,5.25,Nike,PayPal,GER,0
2025-11-02 10:52:29.690786,USER_8215,90.68,Walgreens,UPI,CAN,0
2025-11-02 11:13:46.690786,USER_6371,89.68,HomeDepot,Bank Transfer,USA,0
2025-11-02 11:14:33.690786,USER_4571,29.42,Amazon,Debit Card,JPN,0
2025-11-02 11:21:30.690786,USER_1121,8.13,Walmart,Credit Card,FRA,0
2025-11-02 11:24:00.690786,USER_2668,119.35,Costco,Debit Card,UK,0
2025-11-02 11:29:22.690786,USER_1003,11.94,Nike,Cash,UK,0
2025-11-02 11:32:59.690786,USER_6168,10.6,Target,Cash,FRA,0
2025-11-02 11:42:11.690786,USER_7271,10.47,Amazon,Cash,CAN,0
2025-11-02 11:45:10.690786,USER_2410,9.32,WholeFoods,Bank Transfer,JPN,0
2025-11-02 11:58:32.690786,USER_1570,52.83,Target,UPI,JPN,0
2025-11-02 12:02:51.690786,USER_2465,2.28,McDonalds,Credit Card,IND,0
2025-11-02 12:07:08.690786,USER_4541,448.15,CVS,Debit Card,AUS,0
2025-11-02 12:08:40.690786,USER_3524,137.61,Flipkart,UPI,USA,0
2025-11-02 12:25:19.690786,USER_5846,43.81,BP,Bank Transfer,FRA,0
2025-11-02 12:43:16.690786,USER_1859,4.76,Amazon,Credit Card,AUS,0
2025-11-02 12:48:48.690786,USER_6756,32.75,Walmart,Debit Card,IND,0
2025-11-02 12:49:00.690786,USER_2855,82.09,Shell,UPI,FRA,0
2025-11-02 13:37:56.690786,USER_8373,103.49,Amazon,Cash,CAN,0
2025-11-02 13:43:34.690786,USER_9899,298.2,Shell,PayPal,FRA,0
2025-11-02 14:00:03.690786,USER_3095,25.91,Nike,Bank Transfer,AUS,0
2025-11-02 14:02:04.690786,USER_1032,60.54,BestBuy,Debit Card,FRA,0
2025-11-02 14:17:43.690786,USER_7222,47.97,Starbucks,PayPal,GER,0
2025-11-02 14:26:06.690786,USER_6104,12.16,WholeFoods,Credit Card,CAN,0
2025-11-02 14:26:50.690786,USER_7243,4.78,Shell,PayPal,IND,0
2025-11-02 14:36:52.690786,USER_6140,41.96,WholeFoods,Debit Card,FRA,0
2025-11-02 15:02:17.690786,USER_6132,163.63,McDonalds,Debit Card,CAN,1
2025-11-02 15:03:42.690786,USER_4424,30.93,Target,Credit Card,IND,0
2025-11-02 15:16:33.690786,USER_8298,17.51,HomeDepot,Debit Card,UK,0
2025-11-02 15:25:39.690786,USER_1155,35.06,Costco,UPI,FRA,0
2025-11-02 15:34:52.690786,USER_6565,110.41,Amazon,UPI,UK,0
2025-11-02 15:35:45.690786,USER_5476,61.58,Starbucks,PayPal,AUS,0
2025-11-02 16:07:52.690786,USER_6783,29.68,Target,PayPal,UK,0
2025-11-02 16:12:39.690786,USER_4476,12.4,BP,Cash,AUS,0
2025-11-02 17:23:33.690786,USER_1132,10.1,Costco,UPI,UK,1
2025-11-02 17:33:57.690786,USER_3784,27.33,Nike,UPI,AUS,0
2025-11-02 17:42:19.690786,USER_4276,103.9,McDonalds,Bank Transfer,AUS,0
2025-11-02 17:45:25.690786,USER_4156,14.3,Walmart,Bank Transfer,CAN,0
2025-11-02 18:06:01.690786,USER_1891,43.35,Walmart,Debit Card,UK,0
2025-11-02 18:12:37.690786,USER_8878,5.03,Shell,Bank Transfer,FRA,0
2025-11-02 18:24:42.690786,USER_3948,32.46,Shell,PayPal,FRA,0
2025-11-02 18:32:19.690786,USER_1918,16.57,Nike,Bank Transfer,IND,0
2025-11-02 18:40:11.690786,USER_2280,14.02,Walmart,Debit Card,JPN,0
2025-11-02 18:51:38.690786,USER_6528,18.44,HomeDepot,UPI,UK,0
2025-11-02 19:01:14.690786,USER_9677,23.58,Nike,UPI,CAN,0
2025-11-02 19:02:36.690786,USER_6606,144.49,Target,Bank Transfer,FRA,0
2025-11-02 19:05:45.690786,USER_1260,16.9,McDonalds,UPI,USA,0
2025-11-02 19:18:03.690786,USER_4178,131.44,Walmart,Cash,CAN,0
2025-11-02 19:20:24.690786,USER_8171,447.61,Nike,Cash,USA,1
2025-11-02 19:27:31.690786,USER_6711,11.41,Costco,Cash,CAN,0
2025-11-02 19:32:46.690786,USER_6412,46.28,WholeFoods,Bank Transfer,AUS,0
2025-11-02 19:33:22.690786,USER_2436,73.29,Starbucks,Debit Card,UK,0
2025-11-02 19:37:30.690786,USER_3023,581.75,BestBuy,Credit Card,USA,0
2025-11-02 19:40:24.690786,USER_5939,11.0,Amazon,PayPal,IND,0
2025-11-02 19:41:16.690786,USER_2385,71.86,Amazon,Debit Card,USA,0
2025-11-02 19:52:42.690786,USER_5958,69.08,Shell,Cash,USA,0
2025-11-02 19:54:07.690786,USER_2477,41.94,Target,UPI,GER,0
2025-11-02 19:58:18.690786,USER_6174,11.79,Nike,Credit Card,FRA,0
2025-11-02 20:03:24.690786,USER_7943,8.72,Amazon,Bank Transfer,UK,0
2025-11-02 20:13:06.690786,USER_4811,241.64,CVS,PayPal,GER,1
2025-11-02 20:13:42.690786,USER_9196,7.31,BP,Credit Card,UK,0
2025-11-02 20:29:32.690786,USER_1161,15.96,Walgreens,Credit Card,JPN,1
2025-11-02 20:32:34.690786,USER_6882,142.82,Costco,Cash,CAN,0
2025-11-02 20:34:09.690786,USER_8795,22.54,Starbucks,Cash,AUS,0
2025-11-02 20:40:37.690786,USER_9605,609.15,BP,Cash,UK,0
2025-11-02 20:59:42.690786,USER_3783,359.41,Starbucks,PayPal,GER,0
2025-11-02 21:14:08.690786,USER_9713,124.54,Walmart,PayPal,FRA,0
2025-11-02 21:20:28.690786,USER_9801,1.88,Target,Credit Card,USA,0
2025-11-02 21:31:41.690786,USER_7039,30.84,Starbucks,Cash,AUS,0
2025-11-02 21:35:54.690786,USER_5583,14.17,McDonalds,UPI,UK,0
2025-11-02 21:47:40.690786,USER_2901,36.02,CVS,Credit Card,USA,0
2025-11-02 21:54:25.690786,USER_7466,13.59,WholeFoods,Cash,IND,0
2025-11-02 22:01:14.690786,USER_3253,9.5,McDonalds,Debit Card,JPN,0
2025-11-02 22:03:25.690786,USER_5588,26.63,Amazon,Debit Card,JPN,0
2025-11-02 22:07:03.690786,USER_5519,30.29,Starbucks,UPI,AUS,0
2025-11-02 22:08:08.690786,USER_5724,264.81,Starbucks,UPI,FRA,1
2025-11-02 22:22:14.690786,USER_8942,33.62,Shell,UPI,IND,0
2025-11-02 22:24:06.690786,USER_8949,7.82,Flipkart,UPI,JPN,0
2025-11-02 22:32:57.690786,USER_7643,903.49,Target,UPI,CAN,1
2025-11-02 22:49:47.690786,USER_8405,22.19,BP,Credit Card,USA,0
2025-11-02 22:59:46.690786,USER_7670,20.86,Starbucks,Cash,USA,0
2025-11-02 23:09:51.690786,USER_3459,16.83,CVS,Debit Card,JPN,0
2025-11-02 23:10:14.690786,USER_9032,17.62,Costco,Debit Card,USA,0
2025-11-02 23:13:16.690786,USER_1415,12.69,WholeFoods,PayPal,USA,0
2025-11-02 23:14:59.690786,USER_5375,15.93,Starbucks,Cash,FRA,0
2025-11-02 23:25:02.690786,USER_5091,40.83,HomeDepot,Debit Card,FRA,0
2025-11-02 23:28:00.690786,USER_2781,145.96,Nike,Credit Card,CAN,0
2025-11-02 23:35:48.690786,USER_6454,15.25,Shell,Credit Card,GER,0
2025-11-02 23:38:25.690786,USER_6984,77.72,CVS,Debit Card,CAN,0
2025-11-02 23:40:52.690786,USER_8999,100.3,HomeDepot,UPI,IND,0
2025-11-02 23:44:08.690786,USER_1834,55.78,Walmart,Credit Card,IND,0
2025-11-03 00:01:53.690786,USER_1108,105.48,BestBuy,UPI,GER,0
2025-11-03 00:07:03.690786,USER_9015,10.55,BestBuy,PayPal,GER,0
2025-11-03 00:13:14.690786,USER_5227,96.92,Costco,Bank Transfer,AUS,0
2025-11-03 00:33:50.690786,USER_6621,7.93,HomeDepot,Cash,FRA,0
2025-11-03 00:55:46.690786,USER_2052,15.11,CVS,Credit Card,GER,0
2025-11-03 00:56:56.690786,USER_8524,31.82,WholeFoods,UPI,AUS,0
2025-11-03 00:59:07.690786,USER_2789,4.51,WholeFoods,Debit Card,UK,0
2025-11-03 01:35:41.690786,USER_8008,154.03,HomeDepot,Cash,JPN,0
2025-11-03 01:37:57.690786,USER_7617,35.89,HomeDepot,Credit Card,UK,0
2025-11-03 01:43:27.690786,USER_9649,144.89,BestBuy,Cash,CAN,0
2025-11-03 02:00:34.690786,USER_6690,9.56,BP,Debit Card,JPN,0
2025-11-03 02:06:01.690786,USER_1750,113.97,Walgreens,Cash,USA,0
2025-11-03 02:19:35.690786,USER_7664,10.06,Walgreens,Cash,CAN,0
2025-11-03 02:30:38.690786,USER_2314,314.63,BestBuy,PayPal,GER,1
2025-11-03 02:43:16.690786,USER_7178,87.8,Nike,Cash,CAN,0
2025-11-03 02:45:17.690786,USER_4361,229.63,WholeFoods,PayPal,FRA,1
2025-11-03 02:47:17.690786,USER_3255,10.62,BP,PayPal,FRA,0
2025-11-03 02:56:05.690786,USER_1095,23.7,Costco,Credit Card,USA,0
2025-11-03 03:15:44.690786,USER_3184,30.91,Flipkart,PayPal,IND,0
2025-11-03 03:23:49.690786,USER_4483,56.24,BP,PayPal,FRA,0
2025-11-03 03:37:23.690786,USER_4678,27.73,BestBuy,PayPal,GER,0
2025-11-03 03:40:01.690786,USER_2005,60.56,Nike,Credit Card,AUS,0
2025-11-03 03:49:10.690786,USER_8227,107.57,Nike,Bank Transfer,UK,0
2025-11-03 03:49:21.690786,USER_3353,28.08,Costco,UPI,JPN,0
2025-11-03 03:50:26.690786,USER_2435,0.91,BP,Cash,USA,0
2025-11-03 03:52:13.690786,USER_7064,39.11,Starbucks,PayPal,FRA,0
2025-11-03 03:54:56.690786,USER_6460,27.66,BP,PayPal,JPN,0
2025-11-03 04:00:31.690786,USER_5968,29.26,CVS,Credit Card,AUS,0
2025-11-03 04:27:51.690786,USER_7305,55.29,Nike,PayPal,USA,0
2025-11-03 04:46:14.690786,USER_3484,48.13,BestBuy,Credit Card,JPN,0
2025-11-03 05:05:08.690786,USER_3561,40.63,HomeDepot,PayPal,CAN,0
2025-11-03 05:11:18.690786,USER_2818,158.41,Costco,Debit Card,JPN,0
2025-11-03 05:38:13.690786,USER_7423,148.01,Nike,PayPal,IND,0
2025-11-03 05:39:03.690786,USER_6362,45.63,McDonalds,PayPal,FRA,0
2025-11-03 05:52:49.690786,USER_4781,57.36,WholeFoods,UPI,FRA,0
2025-11-03 05:54:01.690786,USER_7038,66.36,Flipkart,UPI,USA,0
2025-11-03 05:54:04.690786,USER_9278,61.97,Starbucks,Credit Card,AUS,0
2025-11-03 06:02:53.690786,USER_5018,90.17,Flipkart,Debit Card,GER,0
2025-11-03 06:06:37.690786,USER_7476,12.01,Flipkart,Bank Transfer,FRA,0
2025-11-03 06:13:35.690786,USER_2870,55.37,Walgreens,Credit Card,FRA,0
2025-11-03 06:26:03.690786,USER_9015,12.74,Flipkart,Cash,CAN,0
2025-11-03 06:43:50.690786,USER_7308,113.57,CVS,Cash,UK,0
2025-11-03 06:49:18.690786,USER_3815,21.85,WholeFoods,Cash,FRA,0
2025-11-03 06:49:43.690786,USER_1866,24.16,McDonalds,Debit Card,IND,0
2025-11-03 07:05:39.690786,USER_9422,174.36,WholeFoods,Credit Card,UK,0
2025-11-03 07:16:16.690786,USER_2137,3.97,BestBuy,Bank Transfer,JPN,0
2025-11-03 07:27:17.690786,USER_2475,23.98,Nike,Credit Card,FRA,0
2025-11-03 07:28:24.690786,USER_3699,60.4,Starbucks,Bank Transfer,USA,0
2025-11-03 07:28:58.690786,USER_1849,23.67,HomeDepot,Debit Card,AUS,0
2025-11-03 07:36:02.690786,USER_2767,41.43,McDonalds,Bank Transfer,CAN,0
2025-11-03 07:39:35.690786,USER_3805,119.67,Shell,Credit Card,JPN,0
2025-11-03 07:49:43.690786,USER_6601,12.55,McDonalds,PayPal,IND,0
2025-11-03 08:02:41.690786,USER_4596,12.96,Flipkart,Debit Card,UK,0
2025-11-03 08:05:02.690786,USER_8858,0.73,Walmart,Debit Card,JPN,0
2025-11-03 08:11:27.690786,USER_7745,11.28,Nike,Debit Card,IND,0
2025-11-03 08:48:14.690786,USER_2006,41.33,Costco,Credit Card,IND,0
2025-11-03 08:57:10.690786,USER_4985,30.37,Costco,Bank Transfer,IND,0
2025-11-03 08:59:24.690786,USER_7849,189.3,Shell,Cash,GER,0
2025-11-03 09:10:54.690786,USER_5742,42.68,Target,Cash,JPN,0
2025-11-03 09:21:34.690786,USER_8625,6.15,CVS,Debit Card,GER,0
2025-11-03 09:22:17.690786,USER_1656,73.05,BestBuy,UPI,GER,0
2025-11-03 09:24:25.690786,USER_4970,152.3,BP,Debit Card,UK,0
2025-11-03 09:33:48.690786,USER_7388,312.67,Flipkart,Debit Card,CAN,0
2025-11-03 09:51:56.690786,USER_4393,24.53,Amazon,PayPal,FRA,0
2025-11-03 09:55:14.690786,USER_6119,32.34,Nike,Cash,USA,0
2025-11-03 09:55:51.690786,USER_1599,110.19,McDonalds,PayPal,UK,0
2025-11-03 09:59:50.690786,USER_4907,1140.15,Flipkart,Credit Card,UK,1
2025-11-03 10:09:15.690786,USER_6496,28.74,Starbucks,Credit Card,USA,0
2025-11-03 10:27:32.690786,USER_6739,82.33,HomeDepot,Cash,AUS,0
2025-11-03 10:42:08.690786,USER_4549,83.02,BestBuy,UPI,IND,0
2025-11-03 10:53:24.690786,USER_7618,11.29,BP,PayPal,IND,0
2025-11-03 10:55:12.690786,USER_5544,274.08,BP,PayPal,IND,0
2025-11-03 11:05:16.690786,USER_2326,46.83,Walmart,Bank Transfer,UK,1
2025-11-03 11:21:05.690786,USER_5599,61.18,Target,Debit Card,CAN,0
2025-11-03 11:35:08.690786,USER_7867,103.55,Starbucks,UPI,JPN,0
2025-11-03 11:36:57.690786,USER_9789,40.72,Walgreens,Credit Card,UK,0
2025-11-03 11:38:43.690786,USER_1016,27.76,HomeDepot,PayPal,CAN,0
2025-11-03 11:47:49.690786,USER_8688,5.08,Starbucks,Bank Transfer,IND,0
2025-11-03 11:49:33.690786,USER_3224,39.58,BP,PayPal,IND,0
2025-11-03 12:00:49.690786,USER_6026,57.39,Starbucks,Debit Card,GER,0
2025-11-03 12:03:53.690786,USER_2148,61.51,Shell,Credit Card,AUS,0
2025-11-03 12:17:50.690786,USER_5089,41.63,HomeDepot,Cash,FRA,0
2025-11-03 12:21:19.690786,USER_4606,28.26,Amazon,Bank Transfer,AUS,0
2025-11-03 12:23:21.690786,USER_5925,87.95,Shell,Cash,CAN,0
2025-11-03 12:28:06.690786,USER_5979,17.1,CVS,Debit Card,IND,0
2025-11-03 12:28:16.690786,USER_6196,7.94,Shell,Credit Card,USA,0
2025-11-03 12:35:22.690786,USER_2606,61.16,Walmart,Credit Card,GER,0
2025-11-03 12:35:38.690786,USER_4975,63.57,Flipkart,UPI,FRA,0
2025-11-03 12:43:38.690786,USER_3893,59.08,WholeFoods,Debit Card,JPN,0
2025-11-03 12:55:32.690786,USER_1991,82.83,HomeDepot,Bank Transfer,FRA,0
2025-11-03 12:57:55.690786,USER_7269,30.39,Flipkart,Bank Transfer,UK,0
2025-11-03 13:16:28.690786,USER_1685,78.18,BP,UPI,UK,0
2025-11-03 13:17:52.690786,USER_5991,52.23,CVS,Credit Card,JPN,0
2025-11-03 13:18:07.690786,USER_2650,61.95,BP,Cash,CAN,0
2025-11-03 13:21:27.690786,USER_2460,48.87,Target,Credit Card,GER,0
2025-11-03 13:32:30.690786,USER_9596,2.26,BestBuy,Credit Card,USA,0
2025-11-03 13:40:12.690786,USER_2093,237.16,Walgreens,UPI,USA,1
2025-11-03 13:45:11.690786,USER_5726,3.09,Walgreens,Credit Card,USA,0
2025-11-03 13:56:21.690786,USER_6654,9.93,Costco,Credit Card,UK,0
2025-11-03 14:22:56.690786,USER_6415,4.11,Shell,Bank Transfer,JPN,0
2025-11-03 14:27:56.690786,USER_3079,42.16,Target,UPI,USA,0
2025-11-03 14:31:07.690786,USER_6545,43.08,Starbucks,UPI,UK,0
2025-11-03 14:36:08.690786,USER_7984,115.36,WholeFoods,Debit Card,IND,0
2025-11-03 14:46:05.690786,USER_7811,115.59,Flipkart,Cash,UK,0
2025-11-03 14:47:30.690786,USER_4348,1.41,Walmart,PayPal,GER,0
2025-11-03 14:55:30.690786,USER_7540,14.08,Walgreens,Credit Card,CAN,0
2025-11-03 14:58:20.690786,USER_6896,117.78,McDonalds,Bank Transfer,GER,0
2025-11-03 15:03:53.690786,USER_7935,60.33,Shell,Debit Card,FRA,0
2025-11-03 15:06:03.690786,USER_2657,5.91,Walmart,UPI,CAN,0
2025-11-03 15:19:10.690786,USER_1924,40.94,Costco,Bank Transfer,GER,0
2025-11-03 15:47:49.690786,USER_8861,51.55,WholeFoods,Debit Card,USA,0
2025-11-03 15:57:32.690786,USER_5738,57.51,HomeDepot,Credit Card,USA,0
2025-11-03 16:03:10.690786,USER_3057,20.38,BestBuy,Credit Card,JPN,0
2025-11-03 16:06:56.690786,USER_9118,13.64,BestBuy,PayPal,GER,0
2025-11-03 16:16:07.690786,USER_9728,13.2,BP,Bank Transfer,IND,0
2025-11-03 16:17:11.690786,USER_3942,371.79,McDonalds,Debit Card,CAN,0
2025-11-03 16:30:03.690786,USER_2230,80.4,BP,UPI,UK,0
2025-11-03 16:31:26.690786,USER_8970,69.62,Starbucks,Debit Card,AUS,0
2025-11-03 16:34:16.690786,USER_3440,121.03,Walgreens,Credit Card,AUS,0
2025-11-03 16:41:36.690786,USER_8544,7.32,BestBuy,Credit Card,FRA,0
2025-11-03 16:53:13.690786,USER_4411,194.87,McDonalds,Cash,IND,1
2025-11-03 17:05:36.690786,USER_6087,63.99,BestBuy,Debit Card,UK,0
2025-11-03 17:05:42.690786,USER_4254,33.74,McDonalds,Debit Card,UK,0
2025-11-03 17:07:43.690786,USER_6245,12.6,Walmart,Cash,CAN,0
2025-11-03 17:08:32.690786,USER_2063,35.57,CVS,Bank Transfer,GER,0
2025-11-03 17:28:33.690786,USER_6755,13.93,HomeDepot,Bank Transfer,AUS,0
2025-11-03 18:18:32.690786,USER_3626,13.12,Nike,Debit Card,FRA,0
2025-11-03 18:30:36.690786,USER_4889,45.17,Walgreens,Debit Card,USA,0
2025-11-03 18:40:00.690786,USER_7013,60.85,Starbucks,Cash,GER,0
2025-11-03 18:41:07.690786,USER_7618,117.75,WholeFoods,UPI,IND,0
2025-11-03 18:48:20.690786,USER_3759,15.55,Amazon,Credit Card,AUS,0
2025-11-03 18:53:34.690786,USER_5760,62.8,Target,UPI,CAN,0
2025-11-03 19:11:47.690786,USER_9985,30.83,Costco,UPI,UK,0
2025-11-03 19:12:55.690786,USER_1225,29.49,Walmart,Debit Card,FRA,0
2025-11-03 19:20:55.690786,USER_8905,12.83,CVS,Bank Transfer,UK,0
2025-11-03 19:22:29.690786,USER_7251,10.1,Amazon,PayPal,GER,0
2025-11-03 19:23:49.690786,USER_6696,238.4,Target,Credit Card,UK,0
2025-11-03 19:32:07.690786,USER_5616,6.13,HomeDepot,Cash,AUS,0
2025-11-03 19:32:59.690786,USER_5368,116.37,HomeDepot,PayPal,FRA,0
2025-11-03 19:45:30.690786,USER_4767,23.13,Costco,Bank Transfer,FRA,0
2025-11-03 20:02:11.690786,USER_8934,33.89,Walmart,Credit Card,FRA,0
2025-11-03 20:06:09.690786,USER_5182,29.66,CVS,PayPal,CAN,0
2025-11-03 20:12:22.690786,USER_9941,34.67,Target,Cash,GER,0
2025-11-03 20:15:52.690786,USER_4479,65.87,Target,UPI,USA,0
2025-11-03 20:18:29.690786,USER_1251,3.15,Amazon,Cash,FRA,0
2025-11-03 20:23:34.690786,USER_5155,349.01,Starbucks,Debit Card,USA,1
2025-11-03 20:24:13.690786,USER_7793,249.81,Nike,PayPal,IND,0
2025-11-03 20:28:39.690786,USER_1962,70.15,Starbucks,Cash,CAN,0
2025-11-03 20:32:23.690786,USER_9813,26.5,Shell,PayPal,IND,0
2025-11-03 20:36:52.690786,USER_5932,35.2,Starbucks,Debit Card,USA,0
2025-11-03 20:38:04.690786,USER_8802,15.16,Costco,Debit Card,FRA,0
2025-11-03 20:41:18.690786,USER_1388,18.67,WholeFoods,Bank Transfer,IND,0
2025-11-03 20:50:00.690786,USER_7737,21.43,Starbucks,UPI,UK,0
2025-11-03 20:50:12.690786,USER_8412,41.19,HomeDepot,PayPal,CAN,0
2025-11-03 21:09:50.690786,USER_3302,7.43,Walgreens,Bank Transfer,CAN,0
2025-11-03 21:14:44.690786,USER_4095,31.81,HomeDepot,Cash,JPN,0
2025-11-03 21:24:24.690786,USER_9757,3.24,Walmart,Cash,AUS,0
2025-11-03 21:26:47.690786,USER_9992,14.85,Amazon,PayPal,IND,0
2025-11-03 21:35:15.690786,USER_9888,92.21,WholeFoods,Credit Card,JPN,0
2025-11-03 21:44:17.690786,USER_1304,25.1,Starbucks,Debit Card,FRA,0
2025-11-03 21:49:38.690786,USER_1953,265.91,CVS,Cash,UK,0
2025-11-03 21:50:00.690786,USER_3498,47.76,Walgreens,Credit Card,AUS,0
2025-11-03 21:58:56.690786,USER_7088,125.19,Flipkart,PayPal,GER,0
2025-11-03 21:59:31.690786,USER_1922,23.09,BP,PayPal,AUS,0
2025-11-03 22:02:23.690786,USER_2438,13.74,Amazon,Cash,JPN,0
2025-11-03 22:04:36.690786,USER_4394,18.23,HomeDepot,Bank Transfer,USA,0
2025-11-03 22:14:12.690786,USER_2013,154.56,Starbucks,Bank Transfer,CAN,0
2025-11-03 22:16:46.690786,USER_5501,11.12,Target,Cash,JPN,0
2025-11-03 22:20:15.690786,USER_4305,191.45,BestBuy,PayPal,IND,0
2025-11-03 22:34:28.690786,USER_7983,66.39,Starbucks,Bank Transfer,FRA,0
2025-11-03 23:16:54.690786,USER_6855,42.47,Costco,Cash,CAN,0
2025-11-03 23:18:12.690786,USER_4696,192.45,HomeDepot,Debit Card,UK,0
2025-11-03 23:21:15.690786,USER_9538,61.39,CVS,UPI,USA,0
2025-11-03 23:21:26.690786,USER_7782,18.31,CVS,Credit Card,JPN,0
2025-11-03 23:33:47.690786,USER_7110,12.98,Nike,Bank Transfer,AUS,0
2025-11-03 23:34:22.690786,USER_9731,55.11,BestBuy,Bank Transfer,JPN,0
2025-11-03 23:43:06.690786,USER_9698,278.77,Walmart,Debit Card,CAN,0
2025-11-03 23:51:15.690786,USER_6393,116.68,Shell,PayPal,IND,0
2025-11-03 23:51:51.690786,USER_6199,10.41,HomeDepot,PayPal,CAN,0
2025-11-03 23:54:21.690786,USER_8354,27.32,Flipkart,Debit Card,IND,0
2025-11-03 23:55:45.690786,USER_6529,9.88,Amazon,UPI,IND,1
2025-11-03 23:56:19.690786,USER_6581,67.33,Target,Credit Card,AUS,0
2025-11-03 23:58:10.690786,USER_9846,5.7,BP,UPI,AUS,0
2025-11-04 00:15:24.690786,USER_6181,43.2,Flipkart,Bank Transfer,IND,0
2025-11-04 00:31:46.690786,USER_5127,13.03,Walgreens,PayPal,CAN,0
2025-11-04 00:33:26.690786,USER_4281,117.02,Amazon,PayPal,JPN,0
2025-11-04 00:34:15.690786,USER_1902,1.81,HomeDepot,PayPal,AUS,0
2025-11-04 00:42:55.690786,USER_8074,28.58,CVS,UPI,GER,0
2025-11-04 00:52:26.690786,USER_4531,69.06,Shell,Cash,JPN,0
2025-11-04 00:59:17.690786,USER_2915,59.34,Walgreens,PayPal,GER,0
2025-11-04 01:01:41.690786,USER_2753,60.41,McDonalds,Debit Card,FRA,0
2025-11-04 01:05:25.690786,USER_2724,13.1,Shell,Cash,UK,0
2025-11-04 01:13:40.690786,USER_5553,6.89,Shell,Bank Transfer,FRA,0
2025-11-04 01:36:55.690786,USER_3357,8.13,Nike,Bank Transfer,AUS,0
2025-11-04 01:49:31.690786,USER_8938,11.53,Flipkart,Cash,CAN,0
2025-11-04 01:51:39.690786,USER_7780,109.68,Costco,UPI,AUS,1
2025-11-04 01:56:50.690786,USER_9066,85.56,WholeFoods,UPI,UK,0
2025-11-04 02:04:28.690786,USER_9495,42.26,CVS,UPI,CAN,0
2025-11-04 02:26:45.690786,USER_1983,10.72,Nike,PayPal,USA,0
2025-11-04 02:29:43.690786,USER_5312,19.26,HomeDepot,Credit Card,AUS,0
2025-11-04 02:45:23.690786,USER_4260,228.47,Shell,Debit Card,JPN,0
2025-11-04 03:03:07.690786,USER_9051,16.32,WholeFoods,Debit Card,CAN,0
2025-11-04 03:14:19.690786,USER_6825,51.02,Costco,Debit Card,UK,0
2025-11-04 03:15:00.690786,USER_7937,9.16,BP,Bank Transfer,FRA,0
2025-11-04 03:18:36.690786,USER_1162,68.29,Starbucks,PayPal,USA,0
2025-11-04 03:28:30.690786,USER_2790,41.99,Walgreens,Cash,USA,0
2025-11-04 03:34:37.690786,USER_7819,137.72,Flipkart,Credit Card,CAN,0
2025-11-04 03:47:23.690786,USER_3865,15.78,BestBuy,Debit Card,FRA,0
2025-11-04 04:02:26.690786,USER_1904,12.52,Amazon,Debit Card,IND,0
2025-11-04 04:02:32.690786,USER_8519,20.19,Walmart,Bank Transfer,UK,0
2025-11-04 04:08:04.690786,USER_5573,30.79,Target,Debit Card,JPN,0
2025-11-04 04:21:36.690786,USER_9408,117.98,Walgreens,UPI,CAN,0
2025-11-04 04:24:36.690786,USER_4731,3.68,Target,Credit Card,JPN,0
2025-11-04 04:32:01.690786,USER_3267,159.55,Target,Cash,FRA,0
2025-11-04 04:40:19.690786,USER_9392,33.43,Shell,Credit Card,AUS,0
2025-11-04 05:01:15.690786,USER_6901,10.41,Target,PayPal,CAN,0
2025-11-04 05:02:01.690786,USER_4700,17.55,WholeFoods,Debit Card,USA,1
2025-11-04 05:09:45.690786,USER_5396,73.53,Nike,Debit Card,GER,0
2025-11-04 05:11:41.690786,USER_9775,156.65,Starbucks,Credit Card,AUS,0
2025-11-04 05:28:48.690786,USER_8139,69.91,Starbucks,Bank Transfer,FRA,0
2025-11-04 05:45:05.690786,USER_4029,8.93,McDonalds,Debit Card,GER,0
2025-11-04 05:49:19.690786,USER_1227,22.95,BP,PayPal,GER,0
2025-11-04 05:49:44.690786,USER_4221,58.97,Walgreens,UPI,FRA,0
2025-11-04 06:02:02.690786,USER_3236,6.13,Costco,PayPal,IND,0
2025-11-04 06:09:28.690786,USER_2584,71.43,Starbucks,Credit Card,UK,0
2025-11-04 06:12:06.690786,USER_7757,49.8,Costco,Bank Transfer,JPN,0
2025-11-04 06:12:21.690786,USER_7183,424.0,Starbucks,Debit Card,IND,0
2025-11-04 06:15:12.690786,USER_7418,152.45,Starbucks,PayPal,USA,0
2025-11-04 06:27:30.690786,USER_8882,24.93,HomeDepot,UPI,CAN,0
2025-11-04 06:27:57.690786,USER_8304,4.9,Walmart,Bank Transfer,USA,0
2025-11-04 06:41:14.690786,USER_1217,25.14,WholeFoods,PayPal,IND,0
2025-11-04 06:42:44.690786,USER_9376,10.95,HomeDepot,Debit Card,UK,0
2025-11-04 06:44:47.690786,USER_3087,91.84,Nike,PayPal,FRA,0
2025-11-04 06:59:58.690786,USER_1223,28.85,HomeDepot,Bank Transfer,UK,0
2025-11-04 07:03:40.690786,USER_3133,58.16,Flipkart,Debit Card,IND,0
2025-11-04 07:26:03.690786,USER_4504,49.71,CVS,Credit Card,UK,0
2025-11-04 07:27:48.690786,USER_9004,35.92,Amazon,UPI,FRA,0
2025-11-04 07:36:12.690786,USER_7241,111.47,BP,Bank Transfer,GER,0
2025-11-04 08:01:41.690786,USER_5660,11.85,BP,Debit Card,FRA,0
2025-11-04 08:32:06.690786,USER_1431,9.69,Amazon,UPI,AUS,0
2025-11-04 08:34:20.690786,USER_4769,1.29,Flipkart,Credit Card,GER,0
2025-11-04 08:53:45.690786,USER_9970,11.77,Shell,UPI,CAN,0
2025-11-04 09:12:00.690786,USER_9919,1.0,Flipkart,Bank Transfer,FRA,0
2025-11-04 09:21:54.690786,USER_2375,2.6,Starbucks,Credit Card,AUS,0
2025-11-04 09:54:34.690786,USER_4297,12.3,HomeDepot,Bank Transfer,JPN,0
2025-11-04 10:05:01.690786,USER_7598,148.35,Shell,UPI,USA,0
2025-11-04 10:19:29.690786,USER_7294,9.15,Walmart,PayPal,AUS,0
2025-11-04 10:57:16.690786,USER_5081,8.99,Flipkart,UPI,FRA,0
2025-11-04 11:00:27.690786,USER_4961,8.78,BestBuy,Bank Transfer,IND,0
2025-11-04 11:11:25.690786,USER_6959,3.74,McDonalds,Credit Card,JPN,0
2025-11-04 11:25:06.690786,USER_7074,14.78,Nike,UPI,JPN,0
2025-11-04 11:25:30.690786,USER_9773,6.57,Starbucks,Bank Transfer,IND,0
2025-11-04 11:27:48.690786,USER_5412,3.28,BestBuy,PayPal,AUS,0
2025-11-04 11:29:01.690786,USER_5925,29.44,CVS,PayPal,JPN,0
2025-11-04 11:29:09.690786,USER_2959,17.24,Shell,Cash,IND,0
2025-11-04 11:36:26.690786,USER_2875,8.35,McDonalds,UPI,GER,0
2025-11-04 11:49:16.690786,USER_7056,20.26,Costco,UPI,UK,1
2025-11-04 12:35:30.690786,USER_5947,2.11,Walmart,Credit Card,USA,0
2025-11-04 12:43:39.690786,USER_5341,199.39,WholeFoods,Credit Card,AUS,0
2025-11-04 12:47:57.690786,USER_6769,24.57,WholeFoods,Cash,JPN,0
2025-11-04 13:06:48.690786,USER_5477,55.2,BP,Credit Card,UK,0
2025-11-04 13:19:28.690786,USER_8065,15.34,Target,Bank Transfer,AUS,0
2025-11-04 13:22:24.690786,USER_5467,1.65,Amazon,Bank Transfer,UK,0
2025-11-04 13:38:28.690786,USER_5473,11.34,McDonalds,Bank Transfer,IND,0
2025-11-04 13:52:03.690786,USER_5494,55.8,Shell,Credit Card,GER,0
2025-11-04 14:00:04.690786,USER_5206,123.38,BP,Bank Transfer,IND,0
2025-11-04 14:10:33.690786,USER_3376,25.39,Nike,PayPal,JPN,0
2025-11-04 14:32:51.690786,USER_2742,93.97,WholeFoods,Bank Transfer,UK,0
2025-11-04 14:33:47.690786,USER_3091,5.2,Costco,PayPal,AUS,0
2025-11-04 14:36:19.690786,USER_6792,20.69,BP,Cash,AUS,0
2025-11-04 14:40:31.690786,USER_9335,31.89,Amazon,UPI,AUS,0
2025-11-04 14:45:44.690786,USER_6132,21.17,Target,Bank Transfer,FRA,0
2025-11-04 14:47:05.690786,USER_1001,89.17,BP,Cash,FRA,0
2025-11-04 14:47:34.690786,USER_6006,6.24,Flipkart,PayPal,IND,0
2025-11-04 14:48:28.690786,USER_2838,42.99,CVS,Bank Transfer,UK,0
2025-11-04 14:58:28.690786,USER_9301,6.74,Walgreens,UPI,CAN,0
2025-11-04 15:19:08.690786,USER_7166,30.05,CVS,Cash,JPN,0
2025-11-04 15:25:56.690786,USER_9919,1.01,Shell,Credit Card,JPN,0
2025-11-04 15:33:47.690786,USER_1118,32.17,WholeFoods,Cash,IND,0
2025-11-04 15:46:14.690786,USER_2041,11.0,WholeFoods,PayPal,USA,0
2025-11-04 15:47:48.690786,USER_5301,37.63,Amazon,Credit Card,GER,0
2025-11-04 15:51:12.690786,USER_8506,113.12,Shell,UPI,GER,0
2025-11-04 15:56:56.690786,USER_5519,5.49,BestBuy,PayPal,FRA,0
2025-11-04 16:04:43.690786,USER_2815,254.66,CVS,Cash,USA,0
2025-11-04 16:07:55.690786,USER_7407,22.12,BestBuy,Credit Card,GER,0
2025-11-04 16:11:34.690786,USER_4728,5.8,Walgreens,PayPal,USA,0
2025-11-04 16:16:56.690786,USER_8775,44.21,Flipkart,Bank Transfer,IND,0
2025-11-04 16:22:37.690786,USER_4927,60.79,BP,Cash,GER,0
2025-11-04 16:36:46.690786,USER_5096,17.57,Shell,Cash,FRA,0
2025-11-04 16:40:43.690786,USER_9720,14.5,Amazon,Cash,AUS,0
2025-11-04 16:43:42.690786,USER_1846,28.56,Walmart,Bank Transfer,AUS,0
2025-11-04 16:44:37.690786,USER_6272,12.48,BP,PayPal,JPN,0
2025-11-04 16:45:44.690786,USER_1392,7.61,WholeFoods,Cash,IND,0
2025-11-04 17:02:00.690786,USER_3260,52.81,Costco,Debit Card,FRA,0
2025-11-04 17:12:46.690786,USER_8800,20.86,McDonalds,Bank Transfer,FRA,0
2025-11-04 17:20:07.690786,USER_9565,185.6,Amazon,Cash,GER,0
2025-11-04 17:24:14.690786,USER_7274,4.5,WholeFoods,PayPal,IND,0
2025-11-04 17:30:56.690786,USER_6269,38.05,Walmart,Credit Card,AUS,0
2025-11-04 17:31:37.690786,USER_8426,434.49,Walmart,Bank Transfer,FRA,0
2025-11-04 17:33:02.690786,USER_1371,81.25,WholeFoods,Credit Card,CAN,0
2025-11-04 17:37:31.690786,USER_8513,5.76,Amazon,PayPal,JPN,0
2025-11-04 17:38:36.690786,USER_7120,28.79,Amazon,UPI,FRA,0
2025-11-04 17:42:33.690786,USER_4677,24.14,Costco,UPI,CAN,0
2025-11-04 17:54:26.690786,USER_5895,272.17,Flipkart,Debit Card,USA,0
2025-11-04 18:11:57.690786,USER_2840,33.16,CVS,Cash,FRA,0
2025-11-04 18:12:54.690786,USER_8780,15.94,BestBuy,Debit Card,IND,0
2025-11-04 18:31:13.690786,USER_1159,9.16,CVS,Debit Card,GER,0
2025-11-04 18:59:46.690786,USER_4322,318.44,Walgreens,UPI,JPN,1
2025-11-04 19:14:57.690786,USER_2478,22.89,Amazon,Bank Transfer,JPN,0
2025-11-04 19:17:24.690786,USER_4139,37.31,Amazon,Bank Transfer,USA,0
2025-11-04 19:19:11.690786,USER_8113,117.93,Starbucks,PayPal,JPN,0
2025-11-04 19:43:11.690786,USER_8757,33.97,Flipkart,Debit Card,UK,0
2025-11-04 19:59:10.690786,USER_1210,30.15,CVS,UPI,USA,0
2025-11-04 20:13:07.690786,USER_9518,11.42,Walgreens,Cash,FRA,0
2025-11-04 20:13:17.690786,USER_5097,9.66,BestBuy,Debit Card,FRA,0
2025-11-04 20:20:53.690786,USER_9049,25.4,WholeFoods,PayPal,USA,0
2025-11-04 20:22:20.690786,USER_1602,17.42,CVS,Debit Card,USA,0
2025-11-04 20:22:20.690786,USER_9606,16.46,McDonalds,Debit Card,AUS,0
2025-11-04 20:31:07.690786,USER_4314,22.85,Shell,PayPal,USA,0
2025-11-04 20:36:01.690786,USER_1068,189.41,Costco,Credit Card,GER,0
2025-11-04 20:36:30.690786,USER_8438,16.01,Target,Credit Card,JPN,0
2025-11-04 20:37:57.690786,USER_2975,15.97,BP,PayPal,CAN,0
2025-11-04 20:39:55.690786,USER_3348,107.19,Amazon,Credit Card,USA,0
2025-11-04 20:46:19.690786,USER_5882,17.62,Flipkart,UPI,CAN,1
2025-11-04 20:54:23.690786,USER_2565,56.41,BP,Bank Transfer,GER,0
2025-11-04 21:03:06.690786,USER_5706,99.33,WholeFoods,UPI,JPN,0
2025-11-04 21:18:38.690786,USER_5917,69.87,BestBuy,Bank Transfer,UK,0
2025-11-04 21:34:43.690786,USER_8326,12.89,BestBuy,UPI,JPN,0
2025-11-04 21:41:54.690786,USER_3276,39.17,Walgreens,PayPal,JPN,0
2025-11-04 22:20:02.690786,USER_4507,18.11,Shell,Credit Card,UK,0
2025-11-04 22:20:52.690786,USER_5968,340.18,McDonalds,UPI,FRA,1
2025-11-04 22:29:28.690786,USER_5828,17.52,HomeDepot,PayPal,CAN,0
2025-11-04 22:37:02.690786,USER_2791,32.47,Target,Credit Card,CAN,0
2025-11-04 22:44:55.690786,USER_7631,13.78,Target,Bank Transfer,USA,0
2025-11-04 23:00:57.690786,USER_6592,14.18,Shell,UPI,AUS,0
2025-11-04 23:09:34.690786,USER_8372,13.82,Amazon,Credit Card,JPN,0
2025-11-04 23:29:09.690786,USER_4404,52.91,CVS,Bank Transfer,USA,0
2025-11-04 23:30:45.690786,USER_9056,79.71,Walmart,Debit Card,AUS,0
2025-11-04 23:38:18.690786,USER_1439,162.47,Target,Credit Card,FRA,0
2025-11-04 23:38:46.690786,USER_6060,119.63,WholeFoods,Cash,IND,0
2025-11-04 23:38:53.690786,USER_3844,8.86,WholeFoods,Cash,JPN,0
2025-11-04 23:40:32.690786,USER_2594,11.54,McDonalds,Bank Transfer,IND,0
2025-11-04 23:42:07.690786,USER_8970,143.21,Walmart,Bank Transfer,IND,0
2025-11-05 00:05:36.690786,USER_8480,50.83,WholeFoods,Bank Transfer,GER,1
2025-11-05 00:28:10.690786,USER_7244,33.84,McDonalds,UPI,UK,0
2025-11-05 00:33:32.690786,USER_9582,17.01,Flipkart,PayPal,IND,0
2025-11-05 00:43:26.690786,USER_2544,168.47,McDonalds,Bank Transfer,FRA,1
2025-11-05 00:48:42.690786,USER_7069,132.2,Flipkart,Credit Card,UK,0
2025-11-05 00:49:20.690786,USER_2091,15.65,BestBuy,Credit Card,JPN,0
2025-11-05 00:50:51.690786,USER_9687,25.77,Starbucks,Debit Card,UK,0
2025-11-05 00:52:36.690786,USER_1323,21.89,CVS,UPI,UK,0
2025-11-05 01:03:09.690786,USER_2878,34.03,Shell,PayPal,FRA,0
2025-11-05 01:33:27.690786,USER_6797,245.64,Starbucks,PayPal,GER,0
2025-11-05 01:34:31.690786,USER_4458,28.8,Costco,Credit Card,GER,0
2025-11-05 01:40:36.690786,USER_3090,12.82,Costco,Cash,USA,0
2025-11-05 01:50:39.690786,USER_6367,21.23,McDonalds,UPI,IND,0
2025-11-05 02:00:19.690786,USER_2770,15.79,Amazon,PayPal,AUS,0
2025-11-05 02:03:06.690786,USER_7477,27.94,Nike,UPI,FRA,0
2025-11-05 02:05:28.690786,USER_7494,84.78,Shell,Bank Transfer,UK,0
2025-11-05 02:30:04.690786,USER_7115,20.02,Starbucks,Debit Card,AUS,0
2025-11-05 02:43:01.690786,USER_9460,102.47,Amazon,UPI,UK,0
2025-11-05 02:46:21.690786,USER_2128,126.91,Amazon,PayPal,GER,0
2025-11-05 02:47:34.690786,USER_1408,55.61,Costco,Bank Transfer,AUS,0
2025-11-05 02:55:48.690786,USER_3650,37.72,BestBuy,Cash,GER,0
2025-11-05 03:07:29.690786,USER_3975,18.86,Starbucks,Cash,CAN,0
2025-11-05 03:10:03.690786,USER_4450,5.35,CVS,PayPal,FRA,0
2025-11-05 03:11:02.690786,USER_9631,10.24,HomeDepot,PayPal,GER,0
2025-11-05 03:16:56.690786,USER_4450,18.67,Shell,Debit Card,USA,0
2025-11-05 03:44:32.690786,USER_3814,79.59,Flipkart,UPI,USA,0
2025-11-05 03:55:12.690786,USER_6326,18.5,Starbucks,Credit Card,JPN,0
2025-11-05 04:02:55.690786,USER_2779,176.29,BP,Credit Card,JPN,0
2025-11-05 04:32:54.690786,USER_6163,49.02,Costco,Debit Card,JPN,1
2025-11-05 04:35:14.690786,USER_9806,159.82,BestBuy,Cash,IND,0
2025-11-05 05:00:15.690786,USER_9904,56.67,HomeDepot,Credit Card,UK,0
2025-11-05 05:04:00.690786,USER_5266,23.2,Shell,Cash,UK,0
2025-11-05 05:09:01.690786,USER_2593,34.77,Walmart,PayPal,GER,0
2025-11-05 05:19:02.690786,USER_4489,16.01,Nike,Debit Card,CAN,0
2025-11-05 05:21:35.690786,USER_1831,99.68,CVS,PayPal,UK,0
2025-11-05 05:25:15.690786,USER_7775,44.67,Shell,Cash,GER,0
2025-11-05 05:28:23.690786,USER_8951,69.2,Walgreens,Credit Card,AUS,0
2025-11-05 05:37:05.690786,USER_4014,59.8,WholeFoods,Debit Card,GER,0
2025-11-05 05:46:07.690786,USER_4091,63.57,Starbucks,Credit Card,GER,0
2025-11-05 05:54:42.690786,USER_1054,85.89,CVS,Cash,FRA,0
2025-11-05 05:59:59.690786,USER_2489,20.85,Nike,Bank Transfer,CAN,0
2025-11-05 06:01:31.690786,USER_6591,15.18,Shell,Bank Transfer,AUS,0
2025-11-05 06:20:12.690786,USER_8147,29.6,Amazon,PayPal,IND,0
2025-11-05 06:20:43.690786,USER_2516,24.73,HomeDepot,Cash,UK,0
2025-11-05 06:24:13.690786,USER_1238,15.5,Nike,Bank Transfer,USA,0
2025-11-05 06:25:33.690786,USER_9520,12.31,Walgreens,Bank Transfer,IND,0
2025-11-05 06:30:23.690786,USER_4140,92.72,Shell,Bank Transfer,UK,0
2025-11-05 06:41:07.690786,USER_3163,10.99,BestBuy,Debit Card,AUS,0
2025-11-05 06:46:16.690786,USER_9615,65.67,Walmart,UPI,USA,1
2025-11-05 07:03:41.690786,USER_7983,20.09,Costco,PayPal,IND,0
2025-11-05 07:19:13.690786,USER_3947,24.32,Target,Debit Card,CAN,0
2025-11-05 07:23:15.690786,USER_8932,12.64,Target,Debit Card,JPN,0
2025-11-05 07:47:06.690786,USER_6575,15.81,CVS,Bank Transfer,CAN,0
2025-11-05 08:14:20.690786,USER_6795,7.44,CVS,Bank Transfer,AUS,0
2025-11-05 08:14:54.690786,USER_7779,160.91,WholeFoods,Credit Card,GER,1
2025-11-05 08:16:18.690786,USER_9870,398.98,Flipkart,Debit Card,IND,1
2025-11-05 08:17:15.690786,USER_7948,138.21,Walgreens,Credit Card,JPN,0
2025-11-05 08:20:44.690786,USER_8720,15.3,Costco,Debit Card,USA,0
2025-11-05 08:22:56.690786,USER_8679,27.62,BestBuy,UPI,UK,0
2025-11-05 08:23:35.690786,USER_6808,36.26,Target,Bank Transfer,GER,0
2025-11-05 08:37:46.690786,USER_8598,122.33,Shell,PayPal,AUS,0
2025-11-05 08:50:30.690786,USER_5043,46.95,BP,Bank Transfer,FRA,0
2025-11-05 08:54:17.690786,USER_2644,32.86,CVS,Debit Card,FRA,0
2025-11-05 09:12:18.690786,USER_4365,39.19,Shell,UPI,IND,0
2025-11-05 09:15:43.690786,USER_4308,19.38,Costco,Bank Transfer,AUS,0
2025-11-05 09:20:15.690786,USER_9737,3.46,Nike,UPI,JPN,0
2025-11-05 09:20:29.690786,USER_5049,19.3,Amazon,Credit Card,USA,0
2025-11-05 09:39:59.690786,USER_1712,7.49,Nike,Credit Card,UK,0
2025-11-05 09:44:09.690786,USER_3224,18.89,Walgreens,Credit Card,USA,0
2025-11-05 10:01:07.690786,USER_2998,4.89,HomeDepot,Bank Transfer,UK,0
2025-11-05 10:04:12.690786,USER_3981,9.1,Costco,Credit Card,USA,0
2025-11-05 10:07:57.690786,USER_7438,91.66,Flipkart,Cash,FRA,0
2025-11-05 10:26:17.690786,USER_4081,44.49,Shell,Debit Card,FRA,0
2025-11-05 10:27:53.690786,USER_8133,7.33,Walgreens,Credit Card,JPN,0
2025-11-05 10:32:38.690786,USER_9520,1.65,BP,UPI,AUS,0
2025-11-05 10:47:39.690786,USER_8944,43.68,Walmart,Bank Transfer,GER,0
2025-11-05 10:54:24.690786,USER_1684,17.11,WholeFoods,Cash,GER,0
2025-11-05 10:57:56.690786,USER_4908,24.92,Amazon,UPI,IND,0
2025-11-05 11:06:23.690786,USER_2803,15.08,Flipkart,Cash,USA,0
2025-11-05 11:07:44.690786,USER_7235,18.13,WholeFoods,Cash,IND,0
2025-11-05 11:11:30.690786,USER_9272,16.11,Shell,PayPal,GER,0
2025-11-05 11:29:36.690786,USER_5913,93.97,Amazon,Credit Card,CAN,0
2025-11-05 11:47:04.690786,USER_6128,8.53,Flipkart,Credit Card,UK,0
2025-11-05 11:47:18.690786,USER_9931,6.86,Costco,Bank Transfer,GER,0
2025-11-05 11:55:27.690786,USER_7928,11.68,Shell,Bank Transfer,UK,0
2025-11-05 11:59:24.690786,USER_9500,158.21,Shell,PayPal,CAN,0
2025-11-05 12:01:41.690786,USER_2887,153.0,Flipkart,Credit Card,UK,0
2025-11-05 12:13:11.690786,USER_1232,444.97,Walgreens,Bank Transfer,JPN,1
2025-11-05 12:16:04.690786,USER_8194,153.75,BP,Debit Card,USA,0
2025-11-05 12:31:10.690786,USER_3926,11.14,HomeDepot,Cash,GER,0
2025-11-05 12:31:16.690786,USER_7616,107.2,Walmart,Debit Card,UK,0
2025-11-05 12:33:13.690786,USER_7200,109.22,Target,Debit Card,IND,0
2025-11-05 12:43:14.690786,USER_8542,67.05,Nike,Bank Transfer,CAN,0
2025-11-05 13:01:01.690786,USER_6772,247.58,Walgreens,Debit Card,FRA,0
2025-11-05 13:02:10.690786,USER_8629,19.78,Target,Cash,GER,0
2025-11-05 13:03:02.690786,USER_2322,19.73,Target,Debit Card,AUS,0
2025-11-05 13:06:13.690786,USER_2436,32.97,WholeFoods,PayPal,IND,0
2025-11-05 13:39:55.690786,USER_7374,145.91,BestBuy,Debit Card,FRA,0
2025-11-05 13:40:27.690786,USER_5995,135.27,HomeDepot,Bank Transfer,GER,0
2025-11-05 13:44:31.690786,USER_5009,38.62,Amazon,Cash,IND,0
2025-11-05 13:45:25.690786,USER_2897,7.59,McDonalds,Debit Card,UK,0
2025-11-05 13:53:42.690786,USER_1070,32.08,Nike,Bank Transfer,USA,0
2025-11-05 13:54:19.690786,USER_3643,7.07,Nike,Cash,CAN,0
2025-11-05 14:04:22.690786,USER_8054,43.94,Amazon,UPI,USA,0
2025-11-05 14:09:21.690786,USER_6356,5.36,Walmart,UPI,GER,0
2025-11-05 14:15:21.690786,USER_4196,40.51,Walmart,PayPal,JPN,0
2025-11-05 14:18:26.690786,USER_5073,2.57,Flipkart,PayPal,IND,0
2025-11-05 14:19:26.690786,USER_3278,26.46,Amazon,Bank Transfer,USA,0
2025-11-05 14:22:05.690786,USER_7697,42.64,Walmart,Debit Card,FRA,0
2025-11-05 14:32:19.690786,USER_6203,36.55,Starbucks,Credit Card,GER,0
2025-11-05 14:38:05.690786,USER_3359,36.33,HomeDepot,Bank Transfer,JPN,0
2025-11-05 14:42:51.690786,USER_9178,76.06,HomeDepot,Credit Card,FRA,0
2025-11-05 14:55:39.690786,USER_7721,87.87,Nike,PayPal,CAN,0
2025-11-05 14:57:55.690786,USER_7873,8.03,Nike,Cash,UK,0
2025-11-05 14:59:44.690786,USER_4110,63.63,Starbucks,Cash,FRA,0
2025-11-05 14:59:50.690786,USER_3589,103.58,Walmart,Cash,IND,0
2025-11-05 15:01:10.690786,USER_3423,6.32,Starbucks,UPI,JPN,0
2025-11-05 15:14:10.690786,USER_7400,76.05,Starbucks,UPI,GER,0
2025-11-05 15:14:22.690786,USER_7797,25.52,CVS,PayPal,JPN,0
2025-11-05 16:03:28.690786,USER_6349,135.39,Costco,Debit Card,CAN,0
2025-11-05 16:10:28.690786,USER_1916,11.31,Target,PayPal,USA,0
2025-11-05 16:18:34.690786,USER_1672,11.93,HomeDepot,Debit Card,JPN,0
2025-11-05 16:31:55.690786,USER_7948,100.08,Shell,Credit Card,JPN,0
2025-11-05 16:49:23.690786,USER_1369,41.29,Amazon,Cash,AUS,0
2025-11-05 16:56:40.690786,USER_1834,79.76,Walgreens,Bank Transfer,AUS,0
2025-11-05 17:00:59.690786,USER_8083,90.02,Walgreens,UPI,JPN,0
2025-11-05 17:19:30.690786,USER_5105,70.81,WholeFoods,PayPal,IND,0
2025-11-05 17:24:09.690786,USER_7981,27.19,HomeDepot,PayPal,USA,0
2025-11-05 17:26:09.690786,USER_6312,21.68,Shell,Debit Card,USA,0
2025-11-05 17:26:26.690786,USER_7556,50.32,Walmart,Credit Card,FRA,0
2025-11-05 17:34:30.690786,USER_5610,243.17,WholeFoods,PayPal,IND,0
2025-11-05 17:37:41.690786,USER_1099,18.52,Nike,Debit Card,FRA,0
2025-11-05 17:51:21.690786,USER_1267,36.09,BestBuy,PayPal,GER,0
2025-11-05 17:58:44.690786,USER_4246,43.32,BP,Credit Card,FRA,0
2025-11-05 18:05:35.690786,USER_4721,81.19,Nike,UPI,GER,0
2025-11-05 18:06:17.690786,USER_1084,188.9,Walgreens,Bank Transfer,GER,0
2025-11-05 18:06:41.690786,USER_2639,65.2,Walmart,Credit Card,GER,0
2025-11-05 18:15:41.690786,USER_2627,28.1,Flipkart,Credit Card,CAN,0
2025-11-05 18:26:12.690786,USER_4795,35.91,Shell,Credit Card,CAN,0
2025-11-05 18:31:23.690786,USER_5617,15.84,Nike,Debit Card,USA,0
2025-11-05 18:35:32.690786,USER_6863,653.43,BP,Cash,USA,0
2025-11-05 18:45:26.690786,USER_3087,9.23,Amazon,Debit Card,UK,0
2025-11-05 18:46:54.690786,USER_4333,1.59,HomeDepot,Bank Transfer,JPN,0
2025-11-05 18:47:34.690786,USER_3444,19.64,BestBuy,Bank Transfer,IND,0
2025-11-05 18:48:04.690786,USER_3744,14.68,BestBuy,Cash,UK,1
2025-11-05 19:03:53.690786,USER_2467,7.64,HomeDepot,Credit Card,UK,0
2025-11-05 19:09:48.690786,USER_9939,130.65,McDonalds,UPI,FRA,0
2025-11-05 19:25:04.690786,USER_8014,10.95,Target,Cash,UK,0
2025-11-05 19:30:58.690786,USER_9906,170.76,Flipkart,Bank Transfer,IND,0
2025-11-05 19:32:48.690786,USER_6866,14.49,Starbucks,PayPal,IND,0
2025-11-05 19:47:35.690786,USER_8867,7.2,Walgreens,Cash,AUS,0
2025-11-05 20:00:08.690786,USER_2934,83.62,Nike,Cash,GER,0
2025-11-05 20:00:41.690786,USER_4644,23.18,Shell,Debit Card,AUS,0
2025-11-05 20:06:55.690786,USER_2599,10.97,Costco,Cash,USA,0
2025-11-05 20:16:50.690786,USER_9108,30.75,Walgreens,Bank Transfer,UK,0
2025-11-05 20:49:10.690786,USER_1916,35.41,Starbucks,Credit Card,JPN,0
2025-11-05 21:01:24.690786,USER_7812,34.13,CVS,UPI,CAN,0
2025-11-05 21:11:18.690786,USER_5382,92.1,Walmart,PayPal,USA,0
2025-11-05 21:14:07.690786,USER_1941,18.99,HomeDepot,Bank Transfer,GER,0
2025-11-05 21:30:46.690786,USER_8901,8.15,BP,PayPal,UK,0
2025-11-05 21:41:32.690786,USER_9541,68.71,McDonalds,Cash,AUS,0
2025-11-05 21:46:35.690786,USER_4610,60.35,McDonalds,Cash,JPN,0
2025-11-05 22:02:32.690786,USER_2422,23.34,BestBuy,PayPal,FRA,0
2025-11-05 22:25:04.690786,USER_7303,5.57,BP,PayPal,IND,0
2025-11-05 22:30:00.690786,USER_2702,5.95,McDonalds,UPI,FRA,0
2025-11-05 22:32:12.690786,USER_7810,37.04,McDonalds,Bank Transfer,FRA,0
2025-11-05 22:38:26.690786,USER_1336,5.37,BP,UPI,CAN,0
2025-11-05 22:39:08.690786,USER_7240,189.47,BestBuy,Credit Card,IND,0
2025-11-05 22:47:18.690786,USER_9315,28.66,WholeFoods,Credit Card,IND,0
2025-11-05 22:55:42.690786,USER_5528,8.0,Walmart,UPI,CAN,0
2025-11-05 22:57:54.690786,USER_1584,172.41,Nike,Cash,UK,0
2025-11-05 23:08:44.690786,USER_7980,118.17,Nike,Cash,CAN,0
2025-11-05 23:09:42.690786,USER_7135,73.59,Target,Bank Transfer,FRA,0
2025-11-05 23:09:44.690786,USER_1317,208.36,Starbucks,Debit Card,GER,0
2025-11-05 23:09:56.690786,USER_5694,18.8,Walmart,Credit Card,IND,0
2025-11-05 23:18:14.690786,USER_5660,34.44,HomeDepot,UPI,FRA,0
2025-11-05 23:25:53.690786,USER_5081,3.43,McDonalds,Cash,IND,0
2025-11-05 23:40:25.690786,USER_3171,24.51,HomeDepot,Cash,AUS,0
2025-11-05 23:48:20.690786,USER_9433,52.92,Amazon,Credit Card,IND,0
2025-11-05 23:54:02.690786,USER_1190,32.88,BP,Debit Card,GER,0
2025-11-06 00:00:59.690786,USER_2914,30.06,Nike,UPI,JPN,0
2025-11-06 00:14:19.690786,USER_1083,18.55,Target,PayPal,GER,0
2025-11-06 00:59:01.690786,USER_4351,42.25,Starbucks,Debit Card,FRA,0
2025-11-06 00:59:31.690786,USER_9615,65.68,HomeDepot,Cash,USA,0
2025-11-06 01:00:07.690786,USER_4845,43.34,Flipkart,Bank Transfer,USA,0
2025-11-06 01:23:30.690786,USER_2884,19.33,Starbucks,Credit Card,FRA,0
2025-11-06 01:24:31.690786,USER_7237,6.54,CVS,Debit Card,IND,0
2025-11-06 01:58:52.690786,USER_3878,32.9,Target,Debit Card,UK,0
2025-11-06 02:04:12.690786,USER_9601,85.45,HomeDepot,Debit Card,CAN,0
2025-11-06 02:07:19.690786,USER_2361,56.28,Walgreens,Cash,IND,0
2025-11-06 02:18:20.690786,USER_4205,6.7,BestBuy,PayPal,USA,0
2025-11-06 02:25:01.690786,USER_5342,30.66,Shell,PayPal,FRA,0
2025-11-06 02:45:37.690786,USER_5143,153.76,Nike,UPI,AUS,1
2025-11-06 02:50:59.690786,USER_2153,62.54,WholeFoods,UPI,UK,0
2025-11-06 02:52:36.690786,USER_6902,30.43,CVS,UPI,JPN,0
2025-11-06 03:23:08.690786,USER_5116,564.9,McDonalds,Bank Transfer,IND,0
2025-11-06 03:51:28.690786,USER_9327,41.02,HomeDepot,UPI,IND,0
2025-11-06 03:57:07.690786,USER_8183,60.2,Walmart,UPI,UK,0
2025-11-06 03:58:16.690786,USER_8177,24.49,McDonalds,PayPal,GER,0
2025-11-06 04:04:59.690786,USER_5845,24.02,Nike,Credit Card,CAN,0
2025-11-06 04:30:41.690786,USER_2977,20.6,Costco,Credit Card,GER,0
2025-11-06 04:40:30.690786,USER_6396,73.66,BP,PayPal,JPN,0
2025-11-06 04:45:26.690786,USER_5034,101.78,McDonalds,Bank Transfer,AUS,0
2025-11-06 04:49:20.690786,USER_4387,27.29,Walgreens,Debit Card,USA,0
2025-11-06 04:54:31.690786,USER_9230,2.45,Walmart,Debit Card,USA,0
2025-11-06 05:01:51.690786,USER_5920,623.22,Flipkart,Cash,GER,0
2025-11-06 05:17:01.690786,USER_4079,20.0,Shell,PayPal,FRA,0
2025-11-06 05:25:51.690786,USER_2353,167.56,Walgreens,Debit Card,UK,0
2025-11-06 05:30:42.690786,USER_1245,182.11,WholeFoods,Cash,USA,0
2025-11-06 05:36:46.690786,USER_9624,32.05,BestBuy,Debit Card,CAN,0
2025-11-06 05:45:04.690786,USER_7627,4.68,Walmart,Credit Card,FRA,0
2025-11-06 05:45:37.690786,USER_8424,32.35,HomeDepot,Cash,JPN,0
2025-11-06 05:48:47.690786,USER_7258,28.05,Flipkart,Debit Card,JPN,0
2025-11-06 05:51:36.690786,USER_2395,21.46,WholeFoods,PayPal,CAN,0
2025-11-06 05:56:05.690786,USER_9461,97.56,Walmart,Cash,UK,0
2025-11-06 05:57:33.690786,USER_6298,20.8,Walmart,Cash,CAN,0
2025-11-06 06:07:34.690786,USER_2911,16.04,Walmart,Credit Card,USA,0
2025-11-06 06:13:52.690786,USER_7773,26.23,McDonalds,Debit Card,AUS,0
2025-11-06 06:23:55.690786,USER_7084,17.62,CVS,Debit Card,FRA,0
2025-11-06 06:31:00.690786,USER_9873,6.01,Flipkart,UPI,USA,0
2025-11-06 06:32:47.690786,USER_3873,60.91,Walgreens,Bank Transfer,USA,0
2025-11-06 06:43:43.690786,USER_7652,175.61,CVS,UPI,FRA,1
2025-11-06 06:52:45.690786,USER_4854,32.76,CVS,PayPal,USA,0
2025-11-06 07:10:40.690786,USER_7033,11.43,Costco,PayPal,GER,0
2025-11-06 07:18:53.690786,USER_8426,36.62,Amazon,Bank Transfer,AUS,0
2025-11-06 07:21:16.690786,USER_1724,229.22,WholeFoods,PayPal,USA,0
2025-11-06 07:21:54.690786,USER_7822,41.29,McDonalds,PayPal,UK,0
2025-11-06 07:24:37.690786,USER_3745,41.15,Amazon,Debit Card,FRA,0
2025-11-06 07:26:50.690786,USER_6536,21.44,McDonalds,PayPal,IND,0
2025-11-06 07:43:41.690786,USER_7786,45.38,Nike,Cash,JPN,0
2025-11-06 07:47:18.690786,USER_2468,54.48,Starbucks,Debit Card,IND,0
2025-11-06 07:52:18.690786,USER_2284,75.45,Flipkart,Debit Card,FRA,0
2025-11-06 08:09:31.690786,USER_8187,17.04,WholeFoods,Cash,JPN,0
2025-11-06 08:11:20.690786,USER_7056,109.37,WholeFoods,PayPal,JPN,0
2025-11-06 08:23:27.690786,USER_1131,89.35,CVS,Debit Card,FRA,0
2025-11-06 08:48:00.690786,USER_5198,6.18,HomeDepot,Debit Card,FRA,0
2025-11-06 08:50:00.690786,USER_8974,25.63,Walgreens,Credit Card,GER,0
2025-11-06 09:00:38.690786,USER_7347,21.52,HomeDepot,Debit Card,CAN,0
2025-11-06 09:08:02.690786,USER_5248,108.04,BestBuy,Bank Transfer,UK,0
2025-11-06 09:41:51.690786,USER_6346,47.93,Target,Credit Card,FRA,0
2025-11-06 09:55:17.690786,USER_7036,39.45,Costco,Bank Transfer,CAN,0
2025-11-06 09:57:54.690786,USER_2512,5.4,Nike,PayPal,IND,0
2025-11-06 10:10:17.690786,USER_7451,59.57,BestBuy,Cash,FRA,0
2025-11-06 10:19:28.690786,USER_9570,4.07,Costco,Bank Transfer,IND,0
2025-11-06 10:45:07.690786,USER_7939,21.12,HomeDepot,PayPal,FRA,0
2025-11-06 10:55:02.690786,USER_9372,8.89,HomeDepot,Debit Card,JPN,0
2025-11-06 10:58:16.690786,USER_6842,129.99,HomeDepot,UPI,GER,0
2025-11-06 11:12:07.690786,USER_1339,8.93,Nike,Credit Card,UK,0
2025-11-06 11:16:27.690786,USER_6042,53.25,McDonalds,Credit Card,AUS,0
2025-11-06 11:32:27.690786,USER_9633,3.88,HomeDepot,PayPal,FRA,0
2025-11-06 11:52:15.690786,USER_7181,23.44,Flipkart,UPI,IND,0
2025-11-06 11:57:51.690786,USER_7084,52.5,Walgreens,Debit Card,USA,0
2025-11-06 12:05:43.690786,USER_8150,24.35,BestBuy,PayPal,GER,0
2025-11-06 12:11:56.690786,USER_1533,10.99,CVS,Debit Card,AUS,0
2025-11-06 12:24:11.690786,USER_2486,46.74,HomeDepot,PayPal,UK,0
2025-11-06 12:27:09.690786,USER_9361,174.42,Amazon,PayPal,FRA,1
2025-11-06 12:44:58.690786,USER_2999,112.82,WholeFoods,UPI,JPN,0
2025-11-06 12:54:44.690786,USER_7088,87.33,CVS,Credit Card,UK,0
2025-11-06 12:55:50.690786,USER_2612,45.75,BP,Debit Card,IND,0
2025-11-06 13:02:24.690786,USER_6254,133.11,McDonalds,Cash,AUS,0
2025-11-06 13:08:30.690786,USER_8216,26.53,Walmart,Credit Card,IND,0
2025-11-06 13:15:38.690786,USER_4961,28.64,McDonalds,Credit Card,AUS,0
2025-11-06 13:26:47.690786,USER_6159,19.43,BP,Bank Transfer,IND,0
2025-11-06 13:30:13.690786,USER_2854,81.09,Nike,PayPal,FRA,0
2025-11-06 13:42:16.690786,USER_2759,10.15,Shell,PayPal,UK,0
2025-11-06 13:46:55.690786,USER_4698,104.2,Amazon,Debit Card,IND,0
2025-11-06 13:53:36.690786,USER_3378,65.28,CVS,PayPal,IND,0
2025-11-06 14:05:47.690786,USER_3583,29.76,Starbucks,Cash,JPN,0
2025-11-06 14:28:00.690786,USER_5183,33.7,Target,Bank Transfer,AUS,0
2025-11-06 14:38:57.690786,USER_3415,22.04,Walgreens,Credit Card,UK,0
2025-11-06 14:44:45.690786,USER_4546,120.45,BP,Bank Transfer,FRA,0
2025-11-06 14:54:20.690786,USER_1471,121.28,CVS,Credit Card,FRA,0
2025-11-06 15:21:11.690786,USER_3185,10.95,Flipkart,Debit Card,FRA,0
2025-11-06 15:22:08.690786,USER_7841,5.08,BestBuy,UPI,AUS,0
2025-11-06 15:35:14.690786,USER_9010,59.24,WholeFoods,Bank Transfer,JPN,0
2025-11-06 15:35:25.690786,USER_3641,14.87,HomeDepot,Debit Card,CAN,0
2025-11-06 15:38:06.690786,USER_2178,168.46,BestBuy,Credit Card,USA,0
2025-11-06 15:41:10.690786,USER_7411,32.28,Starbucks,Debit Card,FRA,0
2025-11-06 15:41:12.690786,USER_9498,115.93,Starbucks,Cash,UK,0
2025-11-06 16:05:03.690786,USER_7906,25.33,Costco,UPI,JPN,0
2025-11-06 16:06:11.690786,USER_5731,31.35,McDonalds,Cash,UK,0
2025-11-06 16:09:27.690786,USER_3660,114.72,HomeDepot,Cash,CAN,0
2025-11-06 16:09:40.690786,USER_5151,81.51,Shell,UPI,CAN,0
2025-11-06 16:10:09.690786,USER_4030,40.12,CVS,Bank Transfer,IND,0
2025-11-06 16:10:58.690786,USER_5094,106.71,Target,UPI,AUS,0
2025-11-06 16:13:27.690786,USER_2208,11.93,Costco,PayPal,GER,0
2025-11-06 16:29:52.690786,USER_2158,10.92,WholeFoods,Bank Transfer,USA,0
2025-11-06 17:05:22.690786,USER_5708,45.43,CVS,Credit Card,JPN,0
2025-11-06 17:12:51.690786,USER_9248,23.42,McDonalds,UPI,IND,0
2025-11-06 17:18:42.690786,USER_9784,31.82,Nike,Debit Card,GER,0
2025-11-06 17:37:27.690786,USER_1060,13.51,Shell,PayPal,FRA,0
2025-11-06 17:50:18.690786,USER_3556,119.6,Shell,Debit Card,JPN,0
2025-11-06 17:59:28.690786,USER_8581,324.22,BestBuy,PayPal,IND,0
2025-11-06 17:59:44.690786,USER_4581,7.58,Walmart,Bank Transfer,FRA,0
2025-11-06 18:01:17.690786,USER_5528,28.61,Walgreens,Cash,FRA,0
2025-11-06 18:08:58.690786,USER_5075,20.2,Shell,Debit Card,IND,0
2025-11-06 18:10:47.690786,USER_5809,70.33,Walgreens,Debit Card,AUS,0
2025-11-06 18:24:49.690786,USER_1085,15.78,HomeDepot,UPI,USA,0
2025-11-06 18:33:27.690786,USER_9618,21.51,Walmart,Cash,JPN,0
2025-11-06 18:39:17.690786,USER_6797,263.24,Costco,UPI,GER,0
2025-11-06 18:50:39.690786,USER_6118,75.02,Costco,Credit Card,CAN,0
2025-11-06 18:59:38.690786,USER_4613,108.08,CVS,PayPal,FRA,0
2025-11-06 19:05:57.690786,USER_4970,3.02,BP,PayPal,IND,0
2025-11-06 19:15:25.690786,USER_2609,49.13,Shell,Cash,CAN,0
2025-11-06 19:30:28.690786,USER_3243,4.61,Amazon,Debit Card,JPN,0
2025-11-06 19:47:46.690786,USER_3473,103.74,Nike,Credit Card,GER,0
2025-11-06 19:53:24.690786,USER_7815,68.87,Costco,PayPal,JPN,0
2025-11-06 20:17:52.690786,USER_4085,20.66,Nike,Bank Transfer,AUS,0
2025-11-06 20:18:47.690786,USER_9753,31.67,Flipkart,Credit Card,USA,0
2025-11-06 20:22:43.690786,USER_7210,32.8,WholeFoods,Cash,UK,0
2025-11-06 20:26:11.690786,USER_5410,13.1,Amazon,PayPal,FRA,0
2025-11-06 20:26:32.690786,USER_7165,39.33,McDonalds,Bank Transfer,CAN,0
2025-11-06 20:40:33.690786,USER_3369,94.34,BestBuy,UPI,CAN,0
2025-11-06 20:40:46.690786,USER_5209,57.23,Starbucks,Debit Card,IND,0
2025-11-06 20:48:51.690786,USER_4039,195.57,WholeFoods,Credit Card,USA,0
2025-11-06 20:52:14.690786,USER_5216,9.69,McDonalds,Credit Card,IND,0
2025-11-06 20:53:43.690786,USER_8595,153.57,Walgreens,PayPal,GER,0
2025-11-06 21:03:58.690786,USER_2948,196.55,BestBuy,UPI,AUS,1
2025-11-06 21:04:31.690786,USER_6739,55.97,CVS,Bank Transfer,AUS,0
2025-11-06 21:17:46.690786,USER_5355,16.57,Flipkart,Debit Card,UK,0
2025-11-06 21:28:05.690786,USER_8258,189.44,CVS,Debit Card,AUS,0
2025-11-06 21:52:03.690786,USER_4639,7.9,McDonalds,Credit Card,USA,0
2025-11-06 21:55:19.690786,USER_7404,27.26,Walgreens,Debit Card,GER,0
2025-11-06 21:55:29.690786,USER_5129,22.48,Walgreens,Debit Card,AUS,0
2025-11-06 21:56:44.690786,USER_8377,22.17,Walgreens,Bank Transfer,USA,0
2025-11-06 22:14:22.690786,USER_4796,7.44,Costco,UPI,FRA,0
2025-11-06 22:17:44.690786,USER_9093,35.21,McDonalds,PayPal,GER,0
2025-11-06 22:26:54.690786,USER_5910,8.81,Flipkart,Credit Card,USA,0
2025-11-06 22:35:01.690786,USER_6307,17.11,WholeFoods,Credit Card,AUS,0
2025-11-06 22:47:08.690786,USER_5718,6.19,Walmart,Debit Card,GER,0
2025-11-06 22:51:05.690786,USER_7662,180.03,HomeDepot,Bank Transfer,JPN,0
2025-11-06 22:53:15.690786,USER_6500,45.26,BestBuy,PayPal,USA,0
2025-11-06 23:10:42.690786,USER_7845,4.08,Starbucks,Bank Transfer,USA,0
2025-11-06 23:11:23.690786,USER_3138,20.4,WholeFoods,Cash,UK,0
2025-11-06 23:19:28.690786,USER_5726,62.29,HomeDepot,Credit Card,JPN,0
2025-11-06 23:46:08.690786,USER_4666,14.42,McDonalds,Debit Card,UK,0
2025-11-06 23:48:56.690786,USER_5264,11.52,BestBuy,Cash,GER,0
2025-11-07 00:12:04.690786,USER_5651,20.74,WholeFoods,PayPal,FRA,0
2025-11-07 00:15:10.690786,USER_7108,63.79,Costco,Cash,FRA,0
2025-11-07 00:32:25.690786,USER_2720,31.64,McDonalds,PayPal,USA,0
2025-11-07 00:41:08.690786,USER_3689,15.56,Nike,PayPal,AUS,0
2025-11-07 00:46:20.690786,USER_7619,92.11,Walmart,Credit Card,CAN,0
2025-11-07 00:54:02.690786,USER_6934,25.1,Flipkart,PayPal,CAN,0
2025-11-07 01:01:36.690786,USER_8406,3.95,Walmart,Debit Card,FRA,0
2025-11-07 01:01:49.690786,USER_9638,26.45,Walgreens,Debit Card,UK,0
2025-11-07 01:11:16.690786,USER_2276,1.71,McDonalds,PayPal,CAN,0
2025-11-07 01:11:25.690786,USER_9114,15.18,BestBuy,Debit Card,USA,0
2025-11-07 01:18:06.690786,USER_7666,8.1,CVS,Debit Card,FRA,0
2025-11-07 01:24:32.690786,USER_2126,96.06,Shell,Credit Card,FRA,0
2025-11-07 01:32:43.690786,USER_2476,44.68,Walgreens,Cash,UK,0
2025-11-07 01:36:24.690786,USER_8839,12.59,Amazon,PayPal,CAN,0
2025-11-07 01:48:08.690786,USER_8143,4.82,BP,Debit Card,CAN,0
2025-11-07 01:55:34.690786,USER_2525,23.63,Nike,UPI,GER,0
2025-11-07 01:58:53.690786,USER_5590,96.01,Flipkart,Cash,UK,0
2025-11-07 02:01:20.690786,USER_8643,88.61,BestBuy,Debit Card,USA,0
2025-11-07 02:08:43.690786,USER_3011,20.89,CVS,Credit Card,GER,0
2025-11-07 02:09:35.690786,USER_5809,54.88,HomeDepot,Bank Transfer,IND,0
2025-11-07 02:31:58.690786,USER_3795,8.56,Nike,PayPal,GER,0
2025-11-07 02:36:16.690786,USER_3174,33.87,Flipkart,Cash,AUS,0
2025-11-07 03:44:00.690786,USER_7829,52.46,Nike,Bank Transfer,JPN,0
2025-11-07 03:49:19.690786,USER_4288,107.69,Starbucks,Bank Transfer,CAN,0
2025-11-07 03:56:21.690786,USER_2140,13.7,Flipkart,Bank Transfer,AUS,0
2025-11-07 04:14:40.690786,USER_7749,35.99,Nike,Debit Card,CAN,0
2025-11-07 04:19:09.690786,USER_5934,50.44,Walmart,Credit Card,AUS,0
2025-11-07 04:20:00.690786,USER_6191,41.42,Amazon,Credit Card,FRA,0
2025-11-07 04:34:05.690786,USER_4586,33.17,Target,Debit Card,GER,0
2025-11-07 04:36:05.690786,USER_6198,57.74,Nike,Debit Card,CAN,0
2025-11-07 04:40:24.690786,USER_5150,8.41,McDonalds,PayPal,FRA,0
2025-11-07 04:41:59.690786,USER_1818,393.48,CVS,PayPal,UK,0
2025-11-07 04:49:48.690786,USER_6883,11.85,Starbucks,Debit Card,JPN,0
2025-11-07 04:51:41.690786,USER_7365,42.95,Nike,Bank Transfer,USA,0
2025-11-07 05:01:14.690786,USER_5415,41.64,Flipkart,Cash,GER,0
2025-11-07 05:01:38.690786,USER_1590,17.23,Flipkart,PayPal,GER,0
2025-11-07 05:09:20.690786,USER_8187,24.86,Target,UPI,CAN,0
2025-11-07 05:26:38.690786,USER_5029,12.6,BestBuy,PayPal,CAN,0
2025-11-07 05:27:13.690786,USER_1095,94.75,CVS,Credit Card,UK,0
2025-11-07 05:28:41.690786,USER_2515,2.99,Target,Cash,IND,0
2025-11-07 05:38:13.690786,USER_5273,55.18,Walgreens,Credit Card,FRA,0
2025-11-07 05:38:18.690786,USER_8234,19.13,Amazon,Bank Transfer,USA,0
2025-11-07 05:42:01.690786,USER_7649,12.3,WholeFoods,Bank Transfer,IND,0
2025-11-07 05:51:31.690786,USER_9887,176.08,Starbucks,Cash,FRA,1
2025-11-07 05:55:08.690786,USER_5776,60.1,Walmart,Debit Card,IND,0
2025-11-07 06:01:48.690786,USER_2591,25.95,Walmart,Debit Card,UK,0
2025-11-07 06:21:42.690786,USER_3243,69.33,Walgreens,Credit Card,USA,0
2025-11-07 06:32:08.690786,USER_7348,46.85,Flipkart,PayPal,IND,0
2025-11-07 06:32:12.690786,USER_2641,47.2,Walmart,Credit Card,CAN,0
2025-11-07 06:32:53.690786,USER_5970,19.4,Flipkart,UPI,UK,0
2025-11-07 06:33:29.690786,USER_9154,11.55,BestBuy,Credit Card,IND,0
2025-11-07 06:35:23.690786,USER_3182,34.08,Flipkart,Bank Transfer,FRA,0
2025-11-07 06:42:05.690786,USER_1424,103.71,Nike,Credit Card,USA,0
2025-11-07 06:52:59.690786,USER_2841,7.12,WholeFoods,Bank Transfer,UK,0
2025-11-07 07:06:54.690786,USER_1311,27.49,Starbucks,UPI,GER,0
2025-11-07 07:15:37.690786,USER_7640,24.42,Starbucks,Credit Card,IND,0
2025-11-07 07:15:46.690786,USER_3584,142.68,Target,Credit Card,UK,0
2025-11-07 07:26:55.690786,USER_3853,25.35,Walgreens,UPI,JPN,0
2025-11-07 07:40:49.690786,USER_3203,58.43,Walgreens,Debit Card,AUS,0
2025-11-07 07:45:37.690786,USER_7251,64.67,Nike,UPI,IND,0
2025-11-07 08:10:43.690786,USER_5336,18.42,Amazon,UPI,IND,0
2025-11-07 08:10:56.690786,USER_1033,388.99,Starbucks,UPI,AUS,1
2025-11-07 08:16:09.690786,USER_1107,66.7,Nike,Cash,FRA,0
2025-11-07 08:17:07.690786,USER_2007,22.65,CVS,PayPal,CAN,0
2025-11-07 08:19:43.690786,USER_1892,18.75,Costco,Bank Transfer,JPN,0
2025-11-07 08:20:27.690786,USER_6286,20.78,Costco,Bank Transfer,GER,0
2025-11-07 08:30:48.690786,USER_4161,174.8,Starbucks,PayPal,USA,0
2025-11-07 08:48:00.690786,USER_6823,20.1,Amazon,PayPal,FRA,0
2025-11-07 08:53:57.690786,USER_6605,34.22,McDonalds,Bank Transfer,CAN,0
2025-11-07 08:58:17.690786,USER_2824,137.87,Shell,Bank Transfer,UK,0
2025-11-07 09:09:43.690786,USER_3014,65.92,CVS,PayPal,JPN,0
2025-11-07 09:15:51.690786,USER_5814,14.85,Target,PayPal,AUS,0
2025-11-07 09:52:38.690786,USER_3175,1.67,Target,PayPal,AUS,0
2025-11-07 09:55:19.690786,USER_8254,7.88,BP,PayPal,AUS,0
2025-11-07 09:56:51.690786,USER_8056,17.41,Costco,Debit Card,CAN,0
2025-11-07 09:59:30.690786,USER_3190,172.21,Shell,Debit Card,GER,1
2025-11-07 10:01:31.690786,USER_3841,22.96,Walmart,PayPal,IND,0
2025-11-07 10:04:40.690786,USER_9182,81.87,Starbucks,PayPal,FRA,1
2025-11-07 10:11:38.690786,USER_6826,56.18,McDonalds,Debit Card,IND,0
2025-11-07 10:11:47.690786,USER_1578,370.95,McDonalds,UPI,USA,0
2025-11-07 10:16:39.690786,USER_2797,63.04,CVS,PayPal,UK,0
2025-11-07 10:17:14.690786,USER_6689,12.94,Nike,PayPal,IND,0
2025-11-07 10:18:44.690786,USER_8940,779.66,Walgreens,Credit Card,AUS,1
2025-11-07 10:38:44.690786,USER_7694,182.11,Target,UPI,FRA,1
2025-11-07 11:00:57.690786,USER_1665,74.91,Walmart,Debit Card,CAN,0
2025-11-07 11:08:42.690786,USER_5802,22.63,HomeDepot,PayPal,AUS,0
2025-11-07 11:21:31.690786,USER_1119,15.17,Walmart,Cash,FRA,0
2025-11-07 11:25:10.690786,USER_2396,13.8,Costco,Credit Card,FRA,0
2025-11-07 11:25:26.690786,USER_2562,166.42,WholeFoods,UPI,IND,0
2025-11-07 11:26:41.690786,USER_8787,54.41,Flipkart,Bank Transfer,USA,0
2025-11-07 11:31:29.690786,USER_1249,618.75,Starbucks,Cash,GER,0
2025-11-07 11:34:17.690786,USER_3024,138.94,Walmart,Bank Transfer,GER,0
2025-11-07 11:44:57.690786,USER_1438,91.74,McDonalds,Bank Transfer,CAN,0
2025-11-07 11:47:02.690786,USER_9584,7.41,Flipkart,Bank Transfer,GER,0
2025-11-07 12:00:16.690786,USER_1305,5.16,Shell,Credit Card,UK,0
2025-11-07 12:09:42.690786,USER_9411,23.45,WholeFoods,Cash,JPN,0
2025-11-07 12:10:32.690786,USER_5797,15.24,McDonalds,UPI,UK,0
2025-11-07 12:15:32.690786,USER_3126,24.86,Flipkart,Debit Card,UK,0
2025-11-07 12:51:12.690786,USER_2106,15.97,Nike,PayPal,USA,0
2025-11-07 12:57:02.690786,USER_8190,15.45,BP,PayPal,USA,0
2025-11-07 13:10:53.690786,USER_7697,58.42,McDonalds,UPI,CAN,0
2025-11-07 13:27:43.690786,USER_8449,63.94,Costco,UPI,AUS,0
2025-11-07 13:28:38.690786,USER_2310,30.59,Walmart,Credit Card,UK,0
2025-11-07 13:32:34.690786,USER_1947,9.72,Costco,PayPal,UK,0
2025-11-07 13:34:01.690786,USER_9203,3.63,BP,Debit Card,UK,0
2025-11-07 13:48:31.690786,USER_7152,4.4,Flipkart,Debit Card,UK,0
2025-11-07 13:48:52.690786,USER_9278,17.36,McDonalds,Cash,GER,0
2025-11-07 13:51:20.690786,USER_1801,19.39,Walgreens,Bank Transfer,CAN,0
2025-11-07 13:52:10.690786,USER_8986,27.47,Walmart,UPI,JPN,0
2025-11-07 13:54:47.690786,USER_6152,3.01,Flipkart,UPI,CAN,0
2025-11-07 14:01:14.690786,USER_9514,38.25,McDonalds,Credit Card,FRA,0
2025-11-07 14:05:27.690786,USER_2955,11.22,Walmart,Credit Card,USA,0
2025-11-07 14:09:28.690786,USER_6164,4.09,Nike,UPI,CAN,0
2025-11-07 14:14:12.690786,USER_8772,61.3,McDonalds,UPI,JPN,0
2025-11-07 14:21:57.690786,USER_6634,33.96,CVS,Debit Card,JPN,0
2025-11-07 14:22:23.690786,USER_7108,39.76,Walmart,PayPal,AUS,0
2025-11-07 14:28:43.690786,USER_6902,56.77,Costco,Credit Card,USA,0
2025-11-07 14:33:22.690786,USER_1050,13.04,CVS,UPI,AUS,0
2025-11-07 14:44:44.690786,USER_1227,140.78,Walgreens,PayPal,GER,0
2025-11-07 14:46:12.690786,USER_4148,47.31,Walgreens,UPI,UK,0
2025-11-07 14:53:46.690786,USER_5418,6.79,Walmart,Debit Card,GER,0
2025-11-07 15:06:25.690786,USER_5930,143.7,WholeFoods,PayPal,AUS,0
2025-11-07 15:06:29.690786,USER_2533,41.17,Amazon,PayPal,AUS,0
2025-11-07 15:19:08.690786,USER_8421,38.87,Walgreens,PayPal,JPN,0
2025-11-07 15:27:09.690786,USER_9898,146.23,Nike,UPI,GER,0
2025-11-07 15:36:07.690786,USER_1136,28.33,WholeFoods,Debit Card,GER,0
2025-11-07 15:47:34.690786,USER_3483,8.21,Walmart,Credit Card,FRA,0
2025-11-07 15:48:11.690786,USER_8612,90.82,HomeDepot,PayPal,JPN,0
2025-11-07 16:15:43.690786,USER_4580,5.72,Costco,Debit Card,USA,0
2025-11-07 16:20:05.690786,USER_5761,74.83,Walgreens,UPI,USA,0
2025-11-07 16:25:55.690786,USER_3131,9.59,BP,PayPal,JPN,0
2025-11-07 16:25:56.690786,USER_8501,20.56,McDonalds,PayPal,GER,0
2025-11-07 16:32:41.690786,USER_2144,34.93,Starbucks,Bank Transfer,IND,0
2025-11-07 16:41:49.690786,USER_1377,15.86,Shell,Debit Card,AUS,1
2025-11-07 16:55:46.690786,USER_4707,5.62,Nike,Debit Card,USA,0
2025-11-07 17:05:57.690786,USER_6434,400.25,Nike,Bank Transfer,IND,0
2025-11-07 17:06:44.690786,USER_8111,4.15,Walmart,Cash,JPN,0
2025-11-07 17:12:27.690786,USER_3150,108.29,Flipkart,UPI,JPN,0
2025-11-07 17:17:45.690786,USER_6706,56.44,Flipkart,UPI,UK,1
2025-11-07 17:18:48.690786,USER_8122,81.78,Starbucks,Cash,IND,0
2025-11-07 17:42:45.690786,USER_5429,139.21,Costco,PayPal,JPN,0
2025-11-07 17:57:10.690786,USER_6293,49.34,Shell,Debit Card,IND,0
2025-11-07 18:19:41.690786,USER_1364,31.43,Costco,Cash,UK,0
2025-11-07 18:33:55.690786,USER_6049,273.24,Nike,Debit Card,FRA,0
2025-11-07 18:45:31.690786,USER_2065,17.46,CVS,Debit Card,USA,0
2025-11-07 18:56:21.690786,USER_1306,21.78,HomeDepot,Credit Card,IND,0
2025-11-07 19:04:25.690786,USER_3675,58.93,BP,UPI,CAN,0
2025-11-07 19:17:11.690786,USER_4553,77.54,McDonalds,UPI,GER,0
2025-11-07 19:29:22.690786,USER_6294,21.33,Walgreens,Credit Card,USA,0
2025-11-07 19:33:25.690786,USER_2033,137.67,Shell,Debit Card,USA,0
2025-11-07 19:34:42.690786,USER_7550,37.76,HomeDepot,PayPal,CAN,0
2025-11-07 19:37:47.690786,USER_5230,211.01,Walgreens,Cash,FRA,0
2025-11-07 19:54:08.690786,USER_7204,56.15,Shell,Debit Card,JPN,0
2025-11-07 19:58:48.690786,USER_5606,9.85,Costco,Credit Card,IND,0
2025-11-07 19:59:34.690786,USER_6592,36.97,Walmart,PayPal,JPN,0
2025-11-07 20:13:58.690786,USER_4610,36.76,Amazon,UPI,CAN,0
2025-11-07 20:22:14.690786,USER_8697,126.58,Walgreens,Debit Card,GER,0
2025-11-07 20:39:41.690786,USER_8289,60.7,WholeFoods,PayPal,UK,0
2025-11-07 20:45:32.690786,USER_9857,1.05,BP,Credit Card,GER,0
2025-11-07 20:55:05.690786,USER_7203,36.51,Nike,Bank Transfer,USA,0
2025-11-07 21:05:58.690786,USER_8551,64.19,BestBuy,Cash,UK,0
2025-11-07 21:07:27.690786,USER_4938,14.47,BP,Credit Card,USA,0
2025-11-07 21:10:06.690786,USER_5762,15.99,BestBuy,Credit Card,GER,0
2025-11-07 21:29:55.690786,USER_1070,21.08,Shell,Cash,CAN,0
2025-11-07 21:58:52.690786,USER_8242,20.12,Walgreens,Cash,CAN,0
2025-11-07 22:10:28.690786,USER_9264,42.74,BP,Bank Transfer,AUS,0
2025-11-07 22:12:19.690786,USER_4027,104.21,Shell,Bank Transfer,FRA,0
2025-11-07 22:30:52.690786,USER_6353,4.79,Walgreens,Bank Transfer,JPN,0
2025-11-07 22:34:18.690786,USER_9856,41.09,Target,PayPal,CAN,0
2025-11-07 22:34:59.690786,USER_8897,34.97,Walmart,Credit Card,FRA,0
2025-11-07 22:46:30.690786,USER_9313,27.23,Walmart,Bank Transfer,FRA,0
2025-11-07 22:54:02.690786,USER_4616,35.08,Flipkart,Bank Transfer,AUS,0
2025-11-07 22:59:08.690786,USER_7119,34.89,McDonalds,UPI,AUS,0
2025-11-07 23:00:33.690786,USER_1994,15.15,Walmart,Debit Card,JPN,0
2025-11-07 23:04:36.690786,USER_6799,24.95,Starbucks,Debit Card,AUS,0
2025-11-07 23:05:07.690786,USER_4982,2.72,Amazon,Bank Transfer,JPN,0
2025-11-07 23:16:40.690786,USER_3389,100.37,Costco,UPI,CAN,0
2025-11-07 23:24:40.690786,USER_9289,95.39,Starbucks,Credit Card,IND,0
2025-11-07 23:27:52.690786,USER_8300,304.52,Amazon,Cash,FRA,0
2025-11-07 23:29:33.690786,USER_6013,2.74,BP,UPI,UK,0
2025-11-07 23:32:05.690786,USER_2617,53.55,HomeDepot,Debit Card,UK,0
2025-11-07 23:43:12.690786,USER_3446,114.02,Flipkart,Cash,IND,0
2025-11-07 23:53:07.690786,USER_5569,73.63,HomeDepot,PayPal,CAN,0
2025-11-08 00:23:45.690786,USER_4097,18.95,McDonalds,Bank Transfer,USA,0
2025-11-08 00:30:07.690786,USER_7755,2.33,Walmart,PayPal,UK,0
2025-11-08 00:35:41.690786,USER_2478,16.81,Walgreens,Credit Card,GER,0
2025-11-08 00:39:15.690786,USER_6269,20.8,CVS,Debit Card,GER,0
2025-11-08 00:52:55.690786,USER_4867,35.37,Target,UPI,USA,0
2025-11-08 00:58:34.690786,USER_3501,72.92,Walmart,UPI,CAN,0
2025-11-08 01:08:26.690786,USER_4610,89.6,Amazon,Cash,CAN,0
2025-11-08 01:24:12.690786,USER_2565,36.75,Starbucks,Bank Transfer,IND,0
2025-11-08 01:32:23.690786,USER_9381,908.32,Nike,Cash,IND,0
2025-11-08 01:47:02.690786,USER_3373,35.77,Walmart,Credit Card,USA,0
2025-11-08 02:12:35.690786,USER_8542,314.87,Amazon,Bank Transfer,USA,0
2025-11-08 02:13:41.690786,USER_5521,3.81,Nike,PayPal,USA,0
2025-11-08 02:56:40.690786,USER_5646,50.26,Shell,PayPal,IND,0
2025-11-08 02:58:42.690786,USER_3996,6.16,HomeDepot,Bank Transfer,GER,0
2025-11-08 03:18:23.690786,USER_4285,15.38,Nike,Debit Card,AUS,0
2025-11-08 03:44:00.690786,USER_1630,17.79,Costco,Bank Transfer,GER,0
2025-11-08 03:59:36.690786,USER_6298,70.6,Walgreens,Bank Transfer,IND,0
2025-11-08 04:06:13.690786,USER_2047,56.99,BP,Bank Transfer,AUS,0
2025-11-08 04:12:49.690786,USER_2442,41.08,CVS,Bank Transfer,JPN,0
2025-11-08 04:25:19.690786,USER_9735,25.79,Walgreens,Credit Card,JPN,0
2025-11-08 04:32:52.690786,USER_3502,117.19,Shell,Debit Card,GER,0
2025-11-08 04:39:24.690786,USER_3003,405.91,BP,Debit Card,IND,0
2025-11-08 04:39:25.690786,USER_4171,72.0,Walgreens,Debit Card,AUS,0
2025-11-08 04:52:15.690786,USER_4115,79.61,HomeDepot,Credit Card,CAN,0
2025-11-08 05:08:54.690786,USER_8763,15.41,McDonalds,Credit Card,USA,0
2025-11-08 05:15:45.690786,USER_3216,22.89,Costco,UPI,UK,0
2025-11-08 05:24:28.690786,USER_2804,74.7,Starbucks,Bank Transfer,FRA,0
2025-11-08 05:36:28.690786,USER_8115,207.57,Target,PayPal,IND,0
2025-11-08 05:50:02.690786,USER_9470,20.66,Walgreens,UPI,CAN,0
2025-11-08 05:52:32.690786,USER_9566,970.28,Amazon,PayPal,AUS,0
2025-11-08 05:56:03.690786,USER_7809,23.0,Flipkart,PayPal,FRA,0
2025-11-08 06:03:16.690786,USER_8746,8.59,Starbucks,UPI,FRA,0
2025-11-08 06:09:37.690786,USER_3903,225.48,Target,Debit Card,AUS,0
2025-11-08 06:12:55.690786,USER_5960,96.4,Walmart,Debit Card,CAN,0
2025-11-08 06:21:03.690786,USER_7125,88.94,BP,Debit Card,IND,0
2025-11-08 06:25:57.690786,USER_1534,3.56,WholeFoods,Bank Transfer,CAN,0
2025-11-08 06:53:50.690786,USER_8185,39.5,Nike,Credit Card,CAN,0
2025-11-08 06:58:16.690786,USER_3319,30.72,Starbucks,PayPal,USA,0
2025-11-08 07:07:15.690786,USER_4569,154.16,Costco,Cash,FRA,0
2025-11-08 07:11:40.690786,USER_6920,77.77,Amazon,PayPal,USA,0
2025-11-08 07:12:46.690786,USER_4905,43.59,BP,Credit Card,UK,0
2025-11-08 07:18:23.690786,USER_1394,9.66,Walmart,Cash,IND,0
2025-11-08 07:39:49.690786,USER_7003,3.61,Shell,Cash,AUS,0
2025-11-08 07:42:06.690786,USER_5380,227.06,Costco,PayPal,CAN,1
2025-11-08 07:50:11.690786,USER_1858,57.53,McDonalds,Debit Card,JPN,0
2025-11-08 07:50:12.690786,USER_5556,90.81,Costco,UPI,JPN,0
2025-11-08 08:03:04.690786,USER_2623,110.94,WholeFoods,Debit Card,IND,0
2025-11-08 08:06:38.690786,USER_3949,14.68,HomeDepot,Debit Card,FRA,0
2025-11-08 08:21:44.690786,USER_3859,82.33,HomeDepot,PayPal,UK,0
2025-11-08 08:42:51.690786,USER_6818,24.92,McDonalds,Bank Transfer,CAN,0
2025-11-08 08:43:05.690786,USER_4425,14.48,Shell,UPI,CAN,0
2025-11-08 08:48:00.690786,USER_8025,12.84,BP,PayPal,USA,0
2025-11-08 08:54:05.690786,USER_5534,113.31,Shell,PayPal,CAN,0
2025-11-08 08:57:45.690786,USER_4912,205.97,WholeFoods,Bank Transfer,CAN,0
2025-11-08 09:02:57.690786,USER_1312,13.38,Amazon,Debit Card,GER,0
2025-11-08 09:12:41.690786,USER_3804,13.43,Target,Debit Card,JPN,0
2025-11-08 09:21:00.690786,USER_9556,20.81,WholeFoods,Debit Card,JPN,0
2025-11-08 09:23:58.690786,USER_4617,1.3,Flipkart,PayPal,IND,0
2025-11-08 09:24:38.690786,USER_9501,32.24,Shell,Bank Transfer,JPN,0
2025-11-08 09:36:45.690786,USER_5009,88.36,Shell,Credit Card,GER,0
2025-11-08 09:53:47.690786,USER_2386,5.19,McDonalds,Bank Transfer,USA,0
2025-11-08 10:01:26.690786,USER_8580,24.84,McDonalds,Bank Transfer,JPN,0
2025-11-08 10:13:22.690786,USER_3200,27.86,Amazon,UPI,AUS,1
2025-11-08 10:22:21.690786,USER_4969,58.9,BestBuy,Bank Transfer,JPN,0
2025-11-08 10:35:21.690786,USER_4382,35.59,Walmart,Bank Transfer,UK,0
2025-11-08 10:35:54.690786,USER_9677,33.9,Flipkart,Debit Card,UK,0
2025-11-08 10:41:47.690786,USER_9511,66.19,Costco,Cash,FRA,0
2025-11-08 10:52:16.690786,USER_8660,10.05,BP,Bank Transfer,AUS,1
2025-11-08 10:54:34.690786,USER_3372,51.64,BestBuy,Debit Card,JPN,0
2025-11-08 10:57:02.690786,USER_6855,84.9,Shell,Bank Transfer,USA,0
2025-11-08 11:14:05.690786,USER_9572,12.22,Amazon,PayPal,AUS,0
2025-11-08 11:19:48.690786,USER_6567,13.64,Nike,UPI,USA,0
2025-11-08 11:24:17.690786,USER_3148,12.44,WholeFoods,Credit Card,CAN,0
2025-11-08 11:39:31.690786,USER_7570,6.42,Target,Credit Card,IND,0
2025-11-08 11:48:31.690786,USER_2153,83.04,Costco,Cash,JPN,0
2025-11-08 11:53:27.690786,USER_9800,33.69,BestBuy,PayPal,USA,0
2025-11-08 11:55:57.690786,USER_4969,29.79,Nike,UPI,GER,0
2025-11-08 12:05:19.690786,USER_3153,68.34,Shell,Bank Transfer,FRA,0
2025-11-08 12:14:49.690786,USER_7791,11.14,Walmart,Bank Transfer,CAN,0
2025-11-08 12:20:58.690786,USER_1984,58.39,Nike,UPI,CAN,0
2025-11-08 12:25:49.690786,USER_2548,49.18,Shell,UPI,IND,1
2025-11-08 12:31:39.690786,USER_7648,11.19,BestBuy,UPI,JPN,0
2025-11-08 12:32:47.690786,USER_7021,4.85,Amazon,PayPal,FRA,0
2025-11-08 13:09:34.690786,USER_1575,222.12,Walmart,PayPal,USA,0
2025-11-08 13:10:51.690786,USER_9805,15.99,Amazon,PayPal,AUS,0
2025-11-08 13:22:57.690786,USER_8331,44.61,WholeFoods,Credit Card,GER,1
2025-11-08 13:34:14.690786,USER_8031,27.89,Walmart,PayPal,IND,0
2025-11-08 13:52:20.690786,USER_7588,28.9,Walmart,Cash,IND,0
2025-11-08 13:55:43.690786,USER_1070,10.54,McDonalds,Cash,GER,0
2025-11-08 13:56:06.690786,USER_3764,61.99,Walgreens,UPI,JPN,0
2025-11-08 14:13:19.690786,USER_3621,84.04,Walmart,Debit Card,AUS,0
2025-11-08 14:15:20.690786,USER_4387,37.16,Walmart,Credit Card,GER,0
2025-11-08 14:33:30.690786,USER_6377,20.12,HomeDepot,Bank Transfer,USA,0
2025-11-08 14:46:59.690786,USER_2117,20.81,HomeDepot,PayPal,AUS,0
2025-11-08 14:51:23.690786,USER_7628,76.59,CVS,Bank Transfer,JPN,0
2025-11-08 15:00:12.690786,USER_2867,9.8,Flipkart,Debit Card,JPN,0
2025-11-08 15:11:24.690786,USER_3234,253.17,Target,UPI,AUS,1
2025-11-08 15:20:45.690786,USER_5803,9.14,Walgreens,Bank Transfer,GER,0
2025-11-08 15:24:11.690786,USER_7987,31.58,BestBuy,Cash,UK,0
2025-11-08 15:31:13.690786,USER_2755,18.87,Walgreens,Bank Transfer,GER,0
2025-11-08 15:38:38.690786,USER_1906,8.52,HomeDepot,Debit Card,IND,0
2025-11-08 15:42:54.690786,USER_7389,104.38,Walmart,Credit Card,AUS,0
2025-11-08 15:44:51.690786,USER_5657,12.19,Costco,Cash,JPN,0
2025-11-08 15:45:39.690786,USER_1084,13.32,WholeFoods,UPI,IND,0
2025-11-08 15:46:20.690786,USER_1769,224.38,BP,Credit Card,GER,0
2025-11-08 15:49:43.690786,USER_1709,22.74,Nike,UPI,AUS,0
2025-11-08 16:00:35.690786,USER_5668,16.34,BestBuy,Bank Transfer,CAN,0
2025-11-08 16:11:44.690786,USER_3235,1190.72,Amazon,Cash,IND,1
2025-11-08 16:18:22.690786,USER_1486,22.69,Target,Credit Card,FRA,0
2025-11-08 16:32:01.690786,USER_2219,31.72,Costco,Cash,AUS,0
2025-11-08 16:40:20.690786,USER_3053,67.11,Amazon,Credit Card,GER,0
2025-11-08 16:50:51.690786,USER_4640,50.82,Costco,Credit Card,CAN,0
2025-11-08 17:17:02.690786,USER_8711,49.15,Costco,Cash,UK,0
2025-11-08 17:19:56.690786,USER_8125,16.88,Shell,Debit Card,UK,0
2025-11-08 17:25:27.690786,USER_9908,7.49,Target,Debit Card,USA,0
2025-11-08 17:35:22.690786,USER_3841,160.86,Flipkart,Debit Card,GER,1
2025-11-08 17:40:29.690786,USER_3890,18.26,Nike,Debit Card,JPN,0
2025-11-08 18:29:02.690786,USER_7505,151.46,Flipkart,Debit Card,JPN,0
2025-11-08 18:40:06.690786,USER_6798,37.02,McDonalds,Bank Transfer,IND,0
2025-11-08 18:50:42.690786,USER_8198,17.7,CVS,Debit Card,AUS,0
2025-11-08 18:55:36.690786,USER_2723,333.0,HomeDepot,Cash,IND,0
2025-11-08 19:03:15.690786,USER_1368,224.39,BestBuy,Debit Card,GER,0
2025-11-08 19:08:58.690786,USER_7515,106.45,BP,PayPal,FRA,0
2025-11-08 19:21:35.690786,USER_9832,12.62,Amazon,Debit Card,USA,0
2025-11-08 19:22:31.690786,USER_5059,243.83,Flipkart,PayPal,GER,0
2025-11-08 19:27:07.690786,USER_9948,17.19,Target,PayPal,IND,0
2025-11-08 19:30:44.690786,USER_1223,8.3,CVS,Debit Card,USA,0
2025-11-08 19:46:35.690786,USER_5596,126.86,Target,UPI,AUS,0
2025-11-08 19:48:48.690786,USER_9967,14.63,BP,PayPal,JPN,0
2025-11-08 20:01:04.690786,USER_3039,8.94,Walgreens,Debit Card,JPN,0
2025-11-08 20:05:23.690786,USER_8474,26.64,McDonalds,Credit Card,UK,0
2025-11-08 20:07:47.690786,USER_3434,20.86,Costco,Credit Card,CAN,0
2025-11-08 20:18:37.690786,USER_7961,19.9,Shell,UPI,FRA,0
2025-11-08 20:19:02.690786,USER_8785,61.43,Shell,Bank Transfer,FRA,0
2025-11-08 20:19:56.690786,USER_5940,61.52,Shell,PayPal,FRA,0
2025-11-08 20:29:21.690786,USER_1945,23.33,Target,PayPal,USA,0
2025-11-08 20:38:04.690786,USER_2312,2.35,Amazon,Bank Transfer,FRA,0
2025-11-08 20:38:20.690786,USER_2422,1.02,Walgreens,PayPal,CAN,0
2025-11-08 20:58:34.690786,USER_8245,7.38,Costco,Credit Card,CAN,1
2025-11-08 20:58:59.690786,USER_1940,10.28,BP,UPI,AUS,0
2025-11-08 21:16:56.690786,USER_1779,9.87,CVS,Cash,USA,0
2025-11-08 21:46:17.690786,USER_8240,41.33,Shell,UPI,AUS,0
2025-11-08 21:47:35.690786,USER_9027,15.61,BestBuy,Cash,CAN,0
2025-11-08 21:49:52.690786,USER_8233,94.58,BestBuy,UPI,IND,0
2025-11-08 21:51:15.690786,USER_9948,11.49,CVS,UPI,CAN,0
2025-11-08 21:57:34.690786,USER_6289,71.45,Shell,Bank Transfer,JPN,0
2025-11-08 22:05:52.690786,USER_6387,77.68,BP,Credit Card,AUS,0
2025-11-08 22:15:26.690786,USER_4104,134.47,BP,Debit Card,FRA,0
2025-11-08 22:16:16.690786,USER_5388,319.01,Starbucks,Debit Card,IND,0
2025-11-08 22:21:12.690786,USER_4225,5.05,Flipkart,Credit Card,IND,0
2025-11-08 22:23:27.690786,USER_3960,44.35,Starbucks,Cash,UK,0
2025-11-08 23:07:13.690786,USER_2389,161.09,Flipkart,Cash,USA,0
2025-11-08 23:12:34.690786,USER_1324,3372.06,WholeFoods,Debit Card,UK,0
2025-11-08 23:24:29.690786,USER_2406,13.89,Target,Debit Card,GER,0
2025-11-08 23:28:25.690786,USER_3734,18.52,McDonalds,Cash,UK,0
2025-11-08 23:28:29.690786,USER_1355,52.08,McDonalds,Credit Card,UK,0
2025-11-08 23:29:51.690786,USER_5603,163.01,BestBuy,Bank Transfer,UK,0
2025-11-08 23:43:48.690786,USER_7208,44.33,WholeFoods,PayPal,FRA,0
2025-11-08 23:52:50.690786,USER_6981,88.81,Walgreens,PayPal,JPN,0
2025-11-09 00:12:27.690786,USER_9186,23.33,Amazon,Bank Transfer,IND,0
2025-11-09 00:37:44.690786,USER_3962,12.1,CVS,PayPal,AUS,0
2025-11-09 00:40:21.690786,USER_5764,598.25,CVS,Cash,GER,0
2025-11-09 00:40:26.690786,USER_3544,38.74,Flipkart,Cash,FRA,0
2025-11-09 00:49:45.690786,USER_5014,7.58,McDonalds,UPI,AUS,0
2025-11-09 00:53:44.690786,USER_5092,73.06,Shell,Bank Transfer,USA,0
2025-11-09 01:01:25.690786,USER_9625,78.84,HomeDepot,Cash,CAN,0
2025-11-09 01:16:43.690786,USER_2156,16.58,McDonalds,Debit Card,FRA,1
2025-11-09 01:17:23.690786,USER_8692,51.63,Nike,Bank Transfer,FRA,0
2025-11-09 01:41:51.690786,USER_1372,39.66,Flipkart,Credit Card,GER,0
2025-11-09 01:44:01.690786,USER_3736,5.23,Shell,Credit Card,JPN,0
2025-11-09 01:48:18.690786,USER_1175,84.7,Starbucks,Debit Card,UK,0
2025-11-09 02:03:08.690786,USER_9055,97.17,Flipkart,Cash,FRA,0
2025-11-09 02:09:39.690786,USER_1745,120.83,BP,Bank Transfer,UK,0
2025-11-09 02:16:25.690786,USER_5358,51.1,McDonalds,Bank Transfer,AUS,0
2025-11-09 02:21:54.690786,USER_7313,30.82,Starbucks,PayPal,GER,0
2025-11-09 02:29:21.690786,USER_5920,17.96,Walmart,Debit Card,AUS,0
2025-11-09 02:35:26.690786,USER_7302,15.63,Walgreens,UPI,UK,0
2025-11-09 02:50:30.690786,USER_5458,23.42,BestBuy,UPI,UK,0
2025-11-09 02:53:43.690786,USER_1712,54.05,Walgreens,PayPal,JPN,0
2025-11-09 02:55:39.690786,USER_4885,14.05,Starbucks,Bank Transfer,GER,0
2025-11-09 02:56:44.690786,USER_8786,109.53,CVS,PayPal,UK,0
2025-11-09 03:02:13.690786,USER_4149,16.44,Nike,PayPal,JPN,0
2025-11-09 03:08:19.690786,USER_7855,74.13,CVS,Credit Card,AUS,0
2025-11-09 03:11:12.690786,USER_1538,6.53,Walmart,Cash,CAN,0
2025-11-09 03:23:26.690786,USER_4712,24.05,HomeDepot,Cash,AUS,0
2025-11-09 03:29:59.690786,USER_9609,43.42,WholeFoods,Credit Card,GER,0
2025-11-09 03:47:29.690786,USER_2522,63.56,HomeDepot,Debit Card,AUS,0
2025-11-09 03:55:17.690786,USER_6482,82.41,Starbucks,Debit Card,AUS,0
2025-11-09 03:57:03.690786,USER_1260,205.45,BP,Debit Card,USA,1
2025-11-09 04:03:34.690786,USER_2979,159.72,Nike,Bank Transfer,AUS,0
2025-11-09 04:07:59.690786,USER_6901,14.61,Nike,Cash,UK,0
2025-11-09 04:08:06.690786,USER_9410,10.57,Amazon,UPI,GER,0
2025-11-09 04:22:24.690786,USER_6237,1.53,Shell,Debit Card,IND,0
2025-11-09 04:45:37.690786,USER_1217,13.7,Amazon,Debit Card,CAN,0
2025-11-09 04:47:13.690786,USER_2843,77.91,Starbucks,Debit Card,FRA,0
2025-11-09 04:51:55.690786,USER_6187,60.92,Walmart,Debit Card,IND,0
2025-11-09 05:03:38.690786,USER_8428,12.32,BestBuy,PayPal,FRA,0
2025-11-09 05:11:38.690786,USER_1353,50.04,Flipkart,Credit Card,CAN,0
2025-11-09 05:14:46.690786,USER_7025,46.38,Nike,Debit Card,IND,0
2025-11-09 05:15:19.690786,USER_6296,21.72,Flipkart,PayPal,GER,0
2025-11-09 05:30:32.690786,USER_5653,45.03,Costco,Cash,USA,0
2025-11-09 05:34:33.690786,USER_7262,55.45,Walmart,Cash,USA,0
2025-11-09 05:39:25.690786,USER_6368,48.72,Walgreens,Bank Transfer,USA,0
2025-11-09 05:43:32.690786,USER_3519,22.52,Costco,Cash,FRA,0
2025-11-09 05:57:01.690786,USER_6778,16.27,WholeFoods,Cash,CAN,0
2025-11-09 06:26:19.690786,USER_1380,3.62,BestBuy,Debit Card,USA,0
2025-11-09 06:28:20.690786,USER_2456,38.53,Nike,Cash,FRA,0
2025-11-09 06:33:46.690786,USER_1340,162.55,BestBuy,Cash,FRA,1
2025-11-09 06:33:46.690786,USER_3945,71.85,Costco,PayPal,IND,0
2025-11-09 06:35:13.690786,USER_3262,43.23,Amazon,UPI,GER,0
2025-11-09 06:54:57.690786,USER_3332,75.07,Shell,Bank Transfer,GER,0
2025-11-09 07:08:47.690786,USER_2570,10.3,Shell,Cash,IND,0
2025-11-09 07:22:27.690786,USER_1118,74.91,Costco,Credit Card,GER,0
2025-11-09 07:36:36.690786,USER_7284,64.08,Walgreens,Credit Card,UK,0
2025-11-09 08:08:34.690786,USER_3333,27.6,Shell,Bank Transfer,AUS,0
2025-11-09 08:11:30.690786,USER_8704,26.79,Amazon,UPI,USA,0
2025-11-09 08:28:03.690786,USER_5412,16.83,Nike,UPI,UK,1
2025-11-09 08:38:54.690786,USER_2964,32.08,Costco,UPI,AUS,0
2025-11-09 08:58:26.690786,USER_5025,18.41,Starbucks,Debit Card,IND,0
2025-11-09 09:06:37.690786,USER_9088,48.6,HomeDepot,Bank Transfer,IND,0
2025-11-09 09:14:17.690786,USER_7400,7.9,Amazon,UPI,FRA,0
2025-11-09 09:20:01.690786,USER_2310,10.34,WholeFoods,Debit Card,CAN,0
2025-11-09 09:20:56.690786,USER_7159,76.38,Shell,UPI,USA,0
2025-11-09 09:34:10.690786,USER_5999,31.65,Flipkart,Credit Card,FRA,0
2025-11-09 09:39:07.690786,USER_8952,10.25,HomeDepot,Cash,AUS,0
2025-11-09 10:02:43.690786,USER_8516,116.56,Walgreens,Cash,USA,0
2025-11-09 10:14:48.690786,USER_9172,2.91,Walmart,UPI,AUS,0
2025-11-09 10:15:15.690786,USER_4533,11.7,Walgreens,Bank Transfer,FRA,0
2025-11-09 10:20:33.690786,USER_8345,18.81,Starbucks,Credit Card,USA,0
2025-11-09 10:44:33.690786,USER_3654,34.51,HomeDepot,Debit Card,JPN,0
2025-11-09 10:45:37.690786,USER_2436,18.53,Amazon,UPI,AUS,0
2025-11-09 10:49:29.690786,USER_7677,32.64,Flipkart,Debit Card,UK,0
2025-11-09 10:55:26.690786,USER_8449,41.8,CVS,Cash,JPN,0
2025-11-09 11:06:03.690786,USER_8425,6.31,BP,Cash,USA,0
2025-11-09 11:18:45.690786,USER_2843,21.71,WholeFoods,Cash,GER,0
2025-11-09 11:21:01.690786,USER_7271,140.88,McDonalds,Bank Transfer,USA,0
2025-11-09 11:41:23.690786,USER_4143,58.59,McDonalds,UPI,CAN,0
2025-11-09 11:42:52.690786,USER_9235,11.19,HomeDepot,Bank Transfer,UK,0
2025-11-09 11:45:29.690786,USER_6384,48.18,Shell,PayPal,CAN,0
2025-11-09 11:46:46.690786,USER_5041,3.8,HomeDepot,Debit Card,USA,0
2025-11-09 11:57:21.690786,USER_5012,1.8,Shell,Cash,UK,0
2025-11-09 12:01:25.690786,USER_4814,42.95,Amazon,PayPal,USA,0
2025-11-09 12:23:24.690786,USER_9290,30.9,Costco,Debit Card,USA,0
2025-11-09 13:01:51.690786,USER_9133,6.34,McDonalds,Bank Transfer,JPN,0
2025-11-09 13:08:21.690786,USER_7513,32.11,WholeFoods,Cash,JPN,0
2025-11-09 13:08:31.690786,USER_7499,1.29,Amazon,Bank Transfer,GER,0
2025-11-09 13:08:34.690786,USER_4053,22.11,Walmart,Cash,AUS,0
2025-11-09 13:09:24.690786,USER_1860,135.39,McDonalds,Bank Transfer,UK,0
2025-11-09 13:19:03.690786,USER_5060,4.95,HomeDepot,PayPal,IND,0
2025-11-09 13:29:06.690786,USER_9537,19.81,CVS,Cash,JPN,0
2025-11-09 13:34:07.690786,USER_3057,46.25,Flipkart,Debit Card,USA,0
2025-11-09 13:55:02.690786,USER_8347,93.21,Walgreens,Cash,USA,0
2025-11-09 14:10:56.690786,USER_9035,60.74,Walmart,PayPal,GER,0
2025-11-09 14:18:37.690786,USER_7719,14.71,HomeDepot,Cash,GER,0
2025-11-09 14:24:15.690786,USER_8060,110.73,Walmart,PayPal,CAN,0
2025-11-09 14:26:50.690786,USER_3656,7.13,Nike,Debit Card,CAN,0
2025-11-09 14:45:28.690786,USER_1918,53.03,BestBuy,Cash,JPN,0
2025-11-09 14:50:17.690786,USER_1420,41.99,Flipkart,Credit Card,CAN,0
2025-11-09 14:54:42.690786,USER_9474,29.25,Walgreens,Debit Card,GER,0
2025-11-09 15:05:21.690786,USER_2097,22.88,Shell,Bank Transfer,USA,0
2025-11-09 15:18:26.690786,USER_6142,22.35,McDonalds,Cash,GER,0
2025-11-09 15:23:21.690786,USER_5036,31.18,HomeDepot,UPI,CAN,0
2025-11-09 15:23:28.690786,USER_7534,23.11,Nike,Debit Card,UK,0
2025-11-09 15:43:00.690786,USER_7830,41.57,BestBuy,UPI,CAN,0
2025-11-09 15:44:55.690786,USER_1310,33.02,Shell,UPI,GER,0
2025-11-09 16:00:14.690786,USER_3617,69.3,BestBuy,Cash,JPN,0
2025-11-09 16:02:17.690786,USER_4677,92.34,Walgreens,Credit Card,AUS,0
2025-11-09 16:17:37.690786,USER_8742,8.44,BestBuy,Credit Card,CAN,0
2025-11-09 16:30:31.690786,USER_9724,146.34,Costco,Bank Transfer,AUS,0
2025-11-09 16:44:44.690786,USER_8165,1.23,BestBuy,Credit Card,CAN,0
2025-11-09 16:45:11.690786,USER_8485,686.99,Starbucks,UPI,CAN,0
2025-11-09 16:45:33.690786,USER_1797,9.74,HomeDepot,Debit Card,CAN,0
2025-11-09 16:53:09.690786,USER_8490,7.56,Walmart,Credit Card,UK,0
2025-11-09 17:07:36.690786,USER_7853,31.59,Amazon,PayPal,GER,0
2025-11-09 17:25:30.690786,USER_7086,11.18,Nike,Cash,AUS,0
2025-11-09 17:30:41.690786,USER_8678,20.32,Target,Bank Transfer,AUS,0
2025-11-09 17:47:45.690786,USER_5105,144.36,McDonalds,Cash,UK,0
2025-11-09 18:17:38.690786,USER_1755,26.91,BestBuy,UPI,UK,0
2025-11-09 18:19:22.690786,USER_3671,21.11,Amazon,PayPal,UK,0
2025-11-09 18:20:35.690786,USER_5901,161.5,Walgreens,Credit Card,CAN,1
2025-11-09 18:32:29.690786,USER_3939,11.2,McDonalds,UPI,FRA,0
2025-11-09 18:34:51.690786,USER_3772,8.3,Shell,Debit Card,JPN,0
2025-11-09 18:39:05.690786,USER_1404,34.52,HomeDepot,Cash,FRA,0
2025-11-09 18:43:41.690786,USER_9529,14.9,HomeDepot,UPI,UK,0
2025-11-09 18:47:05.690786,USER_6353,85.36,Target,Debit Card,AUS,0
2025-11-09 18:52:20.690786,USER_7996,62.02,Target,UPI,JPN,0
2025-11-09 18:59:29.690786,USER_6092,3.64,Starbucks,Debit Card,CAN,0
2025-11-09 19:08:22.690786,USER_3001,16.95,Walmart,UPI,GER,0
2025-11-09 19:12:03.690786,USER_3986,64.5,Walmart,Bank Transfer,AUS,0
2025-11-09 19:30:30.690786,USER_1087,29.17,Starbucks,Credit Card,USA,0
2025-11-09 19:31:26.690786,USER_6846,7.5,CVS,Debit Card,JPN,0
2025-11-09 19:32:22.690786,USER_8965,20.7,Walgreens,Cash,GER,0
2025-11-09 19:35:22.690786,USER_6527,48.96,Costco,PayPal,AUS,0
2025-11-09 20:04:54.690786,USER_3548,71.77,Flipkart,UPI,JPN,0
2025-11-09 20:05:25.690786,USER_2552,214.98,HomeDepot,Credit Card,FRA,0
2025-11-09 20:40:31.690786,USER_2483,141.98,Walgreens,Bank Transfer,USA,0
2025-11-09 20:44:21.690786,USER_4946,12.02,Target,Bank Transfer,USA,0
2025-11-09 20:44:31.690786,USER_2506,12.2,McDonalds,UPI,JPN,0
2025-11-09 20:59:30.690786,USER_4826,119.86,BestBuy,UPI,GER,0
2025-11-09 21:05:36.690786,USER_7583,40.91,Costco,Bank Transfer,IND,0
2025-11-09 21:06:40.690786,USER_7304,30.03,Target,PayPal,USA,0
2025-11-09 21:09:39.690786,USER_8571,22.66,Walmart,Credit Card,UK,0
2025-11-09 21:16:56.690786,USER_9119,28.54,BestBuy,Credit Card,FRA,0
2025-11-09 21:30:10.690786,USER_7397,99.12,McDonalds,Cash,CAN,0
2025-11-09 21:36:05.690786,USER_9171,69.59,BP,Credit Card,AUS,0
2025-11-09 21:46:12.690786,USER_1666,8.54,Walgreens,Cash,JPN,0
2025-11-09 22:10:32.690786,USER_7731,24.16,Walgreens,Credit Card,AUS,0
2025-11-09 22:11:31.690786,USER_5637,31.07,Walmart,UPI,IND,0
2025-11-09 22:26:32.690786,USER_9489,9.82,Nike,PayPal,FRA,0
2025-11-09 22:30:18.690786,USER_8418,32.39,Flipkart,PayPal,CAN,0
2025-11-09 22:31:36.690786,USER_1985,15.98,Flipkart,Bank Transfer,GER,0
2025-11-09 22:32:19.690786,USER_6681,121.42,Walmart,Debit Card,AUS,0
2025-11-09 22:32:46.690786,USER_7326,17.66,BP,Bank Transfer,JPN,0
2025-11-09 22:35:45.690786,USER_9955,20.69,BestBuy,UPI,FRA,0
2025-11-09 22:40:13.690786,USER_5623,11.27,Flipkart,Debit Card,JPN,0
2025-11-09 22:41:23.690786,USER_9202,5.58,Starbucks,Debit Card,UK,0
2025-11-09 22:52:56.690786,USER_3625,69.66,Nike,Credit Card,JPN,0
2025-11-09 23:03:33.690786,USER_5799,7.71,BP,PayPal,AUS,0
2025-11-09 23:08:52.690786,USER_5362,8.54,Starbucks,Cash,GER,0
2025-11-09 23:54:17.690786,USER_3511,24.89,WholeFoods,Cash,AUS,0
2025-11-09 23:54:26.690786,USER_9042,17.15,McDonalds,Bank Transfer,IND,0
2025-11-10 00:07:12.690786,USER_9005,22.5,HomeDepot,PayPal,UK,0
2025-11-10 00:16:34.690786,USER_7520,77.02,Starbucks,Credit Card,UK,0
2025-11-10 00:26:15.690786,USER_2776,17.47,BP,UPI,USA,0
2025-11-10 00:30:04.690786,USER_5107,28.94,McDonalds,Credit Card,USA,0
2025-11-10 00:33:59.690786,USER_6655,9.44,Amazon,Cash,GER,0
2025-11-10 00:43:31.690786,USER_3297,6.0,Target,Debit Card,USA,0
2025-11-10 00:43:32.690786,USER_3668,17.89,CVS,Bank Transfer,GER,0
2025-11-10 00:44:25.690786,USER_6340,106.72,BestBuy,Bank Transfer,JPN,0
2025-11-10 00:45:04.690786,USER_7366,21.19,CVS,Bank Transfer,GER,0
2025-11-10 00:50:21.690786,USER_9220,82.35,Starbucks,Cash,IND,0
2025-11-10 01:05:02.690786,USER_7865,60.42,Flipkart,Credit Card,GER,0
2025-11-10 01:07:51.690786,USER_1137,45.23,CVS,Debit Card,JPN,0
2025-11-10 01:09:10.690786,USER_9490,158.95,WholeFoods,Debit Card,IND,0
2025-11-10 01:09:43.690786,USER_1701,19.85,Costco,Debit Card,CAN,0
2025-11-10 01:13:05.690786,USER_2784,201.16,HomeDepot,Credit Card,JPN,0
2025-11-10 01:19:26.690786,USER_9856,67.09,Amazon,Cash,CAN,0
2025-11-10 01:48:15.690786,USER_3381,85.03,Walgreens,Cash,GER,0
2025-11-10 01:54:41.690786,USER_9436,88.58,McDonalds,Cash,AUS,0
2025-11-10 01:55:02.690786,USER_3993,8.29,HomeDepot,Credit Card,UK,0
2025-11-10 01:55:26.690786,USER_5133,235.79,Starbucks,UPI,FRA,1
2025-11-10 02:05:34.690786,USER_4163,15.25,HomeDepot,Credit Card,UK,0
2025-11-10 02:22:50.690786,USER_3434,16.7,Costco,PayPal,UK,0
2025-11-10 02:24:15.690786,USER_7031,135.33,BestBuy,UPI,UK,0
2025-11-10 02:29:05.690786,USER_9052,6.43,Nike,Credit Card,USA,0
2025-11-10 02:32:22.690786,USER_2300,31.56,McDonalds,PayPal,AUS,0
2025-11-10 02:49:53.690786,USER_5303,47.49,Target,Credit Card,JPN,0
2025-11-10 03:09:41.690786,USER_4866,75.43,Flipkart,Credit Card,USA,0
2025-11-10 03:17:51.690786,USER_7050,10.12,CVS,Cash,CAN,0
2025-11-10 03:18:07.690786,USER_2747,3.31,Nike,UPI,AUS,0
2025-11-10 03:31:14.690786,USER_1958,25.17,HomeDepot,Debit Card,USA,0
2025-11-10 03:47:52.690786,USER_8306,713.26,Flipkart,UPI,GER,1
2025-11-10 04:17:28.690786,USER_5965,125.87,HomeDepot,Credit Card,AUS,0
2025-11-10 04:20:02.690786,USER_9228,17.43,Flipkart,UPI,AUS,0
2025-11-10 04:25:01.690786,USER_2600,5.31,Costco,Cash,JPN,0
2025-11-10 04:38:30.690786,USER_9410,16.42,BP,PayPal,UK,0
2025-11-10 04:45:53.690786,USER_2970,45.13,BP,PayPal,AUS,0
2025-11-10 04:47:30.690786,USER_2813,55.63,McDonalds,Cash,JPN,0
2025-11-10 04:47:34.690786,USER_5627,15.03,Target,Debit Card,UK,0
2025-11-10 04:48:53.690786,USER_5830,45.46,Target,Bank Transfer,FRA,0
2025-11-10 04:55:42.690786,USER_7229,37.67,Walmart,UPI,IND,0
2025-11-10 05:13:18.690786,USER_6965,11.78,Costco,Credit Card,IND,0
2025-11-10 05:22:26.690786,USER_4532,168.43,Walmart,Cash,CAN,1
2025-11-10 05:30:42.690786,USER_2497,73.97,Costco,UPI,FRA,0
2025-11-10 05:37:03.690786,USER_5782,169.88,Nike,Debit Card,UK,0
2025-11-10 05:42:01.690786,USER_9055,26.83,Flipkart,Bank Transfer,UK,0
2025-11-10 05:50:26.690786,USER_7188,59.91,Costco,UPI,IND,0
2025-11-10 06:31:38.690786,USER_1520,68.76,Costco,Bank Transfer,UK,0
2025-11-10 06:35:15.690786,USER_3476,35.46,McDonalds,Credit Card,JPN,0
2025-11-10 06:41:51.690786,USER_3323,1.59,Walgreens,Credit Card,AUS,0
2025-11-10 06:49:40.690786,USER_3321,12.65,Amazon,Cash,UK,0
2025-11-10 06:55:58.690786,USER_3518,1.42,Costco,UPI,FRA,0
2025-11-10 07:08:07.690786,USER_5125,55.68,BestBuy,PayPal,JPN,0
2025-11-10 07:26:57.690786,USER_1399,25.8,Nike,Debit Card,AUS,0
2025-11-10 07:37:35.690786,USER_7208,122.68,Walmart,PayPal,FRA,0
2025-11-10 07:38:16.690786,USER_6119,8.67,BP,Cash,USA,0
2025-11-10 07:40:36.690786,USER_6388,16.5,BP,Debit Card,AUS,0
2025-11-10 07:45:36.690786,USER_4991,21.32,HomeDepot,PayPal,GER,0
2025-11-10 07:53:04.690786,USER_6864,35.26,McDonalds,Credit Card,FRA,0
2025-11-10 08:20:08.690786,USER_3389,92.58,McDonalds,Debit Card,IND,0
2025-11-10 08:23:29.690786,USER_9005,87.42,CVS,PayPal,AUS,0
2025-11-10 08:40:24.690786,USER_7660,52.51,McDonalds,Debit Card,AUS,0
2025-11-10 08:41:46.690786,USER_6903,61.44,Walgreens,Bank Transfer,JPN,0
2025-11-10 08:52:27.690786,USER_8107,85.65,Flipkart,Debit Card,GER,0
2025-11-10 08:59:51.690786,USER_2727,43.85,Costco,Bank Transfer,UK,0
2025-11-10 09:08:41.690786,USER_7449,12.0,McDonalds,PayPal,USA,0
2025-11-10 09:12:32.690786,USER_7292,316.52,BestBuy,Debit Card,FRA,0
2025-11-10 09:21:31.690786,USER_6206,118.19,Starbucks,Credit Card,GER,0
2025-11-10 09:39:22.690786,USER_3284,102.01,Shell,PayPal,JPN,0
2025-11-10 09:59:36.690786,USER_3808,28.33,Flipkart,Credit Card,JPN,0
2025-11-10 10:00:22.690786,USER_9563,16.17,WholeFoods,Debit Card,AUS,0
2025-11-10 10:07:01.690786,USER_5670,87.33,Flipkart,Bank Transfer,UK,0
2025-11-10 10:07:34.690786,USER_8627,36.56,CVS,Debit Card,AUS,0
2025-11-10 10:12:21.690786,USER_7348,11.58,Walmart,Bank Transfer,UK,0
2025-11-10 10:16:06.690786,USER_2093,7.95,Nike,Credit Card,JPN,0
2025-11-10 10:23:38.690786,USER_5698,92.45,Walgreens,Credit Card,AUS,0
2025-11-10 10:34:52.690786,USER_1445,14.14,CVS,UPI,GER,0
2025-11-10 10:44:19.690786,USER_5487,157.02,WholeFoods,Credit Card,GER,0
2025-11-10 10:50:14.690786,USER_2364,73.88,BestBuy,PayPal,UK,0
2025-11-10 11:16:39.690786,USER_3793,183.6,Costco,Credit Card,USA,0
2025-11-10 11:25:42.690786,USER_8397,55.43,CVS,Credit Card,FRA,0
2025-11-10 11:34:30.690786,USER_8913,50.25,HomeDepot,Bank Transfer,AUS,0
2025-11-10 11:35:27.690786,USER_8711,38.74,McDonalds,PayPal,AUS,0
2025-11-10 11:37:00.690786,USER_1834,24.16,BP,Credit Card,IND,0
2025-11-10 11:47:48.690786,USER_8236,72.67,Nike,Cash,USA,0
2025-11-10 11:51:19.690786,USER_9444,11.3,BP,Bank Transfer,USA,0
2025-11-10 12:16:08.690786,USER_9863,118.35,Amazon,Debit Card,JPN,0
2025-11-10 12:21:05.690786,USER_8572,237.95,CVS,Debit Card,GER,0
2025-11-10 12:25:44.690786,USER_2031,29.16,WholeFoods,Bank Transfer,JPN,0
2025-11-10 12:40:49.690786,USER_9185,78.01,Costco,Cash,AUS,0
2025-11-10 12:52:40.690786,USER_4354,84.4,WholeFoods,Debit Card,IND,0
2025-11-10 12:52:56.690786,USER_8309,76.27,Walgreens,Bank Transfer,UK,0
2025-11-10 13:02:27.690786,USER_3042,10.23,Shell,Debit Card,JPN,0
2025-11-10 13:07:31.690786,USER_7002,4.7,Walgreens,PayPal,CAN,0
2025-11-10 13:17:36.690786,USER_8295,69.82,McDonalds,Credit Card,USA,0
2025-11-10 13:41:11.690786,USER_6491,44.37,Target,Bank Transfer,IND,0
2025-11-10 13:58:14.690786,USER_4622,44.51,BP,PayPal,GER,0
2025-11-10 14:06:14.690786,USER_6599,31.9,BestBuy,UPI,UK,0
2025-11-10 14:13:14.690786,USER_8933,11.17,CVS,Credit Card,AUS,0
2025-11-10 14:17:51.690786,USER_3330,34.28,Amazon,Credit Card,JPN,0
2025-11-10 14:27:20.690786,USER_3644,30.52,Shell,Cash,UK,0
2025-11-10 14:39:39.690786,USER_8114,60.98,McDonalds,PayPal,CAN,0
2025-11-10 14:43:38.690786,USER_1466,52.02,BP,Debit Card,AUS,0
2025-11-10 14:51:26.690786,USER_9860,4.05,BP,Debit Card,FRA,0
2025-11-10 15:08:29.690786,USER_3258,20.55,Starbucks,UPI,AUS,0
2025-11-10 15:13:27.690786,USER_8401,12.2,BP,PayPal,FRA,0
2025-11-10 15:13:38.690786,USER_4148,13.82,BP,Credit Card,AUS,0
2025-11-10 15:24:42.690786,USER_8992,17.53,BP,PayPal,GER,0
2025-11-10 15:50:26.690786,USER_6490,28.08,HomeDepot,PayPal,USA,0
2025-11-10 15:51:54.690786,USER_9543,108.16,WholeFoods,Cash,GER,0
2025-11-10 15:54:09.690786,USER_6153,21.26,Shell,Credit Card,USA,0
2025-11-10 16:12:40.690786,USER_2176,6.26,Costco,Cash,USA,0
2025-11-10 16:14:52.690786,USER_1715,41.67,WholeFoods,UPI,AUS,0
2025-11-10 16:47:29.690786,USER_8208,44.87,Amazon,Debit Card,CAN,0
2025-11-10 16:48:13.690786,USER_9366,31.36,Shell,UPI,UK,0
2025-11-10 16:57:44.690786,USER_5945,59.07,Flipkart,UPI,USA,0
2025-11-10 17:01:08.690786,USER_7313,27.47,HomeDepot,Bank Transfer,CAN,0
2025-11-10 17:06:15.690786,USER_9652,28.86,Amazon,Credit Card,JPN,0
2025-11-10 17:11:43.690786,USER_3403,41.7,Shell,Credit Card,GER,0
2025-11-10 17:32:23.690786,USER_1396,69.35,HomeDepot,UPI,CAN,0
2025-11-10 17:49:03.690786,USER_1118,53.79,Nike,Credit Card,UK,0
2025-11-10 17:53:11.690786,USER_8116,40.03,Amazon,Debit Card,IND,0
2025-11-10 18:27:53.690786,USER_1628,25.87,CVS,Cash,FRA,0
2025-11-10 18:29:22.690786,USER_5906,22.82,WholeFoods,Bank Transfer,FRA,0
2025-11-10 18:30:07.690786,USER_7783,522.53,Starbucks,Bank Transfer,AUS,0
2025-11-10 18:30:47.690786,USER_6511,22.4,Walmart,Cash,UK,0
2025-11-10 18:39:49.690786,USER_9012,16.72,McDonalds,Bank Transfer,GER,0
2025-11-10 18:41:07.690786,USER_8803,43.28,Starbucks,Debit Card,IND,0
2025-11-10 18:42:23.690786,USER_9039,95.67,Amazon,Bank Transfer,JPN,0
2025-11-10 18:44:48.690786,USER_6044,38.12,Walmart,PayPal,AUS,0
2025-11-10 19:00:22.690786,USER_6554,124.09,Nike,Credit Card,IND,0
2025-11-10 19:07:12.690786,USER_1202,51.25,BestBuy,Debit Card,GER,0
2025-11-10 19:10:12.690786,USER_4871,50.98,Amazon,UPI,IND,0
2025-11-10 19:33:52.690786,USER_9436,27.04,Shell,PayPal,UK,0
2025-11-10 19:59:42.690786,USER_9877,31.04,Starbucks,UPI,USA,0
2025-11-10 20:06:01.690786,USER_9763,30.68,WholeFoods,UPI,AUS,0
2025-11-10 20:07:17.690786,USER_6528,19.59,Target,UPI,CAN,0
2025-11-10 20:14:41.690786,USER_9444,1.81,Walgreens,Debit Card,IND,0
2025-11-10 20:18:07.690786,USER_8354,42.48,Nike,Bank Transfer,USA,0
2025-11-10 20:26:08.690786,USER_6180,40.35,BP,Bank Transfer,CAN,0
2025-11-10 20:29:54.690786,USER_4260,66.89,Walmart,Cash,USA,0
2025-11-10 20:32:10.690786,USER_6375,3.92,HomeDepot,PayPal,AUS,0
2025-11-10 20:36:50.690786,USER_8264,178.4,Costco,Credit Card,FRA,0
2025-11-10 20:42:16.690786,USER_9457,189.41,Walmart,PayPal,IND,0
2025-11-10 20:54:25.690786,USER_1301,16.86,Costco,Cash,IND,0
2025-11-10 21:07:04.690786,USER_5281,9.06,BP,PayPal,GER,0
2025-11-10 21:47:25.690786,USER_6706,399.45,WholeFoods,Debit Card,IND,1
2025-11-10 21:53:09.690786,USER_7837,12.52,Amazon,Bank Transfer,IND,1
2025-11-10 21:55:13.690786,USER_4308,76.6,Shell,Cash,FRA,0
2025-11-10 22:08:26.690786,USER_7824,44.13,Shell,Debit Card,FRA,1
2025-11-10 22:16:43.690786,USER_4188,9.09,Walmart,PayPal,UK,0
2025-11-10 22:26:17.690786,USER_9132,34.66,Walgreens,Credit Card,CAN,0
2025-11-10 22:33:52.690786,USER_4855,10.88,Shell,Credit Card,AUS,0
2025-11-10 22:35:41.690786,USER_8294,40.58,BestBuy,Bank Transfer,AUS,0
2025-11-10 22:50:19.690786,USER_4983,322.89,Flipkart,Bank Transfer,FRA,0
2025-11-10 22:57:12.690786,USER_4104,13.82,BP,UPI,IND,0
2025-11-10 23:01:04.690786,USER_9474,6.56,BestBuy,PayPal,AUS,0
2025-11-10 23:01:35.690786,USER_4278,47.27,BP,Debit Card,CAN,0
2025-11-10 23:06:52.690786,USER_2936,37.94,BestBuy,Cash,GER,0
2025-11-10 23:35:00.690786,USER_9640,9.45,WholeFoods,Cash,USA,0
2025-11-11 00:11:45.690786,USER_7586,41.82,HomeDepot,Debit Card,UK,0
2025-11-11 00:26:43.690786,USER_4863,89.36,Target,Cash,GER,0
2025-11-11 00:29:36.690786,USER_4083,10.6,HomeDepot,Bank Transfer,FRA,0
2025-11-11 00:33:33.690786,USER_9842,125.02,Shell,PayPal,AUS,0
2025-11-11 01:00:39.690786,USER_8576,8.08,Starbucks,PayPal,IND,0
2025-11-11 01:01:37.690786,USER_9157,59.77,WholeFoods,Bank Transfer,USA,0
2025-11-11 01:09:33.690786,USER_9286,41.33,Target,Bank Transfer,UK,0
2025-11-11 01:48:25.690786,USER_6531,88.46,Costco,Debit Card,CAN,0
2025-11-11 01:55:17.690786,USER_4614,54.35,Starbucks,UPI,USA,0
2025-11-11 02:07:25.690786,USER_9374,66.97,BestBuy,Bank Transfer,USA,0
2025-11-11 02:28:37.690786,USER_9295,13.72,Shell,UPI,FRA,0
2025-11-11 02:29:38.690786,USER_6583,120.2,Target,UPI,AUS,0
2025-11-11 02:31:34.690786,USER_1844,4.06,CVS,Cash,UK,0
2025-11-11 02:56:22.690786,USER_2374,29.41,WholeFoods,UPI,IND,0
2025-11-11 02:56:30.690786,USER_8961,21.1,Walgreens,Bank Transfer,UK,0
2025-11-11 02:58:02.690786,USER_5091,56.73,BestBuy,Credit Card,CAN,0
2025-11-11 03:08:45.690786,USER_2055,23.67,WholeFoods,Bank Transfer,FRA,0
2025-11-11 03:34:03.690786,USER_5254,50.19,CVS,Debit Card,JPN,0
2025-11-11 03:34:48.690786,USER_9693,20.38,Costco,Bank Transfer,JPN,0
2025-11-11 03:43:04.690786,USER_6782,34.41,WholeFoods,Credit Card,IND,0
2025-11-11 03:44:12.690786,USER_5769,16.16,Amazon,UPI,IND,0
2025-11-11 03:44:51.690786,USER_3028,96.69,Walgreens,Cash,AUS,0
2025-11-11 03:48:15.690786,USER_1013,26.84,Flipkart,Cash,IND,0
2025-11-11 03:51:36.690786,USER_2702,17.08,CVS,UPI,UK,0
2025-11-11 04:08:55.690786,USER_8649,38.5,BestBuy,UPI,IND,0
2025-11-11 04:13:46.690786,USER_7332,6.12,HomeDepot,Debit Card,AUS,0
2025-11-11 04:21:36.690786,USER_7045,13.01,HomeDepot,Debit Card,JPN,0
2025-11-11 04:22:08.690786,USER_6698,80.89,BP,PayPal,AUS,0
2025-11-11 04:28:03.690786,USER_6328,428.22,Walgreens,Debit Card,CAN,0
2025-11-11 04:28:27.690786,USER_6913,35.05,Starbucks,UPI,UK,0
2025-11-11 04:30:52.690786,USER_1582,133.35,BP,Cash,FRA,0
2025-11-11 04:49:17.690786,USER_3066,21.16,Nike,UPI,JPN,0
2025-11-11 05:24:30.690786,USER_7900,6.74,WholeFoods,UPI,FRA,0
2025-11-11 05:43:59.690786,USER_6451,8.46,BP,Cash,FRA,0
2025-11-11 05:48:46.690786,USER_9444,43.39,BestBuy,Credit Card,IND,0
2025-11-11 05:52:54.690786,USER_3394,10.04,Starbucks,PayPal,JPN,0
2025-11-11 06:09:51.690786,USER_5937,17.56,Starbucks,Bank Transfer,JPN,0
2025-11-11 06:18:30.690786,USER_5581,24.67,Starbucks,Credit Card,USA,0
2025-11-11 06:21:14.690786,USER_9589,271.16,BestBuy,Debit Card,UK,0
2025-11-11 06:47:55.690786,USER_1284,30.23,Starbucks,UPI,CAN,0
2025-11-11 06:53:26.690786,USER_8596,294.32,Nike,Bank Transfer,USA,0
2025-11-11 07:11:44.690786,USER_9292,52.65,Walmart,Debit Card,AUS,0
2025-11-11 07:12:28.690786,USER_9770,61.89,Nike,PayPal,FRA,0
2025-11-11 07:22:33.690786,USER_4396,116.34,BestBuy,Cash,JPN,0
2025-11-11 07:24:29.690786,USER_2833,14.13,WholeFoods,PayPal,AUS,0
2025-11-11 07:27:15.690786,USER_3045,12.2,Costco,Debit Card,GER,0
2025-11-11 07:33:45.690786,USER_4485,67.67,WholeFoods,PayPal,JPN,0
2025-11-11 07:42:09.690786,USER_7283,23.88,Nike,Debit Card,IND,0
2025-11-11 07:49:44.690786,USER_2594,34.09,CVS,Bank Transfer,AUS,0
2025-11-11 07:57:35.690786,USER_3557,7.44,McDonalds,Debit Card,CAN,0
2025-11-11 07:58:23.690786,USER_1482,52.26,Walmart,UPI,IND,0
2025-11-11 07:58:44.690786,USER_5224,216.5,BestBuy,UPI,AUS,1
2025-11-11 08:14:38.690786,USER_5891,17.34,Shell,Debit Card,FRA,0
2025-11-11 08:18:37.690786,USER_4738,7.76,Target,UPI,GER,1
2025-11-11 08:33:21.690786,USER_9985,17.79,BP,Bank Transfer,USA,0
2025-11-11 08:40:13.690786,USER_4900,29.55,Amazon,PayPal,GER,0
2025-11-11 08:47:16.690786,USER_9501,186.86,BestBuy,Credit Card,JPN,1
2025-11-11 09:09:30.690786,USER_3963,11.26,WholeFoods,Bank Transfer,IND,0
2025-11-11 09:34:49.690786,USER_8391,42.71,WholeFoods,UPI,JPN,0
2025-11-11 09:43:08.690786,USER_4829,8.77,Flipkart,PayPal,USA,0
2025-11-11 09:43:17.690786,USER_3456,6.55,Flipkart,PayPal,JPN,0
2025-11-11 09:50:27.690786,USER_6764,57.32,Costco,Credit Card,GER,0
2025-11-11 09:59:15.690786,USER_5053,131.52,Amazon,Debit Card,IND,0
2025-11-11 10:03:29.690786,USER_6381,28.41,CVS,UPI,JPN,0
2025-11-11 10:12:31.690786,USER_1885,121.9,Walgreens,PayPal,CAN,0
2025-11-11 10:16:05.690786,USER_6507,26.18,Shell,Bank Transfer,AUS,0
2025-11-11 10:23:50.690786,USER_6316,4.01,Walmart,Debit Card,FRA,0
2025-11-11 10:24:42.690786,USER_4187,13.96,Nike,PayPal,AUS,0
2025-11-11 10:28:44.690786,USER_6136,2.91,BestBuy,Bank Transfer,FRA,0
2025-11-11 10:36:02.690786,USER_1034,36.43,BestBuy,Bank Transfer,UK,0
2025-11-11 10:48:14.690786,USER_8961,21.04,BestBuy,PayPal,IND,0
2025-11-11 10:48:46.690786,USER_5483,4.6,Walmart,PayPal,FRA,0
2025-11-11 10:54:54.690786,USER_8051,75.21,Flipkart,PayPal,FRA,0
2025-11-11 10:57:03.690786,USER_5728,12.39,Target,UPI,UK,0
2025-11-11 11:10:54.690786,USER_7471,8.35,Walmart,Cash,GER,0
2025-11-11 11:12:05.690786,USER_2574,17.89,BP,Credit Card,IND,0
2025-11-11 11:16:35.690786,USER_1887,18.1,Amazon,PayPal,CAN,0
2025-11-11 11:21:11.690786,USER_7451,60.4,BP,Cash,UK,0
2025-11-11 11:29:17.690786,USER_9818,70.24,Nike,UPI,USA,0
2025-11-11 11:36:44.690786,USER_5995,87.68,Nike,UPI,USA,0
2025-11-11 11:45:11.690786,USER_1606,204.32,McDonalds,Bank Transfer,AUS,0
2025-11-11 11:54:51.690786,USER_2578,66.04,Starbucks,Debit Card,GER,0
2025-11-11 11:56:52.690786,USER_7421,16.09,McDonalds,Credit Card,USA,0
2025-11-11 12:01:12.690786,USER_5806,3.51,Costco,Cash,UK,0
2025-11-11 12:03:01.690786,USER_1149,407.84,BestBuy,UPI,GER,0
2025-11-11 12:04:29.690786,USER_1458,43.72,Walgreens,Bank Transfer,IND,0
2025-11-11 12:11:23.690786,USER_2353,138.62,HomeDepot,Cash,UK,0
2025-11-11 12:23:33.690786,USER_1981,92.9,Target,Cash,JPN,0
2025-11-11 12:26:48.690786,USER_2468,8.07,Starbucks,Credit Card,FRA,0
2025-11-11 12:40:39.690786,USER_6729,48.98,BP,Credit Card,FRA,0
2025-11-11 12:43:59.690786,USER_9480,18.67,HomeDepot,Credit Card,USA,0
2025-11-11 13:00:10.690786,USER_4812,12.79,Shell,UPI,USA,0
2025-11-11 13:08:58.690786,USER_1168,68.4,Shell,Bank Transfer,CAN,0
2025-11-11 13:09:09.690786,USER_5903,286.35,Walmart,Debit Card,CAN,0
2025-11-11 13:11:46.690786,USER_2623,42.64,McDonalds,Credit Card,IND,0
2025-11-11 13:22:18.690786,USER_8173,255.45,Walgreens,Credit Card,AUS,0
2025-11-11 13:36:53.690786,USER_4847,19.99,Walmart,Cash,UK,0
2025-11-11 13:54:50.690786,USER_2986,129.37,McDonalds,Debit Card,CAN,0
2025-11-11 13:58:28.690786,USER_6605,17.78,McDonalds,PayPal,USA,0
2025-11-11 13:59:10.690786,USER_3389,866.28,BestBuy,PayPal,USA,0
2025-11-11 13:59:28.690786,USER_5056,23.9,Flipkart,Debit Card,IND,0
2025-11-11 14:04:58.690786,USER_6924,44.73,Amazon,Cash,CAN,0
2025-11-11 14:06:59.690786,USER_2426,172.58,Target,Cash,CAN,0
2025-11-11 14:07:46.690786,USER_2974,19.84,Flipkart,UPI,UK,0
2025-11-11 14:25:48.690786,USER_7206,54.47,Walgreens,Credit Card,GER,0
2025-11-11 14:31:35.690786,USER_1778,25.0,Target,Bank Transfer,GER,0
2025-11-11 14:32:21.690786,USER_7643,131.39,McDonalds,Cash,FRA,0
2025-11-11 14:47:05.690786,USER_1694,17.51,Flipkart,Bank Transfer,UK,0
2025-11-11 14:57:09.690786,USER_7196,2.94,McDonalds,Credit Card,CAN,0
2025-11-11 14:59:01.690786,USER_2705,94.19,HomeDepot,Credit Card,JPN,0
2025-11-11 15:01:50.690786,USER_6444,64.26,Starbucks,UPI,GER,0
2025-11-11 15:03:26.690786,USER_8903,13.14,Starbucks,Bank Transfer,IND,0
2025-11-11 15:04:58.690786,USER_3943,72.71,HomeDepot,Credit Card,UK,0
2025-11-11 15:27:42.690786,USER_8066,5.25,Amazon,Credit Card,IND,0
2025-11-11 15:29:29.690786,USER_1378,53.84,Flipkart,Credit Card,GER,0
2025-11-11 15:59:24.690786,USER_6468,31.62,WholeFoods,Bank Transfer,CAN,0
2025-11-11 16:09:43.690786,USER_1461,10.92,Flipkart,Bank Transfer,UK,0
2025-11-11 16:10:19.690786,USER_2895,6.69,BP,Cash,JPN,0
2025-11-11 16:29:40.690786,USER_8282,41.15,McDonalds,Debit Card,GER,0
2025-11-11 16:36:24.690786,USER_4829,353.21,McDonalds,Bank Transfer,UK,0
2025-11-11 17:11:13.690786,USER_9063,10.43,Walmart,UPI,FRA,0
2025-11-11 17:16:54.690786,USER_7735,110.89,Amazon,Bank Transfer,GER,0
2025-11-11 17:17:45.690786,USER_6945,25.96,Walgreens,Credit Card,IND,0
2025-11-11 17:20:10.690786,USER_3010,24.27,Starbucks,Credit Card,UK,0
2025-11-11 17:21:50.690786,USER_8260,42.05,Amazon,Debit Card,AUS,0
2025-11-11 17:42:33.690786,USER_4987,37.45,Nike,Cash,USA,0
2025-11-11 17:49:41.690786,USER_3619,2.37,HomeDepot,PayPal,UK,0
2025-11-11 17:50:55.690786,USER_7090,89.59,BP,Debit Card,FRA,0
2025-11-11 18:20:14.690786,USER_7852,22.85,CVS,UPI,IND,0
2025-11-11 18:20:14.690786,USER_7028,14.35,McDonalds,Debit Card,GER,0
2025-11-11 18:23:42.690786,USER_9978,102.95,Walgreens,PayPal,UK,0
2025-11-11 18:25:31.690786,USER_4268,21.95,CVS,PayPal,CAN,0
2025-11-11 18:31:26.690786,USER_1308,55.21,Shell,Cash,USA,0
2025-11-11 18:33:20.690786,USER_3675,27.76,McDonalds,UPI,UK,0
2025-11-11 18:39:06.690786,USER_2347,138.52,BP,Debit Card,GER,0
2025-11-11 18:48:09.690786,USER_8001,100.44,Costco,Bank Transfer,JPN,0
2025-11-11 18:50:54.690786,USER_3337,33.18,Shell,Cash,CAN,0
2025-11-11 19:03:12.690786,USER_6080,8.79,HomeDepot,Cash,UK,0
2025-11-11 19:04:00.690786,USER_2340,48.22,BP,Debit Card,USA,0
2025-11-11 19:09:12.690786,USER_3968,19.07,Flipkart,Credit Card,AUS,0
2025-11-11 19:33:44.690786,USER_8287,44.08,Starbucks,PayPal,CAN,0
2025-11-11 19:36:48.690786,USER_8762,158.26,Flipkart,Credit Card,AUS,0
2025-11-11 19:52:28.690786,USER_9577,59.35,Flipkart,Debit Card,IND,0
2025-11-11 19:59:08.690786,USER_7921,49.83,Flipkart,PayPal,IND,0
2025-11-11 20:00:34.690786,USER_4004,14.76,BestBuy,PayPal,UK,0
2025-11-11 20:04:12.690786,USER_5095,17.5,McDonalds,Credit Card,IND,0
2025-11-11 20:07:19.690786,USER_3901,212.09,Shell,Bank Transfer,JPN,0
2025-11-11 20:33:49.690786,USER_9451,25.26,HomeDepot,Cash,AUS,0
2025-11-11 21:03:32.690786,USER_7564,83.17,Flipkart,Bank Transfer,CAN,0
2025-11-11 21:11:04.690786,USER_9261,11.37,BestBuy,UPI,GER,0
2025-11-11 21:18:16.690786,USER_9845,103.93,Flipkart,Credit Card,GER,0
2025-11-11 21:19:10.690786,USER_9086,41.26,Walmart,Bank Transfer,GER,0
2025-11-11 21:21:53.690786,USER_3118,255.94,Amazon,Credit Card,IND,0
2025-11-11 21:28:33.690786,USER_3811,62.05,Walmart,Credit Card,AUS,0
2025-11-11 21:48:46.690786,USER_8454,26.81,McDonalds,Cash,USA,0
2025-11-11 21:49:29.690786,USER_4185,142.86,Amazon,Bank Transfer,USA,0
2025-11-11 21:57:03.690786,USER_3213,58.84,Target,PayPal,GER,0
2025-11-11 22:06:54.690786,USER_6705,39.73,Flipkart,Credit Card,IND,0
2025-11-11 22:12:30.690786,USER_9089,39.98,CVS,Credit Card,JPN,0
2025-11-11 22:12:43.690786,USER_8461,13.74,Walgreens,UPI,GER,0
2025-11-11 22:26:00.690786,USER_5144,123.44,Costco,UPI,USA,0
2025-11-11 22:26:54.690786,USER_6215,36.37,Amazon,Credit Card,JPN,0
2025-11-11 22:29:37.690786,USER_1510,24.27,Costco,Credit Card,UK,0
2025-11-11 22:30:49.690786,USER_9819,31.79,Target,Cash,UK,0
2025-11-11 23:00:57.690786,USER_7208,2.56,Shell,Bank Transfer,FRA,0
2025-11-11 23:17:27.690786,USER_6427,36.63,Amazon,Cash,AUS,0
2025-11-11 23:19:25.690786,USER_3385,21.55,Costco,Credit Card,GER,0
2025-11-11 23:34:27.690786,USER_9365,34.98,WholeFoods,Cash,UK,0
2025-11-11 23:43:06.690786,USER_9856,76.11,CVS,Credit Card,FRA,0
2025-11-11 23:45:59.690786,USER_5359,4.45,Nike,Credit Card,USA,0
2025-11-11 23:54:03.690786,USER_9158,3.19,Amazon,UPI,IND,0
2025-11-11 23:58:40.690786,USER_5979,186.77,WholeFoods,Bank Transfer,IND,0
2025-11-12 00:03:14.690786,USER_9702,28.4,Starbucks,Credit Card,FRA,0
2025-11-12 00:17:19.690786,USER_4236,154.61,Starbucks,Cash,USA,0
2025-11-12 00:32:32.690786,USER_2022,45.64,Shell,Cash,FRA,0
2025-11-12 01:03:50.690786,USER_2567,28.24,Starbucks,PayPal,IND,0
2025-11-12 01:07:07.690786,USER_7255,4.68,McDonalds,Debit Card,USA,0
2025-11-12 01:24:26.690786,USER_8383,16.21,Costco,Debit Card,UK,0
2025-11-12 01:32:53.690786,USER_6047,9.17,Flipkart,Debit Card,USA,0
2025-11-12 01:33:55.690786,USER_3502,21.58,CVS,Cash,GER,0
2025-11-12 02:03:51.690786,USER_3434,61.9,Walgreens,Cash,GER,0
2025-11-12 02:03:59.690786,USER_7554,9.34,HomeDepot,Credit Card,CAN,0
2025-11-12 02:08:17.690786,USER_4394,1.67,Starbucks,Debit Card,IND,0
2025-11-12 02:13:42.690786,USER_4744,30.19,Amazon,UPI,USA,0
2025-11-12 02:17:26.690786,USER_4264,140.42,McDonalds,Credit Card,UK,0
2025-11-12 02:27:14.690786,USER_9629,21.24,HomeDepot,Credit Card,CAN,0
2025-11-12 02:34:11.690786,USER_6309,38.84,BestBuy,Cash,UK,0
2025-11-12 02:34:22.690786,USER_1797,30.74,HomeDepot,Credit Card,GER,0
2025-11-12 02:35:53.690786,USER_1153,1.46,McDonalds,Cash,AUS,0
2025-11-12 02:38:38.690786,USER_7427,11.28,CVS,Credit Card,JPN,0
2025-11-12 02:50:10.690786,USER_7782,18.73,Target,Cash,CAN,0
2025-11-12 02:52:04.690786,USER_4138,96.65,Amazon,Credit Card,CAN,0
2025-11-12 02:54:35.690786,USER_9331,10.27,McDonalds,Debit Card,GER,0
2025-11-12 03:02:04.690786,USER_1105,4.87,Nike,PayPal,FRA,0
2025-11-12 03:07:43.690786,USER_6476,41.73,Nike,Credit Card,FRA,0
2025-11-12 03:12:21.690786,USER_5550,768.89,Starbucks,Bank Transfer,UK,0
2025-11-12 03:15:34.690786,USER_4678,409.53,Walmart,Bank Transfer,UK,0
2025-11-12 03:26:05.690786,USER_8514,49.96,Shell,Cash,IND,0
2025-11-12 03:26:15.690786,USER_6785,1429.81,CVS,Bank Transfer,GER,0
2025-11-12 03:55:52.690786,USER_4028,3.43,Target,Cash,UK,0
2025-11-12 03:58:33.690786,USER_9513,44.9,Walmart,Cash,UK,0
2025-11-12 04:00:40.690786,USER_4369,148.33,Costco,Debit Card,GER,0
2025-11-12 04:00:46.690786,USER_6212,32.14,Nike,Cash,FRA,0
2025-11-12 04:18:51.690786,USER_3547,61.72,BestBuy,Cash,IND,0
2025-11-12 04:22:19.690786,USER_7920,26.0,Target,Cash,CAN,0
2025-11-12 04:22:33.690786,USER_2835,17.27,BP,PayPal,JPN,0
2025-11-12 04:24:18.690786,USER_6022,37.87,Costco,Bank Transfer,CAN,0
2025-11-12 04:24:54.690786,USER_3048,34.1,Walgreens,PayPal,GER,0
2025-11-12 04:40:58.690786,USER_5876,156.81,Walgreens,UPI,JPN,1
2025-11-12 04:41:28.690786,USER_2108,177.55,Flipkart,Cash,CAN,0
2025-11-12 04:46:42.690786,USER_3196,74.42,WholeFoods,Credit Card,CAN,0
2025-11-12 04:50:05.690786,USER_5277,3.99,Nike,UPI,AUS,0
2025-11-12 04:51:02.690786,USER_5959,114.81,Shell,PayPal,AUS,0
2025-11-12 04:52:47.690786,USER_6954,23.24,BestBuy,Cash,USA,0
2025-11-12 04:54:34.690786,USER_5411,24.96,Nike,Debit Card,FRA,0
2025-11-12 04:55:57.690786,USER_7941,61.37,WholeFoods,UPI,IND,0
2025-11-12 05:04:49.690786,USER_9169,65.61,BP,UPI,CAN,0
2025-11-12 05:23:57.690786,USER_6104,16.13,Nike,Credit Card,USA,0
2025-11-12 05:36:16.690786,USER_2382,97.78,BP,Credit Card,AUS,0
2025-11-12 05:47:41.690786,USER_2878,74.79,Costco,Bank Transfer,CAN,0
2025-11-12 05:59:47.690786,USER_7283,208.27,Target,Cash,FRA,0
2025-11-12 06:03:32.690786,USER_5225,289.64,McDonalds,Debit Card,IND,0
2025-11-12 06:12:44.690786,USER_7708,145.96,Nike,Credit Card,JPN,0
2025-11-12 06:12:47.690786,USER_5404,6.12,Nike,PayPal,USA,0
2025-11-12 06:12:56.690786,USER_7518,10.09,Flipkart,Bank Transfer,USA,0
2025-11-12 06:12:58.690786,USER_5072,5.93,Walmart,Cash,CAN,0
2025-11-12 06:18:55.690786,USER_8200,36.7,Starbucks,UPI,FRA,0
2025-11-12 06:22:14.690786,USER_7436,57.46,Starbucks,Credit Card,FRA,0
2025-11-12 06:24:52.690786,USER_7751,280.94,WholeFoods,Debit Card,GER,0
2025-11-12 06:30:12.690786,USER_5792,15.9,Nike,Debit Card,CAN,0
2025-11-12 06:33:47.690786,USER_9510,25.26,Nike,PayPal,UK,0
2025-11-12 06:37:48.690786,USER_5937,2.31,Walmart,Bank Transfer,GER,0
2025-11-12 06:39:13.690786,USER_1674,45.09,Costco,PayPal,USA,0
2025-11-12 07:01:34.690786,USER_7527,40.76,WholeFoods,Debit Card,UK,0
2025-11-12 07:08:33.690786,USER_2260,481.81,BestBuy,Bank Transfer,FRA,0
2025-11-12 07:14:54.690786,USER_9725,12.26,BestBuy,Bank Transfer,CAN,0
2025-11-12 07:17:40.690786,USER_4256,41.57,Nike,Debit Card,CAN,0
2025-11-12 07:21:34.690786,USER_2752,236.73,Nike,UPI,IND,1
2025-11-12 07:22:25.690786,USER_9179,272.21,Walmart,Cash,UK,0
2025-11-12 07:29:10.690786,USER_4578,277.74,Starbucks,PayPal,FRA,0
2025-11-12 07:35:53.690786,USER_9029,23.81,HomeDepot,PayPal,CAN,0
2025-11-12 07:44:51.690786,USER_2035,2.6,BP,PayPal,JPN,0
2025-11-12 07:49:09.690786,USER_2297,12.35,BestBuy,UPI,USA,0
2025-11-12 07:58:47.690786,USER_8093,64.7,HomeDepot,PayPal,JPN,0
2025-11-12 08:10:45.690786,USER_6240,30.05,Target,Bank Transfer,IND,0
2025-11-12 08:10:51.690786,USER_7548,36.11,BestBuy,Debit Card,USA,0
2025-11-12 08:21:50.690786,USER_5807,175.36,BestBuy,Bank Transfer,CAN,0
2025-11-12 08:29:16.690786,USER_5185,4.29,CVS,UPI,AUS,0
2025-11-12 09:10:40.690786,USER_5300,19.53,Amazon,UPI,UK,0
2025-11-12 09:12:15.690786,USER_5237,26.56,Walmart,PayPal,USA,0
2025-11-12 09:16:25.690786,USER_9443,12.89,Walgreens,Credit Card,JPN,0
2025-11-12 09:23:38.690786,USER_8283,23.04,HomeDepot,PayPal,GER,0
2025-11-12 09:45:25.690786,USER_8917,32.51,Target,Debit Card,AUS,0
2025-11-12 09:52:19.690786,USER_6394,25.97,BestBuy,PayPal,IND,0
2025-11-12 09:52:47.690786,USER_3248,15.86,Walmart,Debit Card,UK,0
2025-11-12 10:08:42.690786,USER_5480,10.48,BestBuy,Cash,GER,0
2025-11-12 10:17:04.690786,USER_4278,75.19,Amazon,Bank Transfer,UK,0
2025-11-12 10:18:34.690786,USER_9469,11.45,Flipkart,UPI,FRA,0
2025-11-12 10:33:15.690786,USER_7757,3.05,Target,Cash,GER,0
2025-11-12 10:35:43.690786,USER_9690,34.89,McDonalds,Cash,USA,0
2025-11-12 10:45:55.690786,USER_2806,114.84,Shell,UPI,USA,0
2025-11-12 10:56:49.690786,USER_6220,23.69,BP,PayPal,IND,0
2025-11-12 10:58:37.690786,USER_6228,494.19,Nike,Cash,IND,1
2025-11-12 11:05:08.690786,USER_1214,11.19,WholeFoods,Credit Card,FRA,0
2025-11-12 11:16:06.690786,USER_6956,10.73,Amazon,UPI,FRA,0
2025-11-12 11:34:55.690786,USER_8593,18.0,Target,Cash,CAN,0
2025-11-12 11:44:06.690786,USER_7563,13.71,Target,PayPal,FRA,0
2025-11-12 11:46:13.690786,USER_8594,11.12,Starbucks,Debit Card,UK,0
2025-11-12 11:51:46.690786,USER_4016,96.31,Shell,PayPal,AUS,0
2025-11-12 11:52:33.690786,USER_5888,54.93,Amazon,PayPal,FRA,0
2025-11-12 11:52:44.690786,USER_5991,21.56,Amazon,PayPal,GER,0
2025-11-12 12:04:01.690786,USER_3643,14.67,Walmart,Credit Card,IND,0
2025-11-12 12:10:44.690786,USER_7929,41.38,Shell,UPI,USA,0
2025-11-12 12:37:15.690786,USER_4828,33.97,Walmart,UPI,USA,0
2025-11-12 12:42:24.690786,USER_9837,60.47,Walgreens,Debit Card,UK,0
2025-11-12 12:46:07.690786,USER_3610,11.92,BP,Credit Card,USA,0
2025-11-12 12:51:08.690786,USER_6886,9.86,Costco,UPI,GER,1
2025-11-12 12:51:21.690786,USER_7814,11.79,Walmart,PayPal,UK,0
2025-11-12 12:58:47.690786,USER_9759,6.05,BP,Credit Card,CAN,0
2025-11-12 13:03:08.690786,USER_5046,207.37,Shell,Credit Card,IND,0
2025-11-12 13:34:05.690786,USER_6169,12.61,WholeFoods,PayPal,AUS,0
2025-11-12 13:55:55.690786,USER_8371,26.22,Flipkart,Cash,AUS,0
2025-11-12 13:58:20.690786,USER_8702,136.36,CVS,Cash,UK,0
2025-11-12 14:17:01.690786,USER_7188,41.69,Walgreens,UPI,JPN,1
2025-11-12 14:40:34.690786,USER_3133,57.66,Target,Bank Transfer,AUS,0
2025-11-12 15:08:28.690786,USER_9612,130.08,WholeFoods,UPI,AUS,0
2025-11-12 15:09:52.690786,USER_1134,188.93,Walmart,Bank Transfer,FRA,0
2025-11-12 15:13:59.690786,USER_5578,10.81,Shell,Cash,UK,0
2025-11-12 15:33:31.690786,USER_1550,6.08,Target,UPI,FRA,0
2025-11-12 15:35:18.690786,USER_7025,8.27,Target,Bank Transfer,UK,0
2025-11-12 15:39:47.690786,USER_4436,66.76,McDonalds,Cash,USA,0
2025-11-12 15:42:07.690786,USER_4271,6.06,Target,UPI,GER,0
2025-11-12 15:44:52.690786,USER_5011,23.65,Walgreens,Debit Card,IND,0
2025-11-12 15:48:20.690786,USER_4559,1454.57,WholeFoods,Cash,USA,0
2025-11-12 15:57:04.690786,USER_9106,5.17,Amazon,PayPal,FRA,0
2025-11-12 15:57:23.690786,USER_7974,40.63,BestBuy,Debit Card,USA,0
2025-11-12 16:01:54.690786,USER_2914,4.81,BestBuy,PayPal,IND,1
2025-11-12 16:03:25.690786,USER_6487,176.76,Shell,PayPal,AUS,0
2025-11-12 16:04:09.690786,USER_3945,40.15,Nike,Bank Transfer,AUS,0
2025-11-12 16:13:29.690786,USER_7156,182.6,Flipkart,Credit Card,GER,0
2025-11-12 16:18:15.690786,USER_4082,133.67,Walgreens,Debit Card,AUS,0
2025-11-12 16:24:42.690786,USER_5768,18.24,HomeDepot,PayPal,IND,0
2025-11-12 16:27:33.690786,USER_3028,19.25,HomeDepot,Debit Card,AUS,0
2025-11-12 16:45:53.690786,USER_2728,43.47,WholeFoods,PayPal,CAN,0
2025-11-12 16:49:32.690786,USER_4143,81.91,McDonalds,Credit Card,JPN,0
2025-11-12 16:53:16.690786,USER_5919,187.23,Starbucks,UPI,CAN,1
2025-11-12 17:02:58.690786,USER_3363,1.4,Nike,Credit Card,FRA,0
2025-11-12 17:14:05.690786,USER_4717,17.64,Walmart,PayPal,FRA,0
2025-11-12 17:24:59.690786,USER_3589,187.99,WholeFoods,Debit Card,UK,0
2025-11-12 17:30:54.690786,USER_8553,26.33,Starbucks,Cash,USA,0
2025-11-12 17:35:45.690786,USER_9059,37.2,Amazon,Bank Transfer,FRA,0
2025-11-12 17:43:48.690786,USER_7249,150.07,McDonalds,Debit Card,GER,0
2025-11-12 17:51:36.690786,USER_7931,54.07,Nike,Credit Card,UK,0
2025-11-12 17:56:33.690786,USER_1782,297.54,Flipkart,Credit Card,USA,0
2025-11-12 18:11:50.690786,USER_3787,66.58,HomeDepot,PayPal,CAN,0
2025-11-12 18:18:28.690786,USER_5903,12.29,BestBuy,Bank Transfer,IND,0
2025-11-12 18:18:35.690786,USER_1855,525.51,Flipkart,Credit Card,UK,0
2025-11-12 18:19:24.690786,USER_3072,72.75,Walgreens,Bank Transfer,IND,0
2025-11-12 18:27:36.690786,USER_2816,36.82,Amazon,PayPal,UK,0
2025-11-12 18:32:35.690786,USER_4874,13.82,Starbucks,Credit Card,CAN,0
2025-11-12 18:35:39.690786,USER_1718,31.23,Walgreens,Credit Card,GER,0
2025-11-12 18:39:53.690786,USER_2792,17.15,HomeDepot,Credit Card,JPN,0
2025-11-12 18:43:11.690786,USER_5717,79.7,Target,Debit Card,CAN,0
2025-11-12 18:43:58.690786,USER_1827,25.1,Target,UPI,JPN,0
2025-11-12 18:57:54.690786,USER_5287,123.54,BestBuy,PayPal,JPN,0
2025-11-12 19:03:20.690786,USER_7129,9.48,Target,Debit Card,GER,0
2025-11-12 19:13:30.690786,USER_5093,30.98,BP,Cash,UK,0
2025-11-12 19:20:29.690786,USER_5826,26.25,Flipkart,UPI,JPN,0
2025-11-12 19:26:30.690786,USER_9322,29.79,Walgreens,UPI,JPN,0
2025-11-12 19:32:57.690786,USER_8851,31.13,HomeDepot,UPI,GER,0
2025-11-12 19:56:09.690786,USER_7722,53.38,Shell,PayPal,CAN,0
2025-11-12 19:56:52.690786,USER_3414,29.33,Target,Cash,FRA,0
2025-11-12 20:11:52.690786,USER_8239,32.3,WholeFoods,Bank Transfer,AUS,0
2025-11-12 20:23:49.690786,USER_8178,1.11,Flipkart,Debit Card,UK,0
2025-11-12 20:34:28.690786,USER_5909,13.82,CVS,Credit Card,IND,0
2025-11-12 20:34:36.690786,USER_2802,38.54,BestBuy,Credit Card,UK,0
2025-11-12 20:41:28.690786,USER_8738,17.96,Walgreens,Credit Card,IND,0
2025-11-12 20:41:31.690786,USER_6394,674.43,HomeDepot,UPI,FRA,1
2025-11-12 20:52:48.690786,USER_2534,86.15,Shell,Credit Card,CAN,0
2025-11-12 20:55:53.690786,USER_4747,40.7,Starbucks,Credit Card,USA,0
2025-11-12 21:00:53.690786,USER_8888,50.19,Walmart,UPI,UK,0
2025-11-12 21:00:57.690786,USER_4311,39.67,McDonalds,Cash,IND,0
2025-11-12 21:01:12.690786,USER_8993,6.12,Amazon,Debit Card,USA,0
2025-11-12 21:15:51.690786,USER_2140,3.35,Starbucks,Bank Transfer,CAN,0
2025-11-12 21:28:21.690786,USER_8681,440.88,Nike,PayPal,CAN,0
2025-11-12 21:30:53.690786,USER_4932,113.9,McDonalds,Bank Transfer,UK,0
2025-11-12 21:47:26.690786,USER_8733,89.47,WholeFoods,Credit Card,UK,0
2025-11-12 21:54:33.690786,USER_7259,48.39,Amazon,PayPal,CAN,0
2025-11-12 22:00:44.690786,USER_1815,57.73,Target,Debit Card,AUS,0
2025-11-12 22:06:10.690786,USER_9984,18.86,BestBuy,Credit Card,JPN,0
2025-11-12 22:07:51.690786,USER_5504,16.33,BestBuy,Credit Card,UK,0
2025-11-12 22:28:24.690786,USER_2245,37.21,Shell,Cash,FRA,0
2025-11-12 22:32:55.690786,USER_1535,7.91,Amazon,Debit Card,IND,0
2025-11-12 22:36:16.690786,USER_5177,34.56,Nike,Bank Transfer,GER,0
2025-11-12 22:40:46.690786,USER_4449,12.37,Walmart,UPI,GER,0
2025-11-12 22:49:34.690786,USER_2120,39.62,Amazon,Cash,IND,0
2025-11-12 22:57:18.690786,USER_1845,139.84,BestBuy,Credit Card,JPN,0
2025-11-12 23:01:21.690786,USER_1914,68.37,BP,Cash,IND,0
2025-11-12 23:10:26.690786,USER_3937,138.79,McDonalds,Bank Transfer,GER,0
2025-11-12 23:13:11.690786,USER_6757,118.72,HomeDepot,Debit Card,USA,0
2025-11-12 23:23:03.690786,USER_9515,42.04,Walmart,PayPal,UK,0
2025-11-12 23:52:19.690786,USER_9669,26.91,BP,Bank Transfer,JPN,0
2025-11-13 00:09:43.690786,USER_3155,6.6,Nike,PayPal,USA,0
2025-11-13 00:12:43.690786,USER_2138,13.68,BestBuy,Debit Card,IND,0
2025-11-13 00:31:40.690786,USER_7304,43.84,Target,Bank Transfer,IND,0
2025-11-13 00:42:59.690786,USER_5510,48.11,Target,Credit Card,UK,0
2025-11-13 00:50:06.690786,USER_6126,6.33,Flipkart,Bank Transfer,USA,0
2025-11-13 01:03:50.690786,USER_6523,41.56,Shell,PayPal,JPN,0
2025-11-13 01:22:50.690786,USER_9576,97.47,Flipkart,Debit Card,USA,0
2025-11-13 01:30:49.690786,USER_7943,5.82,BP,Bank Transfer,FRA,0
2025-11-13 01:35:01.690786,USER_3419,253.6,BestBuy,Cash,UK,0
2025-11-13 01:50:44.690786,USER_5382,272.03,Shell,Debit Card,CAN,0
2025-11-13 01:56:44.690786,USER_4687,3.19,CVS,UPI,UK,0
2025-11-13 02:05:13.690786,USER_2083,28.19,Nike,Debit Card,IND,0
2025-11-13 02:14:51.690786,USER_9145,26.45,Shell,Credit Card,JPN,0
2025-11-13 02:30:09.690786,USER_3625,76.33,Target,Cash,GER,0
2025-11-13 02:31:56.690786,USER_3881,9.19,Shell,Credit Card,FRA,0
2025-11-13 02:58:27.690786,USER_4259,72.36,Shell,Bank Transfer,UK,0
2025-11-13 03:10:49.690786,USER_3942,3.12,Nike,UPI,JPN,1
2025-11-13 03:29:22.690786,USER_4830,87.62,CVS,Cash,USA,0
2025-11-13 03:32:54.690786,USER_3526,2.57,BP,PayPal,JPN,0
2025-11-13 03:41:20.690786,USER_5243,16.08,Flipkart,Bank Transfer,UK,0
2025-11-13 03:49:15.690786,USER_5819,14.05,HomeDepot,Cash,JPN,0
2025-11-13 03:51:12.690786,USER_5496,70.97,Amazon,Cash,USA,0
2025-11-13 03:59:56.690786,USER_8404,9.51,CVS,Cash,CAN,0
2025-11-13 04:02:34.690786,USER_3478,15.52,Walmart,Bank Transfer,AUS,0
2025-11-13 04:06:58.690786,USER_6129,26.19,HomeDepot,Debit Card,IND,0
2025-11-13 04:08:18.690786,USER_8942,30.12,HomeDepot,Cash,GER,0
2025-11-13 04:14:56.690786,USER_6633,10.32,HomeDepot,Cash,AUS,0
2025-11-13 04:23:23.690786,USER_1121,55.36,WholeFoods,Bank Transfer,USA,0
2025-11-13 04:24:10.690786,USER_3029,62.63,McDonalds,UPI,AUS,0
2025-11-13 04:24:44.690786,USER_2791,71.21,HomeDepot,UPI,IND,0
2025-11-13 04:45:12.690786,USER_9755,197.91,Nike,Credit Card,FRA,0
2025-11-13 04:52:40.690786,USER_9977,50.3,Starbucks,PayPal,USA,0
2025-11-13 04:54:23.690786,USER_1517,69.44,McDonalds,Credit Card,IND,0
2025-11-13 04:55:15.690786,USER_8911,10.19,WholeFoods,Bank Transfer,UK,0
2025-11-13 04:55:16.690786,USER_8086,9.79,McDonalds,Cash,JPN,0
2025-11-13 04:55:34.690786,USER_6127,4.76,Target,Debit Card,FRA,0
2025-11-13 04:56:46.690786,USER_1687,83.95,Target,PayPal,CAN,0
2025-11-13 05:03:42.690786,USER_4282,56.47,BP,PayPal,AUS,0
2025-11-13 05:06:40.690786,USER_5472,26.58,Amazon,UPI,USA,0
2025-11-13 05:17:41.690786,USER_9600,59.96,CVS,Credit Card,IND,0
2025-11-13 05:43:11.690786,USER_6172,7.62,Amazon,UPI,CAN,0
2025-11-13 05:48:35.690786,USER_2273,14.96,HomeDepot,Bank Transfer,FRA,0
2025-11-13 05:49:15.690786,USER_4236,2.43,Walmart,PayPal,GER,0
2025-11-13 06:17:03.690786,USER_4734,258.38,McDonalds,Cash,GER,0
2025-11-13 06:19:01.690786,USER_6249,65.95,WholeFoods,Credit Card,UK,0
2025-11-13 06:19:41.690786,USER_9433,87.62,Flipkart,PayPal,GER,0
2025-11-13 06:29:38.690786,USER_7837,7.16,Shell,Debit Card,USA,0
2025-11-13 06:32:08.690786,USER_2311,139.2,Walmart,UPI,AUS,0
2025-11-13 06:34:28.690786,USER_8203,230.59,BP,Debit Card,IND,0
2025-11-13 06:35:50.690786,USER_8883,10.15,Nike,PayPal,FRA,0
2025-11-13 07:21:30.690786,USER_2682,10.46,WholeFoods,Credit Card,JPN,0
2025-11-13 07:21:54.690786,USER_4541,9.35,BP,UPI,UK,0
2025-11-13 07:28:06.690786,USER_8764,1.59,CVS,PayPal,USA,0
2025-11-13 07:32:25.690786,USER_2629,25.56,Walgreens,Debit Card,UK,0
2025-11-13 07:38:22.690786,USER_4433,51.46,Walmart,Credit Card,GER,0
2025-11-13 07:48:58.690786,USER_5989,173.92,BP,Debit Card,USA,1
2025-11-13 07:51:31.690786,USER_3540,14.86,McDonalds,Cash,CAN,0
2025-11-13 08:21:57.690786,USER_1512,16.57,HomeDepot,UPI,USA,0
2025-11-13 08:23:19.690786,USER_6898,505.14,BP,Credit Card,UK,0
2025-11-13 08:23:26.690786,USER_1546,9.21,Starbucks,PayPal,CAN,0
2025-11-13 08:28:07.690786,USER_8353,74.28,Starbucks,UPI,USA,0
2025-11-13 08:30:45.690786,USER_9980,17.25,Walgreens,PayPal,UK,0
2025-11-13 08:36:31.690786,USER_1473,298.59,Nike,Debit Card,CAN,0
2025-11-13 08:52:40.690786,USER_5478,75.07,Costco,Bank Transfer,UK,0
2025-11-13 08:53:24.690786,USER_5087,56.65,McDonalds,Cash,USA,0
2025-11-13 08:59:45.690786,USER_9821,22.68,Target,PayPal,CAN,0
2025-11-13 09:02:14.690786,USER_7921,140.87,CVS,Bank Transfer,AUS,0
2025-11-13 09:04:27.690786,USER_7472,248.24,Amazon,Credit Card,IND,0
2025-11-13 09:26:04.690786,USER_1979,17.87,Target,Cash,JPN,1
2025-11-13 09:30:20.690786,USER_8462,2.93,Costco,Bank Transfer,FRA,0
2025-11-13 09:30:31.690786,USER_4103,535.95,Walgreens,Cash,GER,0
2025-11-13 09:38:52.690786,USER_4361,103.24,Amazon,Credit Card,GER,0
2025-11-13 09:56:21.690786,USER_9582,149.44,WholeFoods,Cash,JPN,0
2025-11-13 10:19:11.690786,USER_5961,26.35,CVS,Credit Card,UK,0
2025-11-13 10:19:29.690786,USER_9294,14.7,Nike,Credit Card,AUS,0
2025-11-13 10:24:37.690786,USER_3014,54.79,Starbucks,Debit Card,USA,0
2025-11-13 10:28:03.690786,USER_9700,16.51,Target,Cash,JPN,0
2025-11-13 10:39:13.690786,USER_4175,21.65,Walgreens,Credit Card,USA,0
2025-11-13 10:40:23.690786,USER_1008,6.37,Target,UPI,UK,0
2025-11-13 10:42:54.690786,USER_2431,18.36,WholeFoods,PayPal,UK,0
2025-11-13 10:59:04.690786,USER_4878,63.42,WholeFoods,Bank Transfer,AUS,0
2025-11-13 11:00:08.690786,USER_1162,28.01,BestBuy,Debit Card,CAN,0
2025-11-13 11:03:52.690786,USER_7574,67.0,Costco,Credit Card,USA,0
2025-11-13 11:08:39.690786,USER_4262,16.67,Shell,PayPal,UK,0
2025-11-13 11:26:32.690786,USER_9105,10.5,Amazon,Bank Transfer,IND,0
2025-11-13 11:37:56.690786,USER_9419,67.37,Walmart,Credit Card,IND,0
2025-11-13 11:43:31.690786,USER_4079,17.47,Shell,Credit Card,JPN,0
2025-11-13 11:48:55.690786,USER_3761,7.27,Walgreens,Cash,AUS,0
2025-11-13 11:52:38.690786,USER_2352,16.64,Target,Debit Card,GER,0
2025-11-13 12:07:44.690786,USER_8812,104.52,Amazon,PayPal,UK,0
2025-11-13 12:09:01.690786,USER_6073,87.83,Walmart,Debit Card,GER,0
2025-11-13 12:24:40.690786,USER_5166,44.99,BestBuy,Debit Card,USA,0
2025-11-13 12:27:17.690786,USER_5655,57.66,Nike,Credit Card,CAN,0
2025-11-13 12:47:24.690786,USER_4018,195.01,BestBuy,Bank Transfer,AUS,0
2025-11-13 12:54:47.690786,USER_3174,54.94,Nike,Cash,GER,0
2025-11-13 13:19:13.690786,USER_8460,24.62,Walmart,Cash,IND,0
2025-11-13 13:23:31.690786,USER_7014,15.24,Amazon,Bank Transfer,CAN,0
2025-11-13 13:46:28.690786,USER_6051,13.66,CVS,Bank Transfer,GER,0
2025-11-13 13:47:36.690786,USER_8065,32.04,Amazon,Cash,IND,0
2025-11-13 14:00:49.690786,USER_4673,10.76,Walgreens,Bank Transfer,JPN,0
2025-11-13 14:05:48.690786,USER_4982,36.19,Shell,Bank Transfer,USA,0
2025-11-13 14:06:13.690786,USER_4338,25.09,McDonalds,PayPal,AUS,0
2025-11-13 14:09:46.690786,USER_3641,27.62,CVS,Credit Card,USA,0
2025-11-13 14:18:27.690786,USER_3742,7.02,Amazon,Cash,JPN,0
2025-11-13 15:13:19.690786,USER_6901,13.86,WholeFoods,Cash,USA,0
2025-11-13 15:36:44.690786,USER_7597,46.95,Target,Credit Card,AUS,0
2025-11-13 15:37:38.690786,USER_8936,36.25,BestBuy,Bank Transfer,CAN,0
2025-11-13 15:41:17.690786,USER_7799,65.82,Walgreens,UPI,JPN,0
2025-11-13 16:01:27.690786,USER_3525,12.13,WholeFoods,Cash,IND,0
2025-11-13 16:07:02.690786,USER_4425,88.11,BestBuy,Bank Transfer,AUS,0
2025-11-13 16:16:36.690786,USER_5563,68.58,Shell,UPI,IND,0
2025-11-13 16:20:01.690786,USER_7885,12.09,Walmart,UPI,CAN,0
2025-11-13 16:29:34.690786,USER_6885,9.8,BP,PayPal,FRA,0
2025-11-13 16:31:43.690786,USER_3445,19.0,Amazon,Bank Transfer,UK,0
2025-11-13 16:36:05.690786,USER_5750,40.92,HomeDepot,Debit Card,FRA,0
2025-11-13 16:40:45.690786,USER_1478,17.05,HomeDepot,Cash,AUS,0
2025-11-13 16:55:57.690786,USER_8606,42.03,Starbucks,Cash,JPN,0
2025-11-13 17:04:37.690786,USER_1589,9.63,CVS,Bank Transfer,UK,0
2025-11-13 17:05:17.690786,USER_5904,200.52,McDonalds,Cash,UK,0
2025-11-13 17:18:21.690786,USER_6651,33.12,BestBuy,UPI,IND,0
2025-11-13 17:30:53.690786,USER_3738,212.47,Costco,UPI,JPN,1
2025-11-13 17:31:33.690786,USER_4755,53.78,Target,Bank Transfer,IND,0
2025-11-13 17:34:28.690786,USER_7399,53.09,BestBuy,UPI,USA,0
2025-11-13 17:41:18.690786,USER_2467,68.89,Shell,UPI,IND,0
2025-11-13 17:43:23.690786,USER_6832,126.11,BP,Cash,JPN,0
2025-11-13 18:03:14.690786,USER_5775,25.61,Shell,Cash,USA,0
2025-11-13 18:03:26.690786,USER_6465,97.99,WholeFoods,UPI,USA,0
2025-11-13 18:06:26.690786,USER_7690,10.91,McDonalds,Bank Transfer,CAN,0
2025-11-13 18:09:45.690786,USER_7145,20.12,Nike,Debit Card,IND,0
2025-11-13 18:16:05.690786,USER_3041,61.08,Target,Bank Transfer,UK,0
2025-11-13 18:16:37.690786,USER_1468,73.3,BestBuy,PayPal,AUS,0
2025-11-13 18:38:15.690786,USER_3587,188.06,Starbucks,Cash,GER,0
2025-11-13 18:43:21.690786,USER_4384,67.61,BP,Credit Card,CAN,0
2025-11-13 18:45:10.690786,USER_5348,12.65,Walmart,Credit Card,CAN,0
2025-11-13 18:53:42.690786,USER_6215,39.22,Nike,Cash,IND,0
2025-11-13 19:22:33.690786,USER_8404,66.84,Starbucks,UPI,CAN,0
2025-11-13 19:37:09.690786,USER_9202,6.48,Amazon,Bank Transfer,JPN,0
2025-11-13 19:39:36.690786,USER_5819,23.38,Flipkart,Credit Card,FRA,0
2025-11-13 19:39:59.690786,USER_6020,106.0,WholeFoods,PayPal,USA,0
2025-11-13 19:54:00.690786,USER_9721,47.45,Nike,Debit Card,AUS,0
2025-11-13 19:56:37.690786,USER_4399,22.84,Starbucks,Bank Transfer,UK,0
2025-11-13 20:15:17.690786,USER_2561,2.66,WholeFoods,PayPal,FRA,0
2025-11-13 20:25:11.690786,USER_6106,15.5,HomeDepot,Debit Card,IND,0
2025-11-13 20:32:19.690786,USER_1116,31.26,BestBuy,Cash,AUS,0
2025-11-13 20:50:47.690786,USER_2162,17.04,Walgreens,Debit Card,UK,0
2025-11-13 20:54:34.690786,USER_6712,34.33,Target,Debit Card,CAN,0
2025-11-13 20:56:31.690786,USER_8471,20.78,HomeDepot,Debit Card,AUS,0
2025-11-13 21:06:36.690786,USER_8887,50.49,WholeFoods,Cash,CAN,0
2025-11-13 21:22:04.690786,USER_1479,411.44,Walmart,Cash,GER,0
2025-11-13 21:25:33.690786,USER_3128,52.77,Amazon,Credit Card,IND,0
2025-11-13 21:29:34.690786,USER_3906,2.86,Amazon,Debit Card,JPN,1
2025-11-13 21:34:15.690786,USER_8139,12.31,Amazon,Cash,USA,0
2025-11-13 21:36:26.690786,USER_9096,5.06,Walgreens,Cash,USA,0
2025-11-13 21:42:31.690786,USER_5684,72.13,Walmart,Cash,IND,0
2025-11-13 21:57:42.690786,USER_9740,170.2,Walmart,PayPal,JPN,1
2025-11-13 21:59:20.690786,USER_2945,71.26,BestBuy,Cash,JPN,0
2025-11-13 22:13:53.690786,USER_7382,35.25,Amazon,PayPal,UK,0
2025-11-13 22:14:11.690786,USER_1139,10.36,HomeDepot,Debit Card,UK,0
2025-11-13 22:14:43.690786,USER_4309,25.13,Walgreens,Credit Card,UK,0
2025-11-13 22:21:22.690786,USER_9416,6.21,Target,Debit Card,IND,0
2025-11-13 22:28:52.690786,USER_6503,58.05,Starbucks,UPI,CAN,0
2025-11-13 22:38:30.690786,USER_8055,17.0,WholeFoods,PayPal,FRA,0
2025-11-13 22:39:13.690786,USER_9399,122.61,Shell,Cash,FRA,0
2025-11-13 23:05:24.690786,USER_1781,7.43,BestBuy,PayPal,GER,0
2025-11-13 23:10:45.690786,USER_1150,64.33,CVS,Debit Card,JPN,0
2025-11-13 23:14:35.690786,USER_3676,11.47,CVS,Bank Transfer,IND,0
2025-11-13 23:20:32.690786,USER_3489,17.68,BP,UPI,IND,0
2025-11-13 23:25:04.690786,USER_8671,57.35,CVS,UPI,JPN,0
2025-11-13 23:30:42.690786,USER_6314,5.28,Amazon,UPI,UK,0
2025-11-13 23:40:31.690786,USER_6833,1.92,Costco,Credit Card,AUS,0
2025-11-13 23:43:27.690786,USER_4869,246.43,WholeFoods,Credit Card,IND,0
2025-11-13 23:44:44.690786,USER_4193,54.79,BestBuy,Cash,FRA,0
2025-11-13 23:50:14.690786,USER_3369,12.51,Target,UPI,AUS,0
2025-11-13 23:57:05.690786,USER_4061,180.73,HomeDepot,Cash,AUS,1
2025-11-14 00:12:18.690786,USER_6893,37.83,Flipkart,Cash,USA,0
2025-11-14 00:15:50.690786,USER_8486,39.99,Starbucks,UPI,CAN,0
2025-11-14 00:33:51.690786,USER_5057,14.7,Costco,PayPal,JPN,0
2025-11-14 00:34:45.690786,USER_3572,77.42,WholeFoods,UPI,JPN,0
2025-11-14 00:35:43.690786,USER_8500,37.24,Target,Credit Card,JPN,0
2025-11-14 00:42:10.690786,USER_7136,33.28,Costco,UPI,AUS,0
2025-11-14 00:44:30.690786,USER_6760,66.91,Walmart,Debit Card,AUS,0
2025-11-14 00:48:55.690786,USER_4646,17.07,CVS,Credit Card,AUS,0
2025-11-14 01:06:10.690786,USER_5244,34.49,McDonalds,UPI,CAN,0
2025-11-14 01:15:24.690786,USER_1357,45.79,Walgreens,Bank Transfer,GER,0
2025-11-14 01:16:15.690786,USER_6185,16.64,McDonalds,PayPal,GER,0
2025-11-14 01:38:04.690786,USER_5693,63.5,CVS,Cash,GER,0
2025-11-14 01:45:18.690786,USER_7898,58.58,Shell,Bank Transfer,UK,0
2025-11-14 01:56:05.690786,USER_1636,42.58,BP,UPI,UK,0
2025-11-14 01:58:55.690786,USER_4050,15.11,Flipkart,Debit Card,USA,0
2025-11-14 02:42:53.690786,USER_5543,66.59,Amazon,UPI,CAN,0
2025-11-14 02:52:51.690786,USER_8075,146.57,WholeFoods,Debit Card,IND,0
2025-11-14 03:00:10.690786,USER_7788,25.76,Starbucks,Bank Transfer,IND,0
2025-11-14 03:01:50.690786,USER_2885,124.85,WholeFoods,Bank Transfer,USA,0
2025-11-14 03:10:03.690786,USER_3514,26.13,Nike,UPI,IND,0
2025-11-14 03:15:57.690786,USER_7014,72.62,HomeDepot,PayPal,USA,0
2025-11-14 03:16:09.690786,USER_7228,3.93,Target,UPI,GER,0
2025-11-14 03:30:17.690786,USER_9221,1.38,Shell,Cash,USA,0
2025-11-14 03:37:39.690786,USER_7470,193.87,Walmart,PayPal,UK,1
2025-11-14 03:39:19.690786,USER_6323,31.1,Costco,Bank Transfer,JPN,0
2025-11-14 03:47:45.690786,USER_2388,17.54,WholeFoods,Debit Card,CAN,0
2025-11-14 03:56:37.690786,USER_1735,17.69,Amazon,PayPal,GER,0
2025-11-14 03:59:45.690786,USER_8240,7.01,Target,Bank Transfer,CAN,0
2025-11-14 04:42:44.690786,USER_8944,21.37,Nike,Debit Card,USA,0
2025-11-14 05:19:54.690786,USER_6364,68.78,CVS,Bank Transfer,UK,0
2025-11-14 05:20:51.690786,USER_3064,14.39,Flipkart,Debit Card,GER,0
2025-11-14 05:24:00.690786,USER_1287,9.95,BP,UPI,IND,0
2025-11-14 05:27:21.690786,USER_9085,8.6,Target,UPI,CAN,0
2025-11-14 05:29:43.690786,USER_3425,13.14,Walgreens,PayPal,UK,0
2025-11-14 05:30:03.690786,USER_9051,630.4,BestBuy,Credit Card,CAN,0
2025-11-14 05:30:40.690786,USER_7020,13.99,BestBuy,Debit Card,CAN,0
2025-11-14 05:37:57.690786,USER_6385,44.36,Walgreens,PayPal,UK,0
2025-11-14 05:38:21.690786,USER_3668,110.93,Costco,UPI,USA,0
2025-11-14 05:39:21.690786,USER_5907,89.23,CVS,PayPal,FRA,0
2025-11-14 05:45:23.690786,USER_4444,1622.48,Flipkart,Bank Transfer,IND,0
2025-11-14 05:46:18.690786,USER_8835,207.19,Nike,Bank Transfer,USA,0
2025-11-14 05:48:50.690786,USER_9061,61.33,Nike,Debit Card,CAN,0
2025-11-14 06:10:43.690786,USER_2258,838.52,BP,Bank Transfer,USA,0
2025-11-14 06:19:33.690786,USER_6688,70.5,Shell,Debit Card,JPN,0
2025-11-14 06:55:37.690786,USER_3213,18.33,HomeDepot,UPI,USA,0
2025-11-14 06:56:02.690786,USER_5896,55.92,Target,Bank Transfer,AUS,0
2025-11-14 06:56:14.690786,USER_7232,12.71,HomeDepot,UPI,UK,0
2025-11-14 06:56:29.690786,USER_6902,14.82,Costco,PayPal,CAN,0
2025-11-14 07:24:47.690786,USER_7046,20.87,Flipkart,Debit Card,IND,0
2025-11-14 07:35:42.690786,USER_7056,370.45,McDonalds,Bank Transfer,AUS,0
2025-11-14 07:50:05.690786,USER_9064,33.4,Walgreens,Bank Transfer,USA,0
2025-11-14 07:55:16.690786,USER_9041,178.28,BestBuy,Debit Card,USA,0
2025-11-14 08:01:47.690786,USER_7773,16.48,Walmart,Cash,GER,0
2025-11-14 08:11:56.690786,USER_1483,17.8,WholeFoods,UPI,GER,0
2025-11-14 08:13:54.690786,USER_9952,80.8,CVS,PayPal,GER,0
2025-11-14 08:18:42.690786,USER_5780,15.06,Walmart,UPI,UK,0
2025-11-14 08:28:55.690786,USER_1289,104.52,Walmart,PayPal,IND,0
2025-11-14 08:31:39.690786,USER_7081,130.5,BestBuy,Bank Transfer,AUS,0
2025-11-14 08:32:50.690786,USER_6469,46.83,Starbucks,Cash,FRA,0
2025-11-14 08:40:21.690786,USER_7464,11.91,Costco,Credit Card,IND,0
2025-11-14 08:43:00.690786,USER_3539,30.98,McDonalds,Credit Card,AUS,0
2025-11-14 08:48:50.690786,USER_9563,25.15,Nike,Credit Card,AUS,0
2025-11-14 08:54:43.690786,USER_1706,10.78,WholeFoods,Credit Card,UK,0
2025-11-14 08:58:20.690786,USER_6681,70.73,Costco,PayPal,CAN,0
2025-11-14 09:03:01.690786,USER_1826,7.22,WholeFoods,Debit Card,GER,0
2025-11-14 09:04:36.690786,USER_8987,10.78,WholeFoods,Debit Card,JPN,0
2025-11-14 09:06:39.690786,USER_5778,56.05,McDonalds,PayPal,GER,0
2025-11-14 09:07:42.690786,USER_6907,18.94,BP,Debit Card,IND,0
2025-11-14 09:10:56.690786,USER_4428,101.36,Amazon,Credit Card,JPN,0
2025-11-14 09:21:06.690786,USER_6477,13.35,CVS,Debit Card,FRA,0
2025-11-14 09:23:10.690786,USER_8842,34.9,Amazon,Cash,USA,0
2025-11-14 09:30:12.690786,USER_9791,313.55,Walmart,Credit Card,IND,1
2025-11-14 09:40:22.690786,USER_1870,108.9,McDonalds,PayPal,GER,0
2025-11-14 09:49:14.690786,USER_8278,15.03,Nike,Debit Card,UK,0
2025-11-14 10:07:50.690786,USER_4305,270.29,Target,Bank Transfer,CAN,1
2025-11-14 10:14:54.690786,USER_8898,47.1,Flipkart,UPI,UK,1
2025-11-14 10:17:07.690786,USER_8786,44.14,Flipkart,PayPal,IND,0
2025-11-14 10:18:15.690786,USER_7592,8.87,CVS,PayPal,AUS,0
2025-11-14 10:25:26.690786,USER_7481,303.7,Shell,Debit Card,IND,0
2025-11-14 10:25:56.690786,USER_8046,27.63,Target,Cash,AUS,0
2025-11-14 10:43:18.690786,USER_9230,127.34,CVS,UPI,FRA,0
2025-11-14 11:28:54.690786,USER_9987,43.76,CVS,PayPal,UK,0
2025-11-14 11:55:30.690786,USER_3525,23.76,Amazon,Credit Card,IND,0
2025-11-14 11:57:46.690786,USER_7132,18.71,Walgreens,PayPal,USA,0
2025-11-14 11:59:10.690786,USER_1601,82.48,Walgreens,Credit Card,USA,0
2025-11-14 12:29:40.690786,USER_2767,9.76,Walmart,Credit Card,AUS,0
2025-11-14 12:39:16.690786,USER_3042,343.1,Starbucks,UPI,IND,0
2025-11-14 12:43:14.690786,USER_2511,17.65,BP,UPI,AUS,0
2025-11-14 12:45:01.690786,USER_8567,31.9,Nike,Credit Card,GER,0
2025-11-14 12:57:45.690786,USER_2333,16.39,BP,PayPal,GER,0
2025-11-14 12:59:50.690786,USER_9664,1387.82,CVS,PayPal,CAN,0
2025-11-14 13:11:21.690786,USER_4044,6.42,BP,UPI,JPN,0
2025-11-14 13:11:27.690786,USER_8879,21.95,Flipkart,Bank Transfer,GER,0
2025-11-14 13:20:51.690786,USER_1749,121.03,Nike,Credit Card,USA,0
2025-11-14 13:41:19.690786,USER_8110,43.79,Starbucks,Credit Card,CAN,0
2025-11-14 13:52:31.690786,USER_2342,4.54,Nike,PayPal,CAN,0
2025-11-14 14:02:31.690786,USER_5717,13.76,Starbucks,Bank Transfer,AUS,0
2025-11-14 14:38:55.690786,USER_6564,12.82,HomeDepot,Bank Transfer,IND,0
2025-11-14 15:03:48.690786,USER_5685,48.28,CVS,Cash,IND,0
2025-11-14 15:03:55.690786,USER_1942,9.39,Shell,Cash,USA,0
2025-11-14 15:29:40.690786,USER_8794,2.71,Shell,UPI,JPN,0
2025-11-14 15:30:23.690786,USER_2995,12.41,Target,PayPal,CAN,0
2025-11-14 15:34:11.690786,USER_1656,97.15,Nike,PayPal,FRA,0
2025-11-14 15:34:51.690786,USER_3523,49.01,BP,Cash,USA,0
2025-11-14 15:39:09.690786,USER_9267,42.12,WholeFoods,PayPal,IND,0
2025-11-14 15:45:57.690786,USER_4940,40.54,HomeDepot,Debit Card,IND,0
2025-11-14 15:51:29.690786,USER_9759,9.79,Walmart,Credit Card,UK,0
2025-11-14 15:57:14.690786,USER_3226,55.93,WholeFoods,Debit Card,UK,0
2025-11-14 16:06:57.690786,USER_8952,28.49,Flipkart,Credit Card,AUS,0
2025-11-14 16:27:10.690786,USER_6384,3.93,Amazon,UPI,CAN,0
2025-11-14 16:30:03.690786,USER_5945,49.42,McDonalds,PayPal,JPN,0
2025-11-14 16:33:33.690786,USER_9816,113.1,Nike,Credit Card,UK,0
2025-11-14 16:39:27.690786,USER_8546,4.89,Walmart,UPI,USA,0
2025-11-14 16:45:35.690786,USER_1852,12.33,McDonalds,PayPal,GER,0
2025-11-14 17:02:17.690786,USER_1807,125.27,Shell,Cash,USA,0
2025-11-14 17:03:09.690786,USER_6703,40.68,BP,Cash,UK,0
2025-11-14 17:36:31.690786,USER_4292,20.45,Walgreens,PayPal,USA,0
2025-11-14 17:37:03.690786,USER_2931,47.89,Walmart,Cash,JPN,0
2025-11-14 17:50:22.690786,USER_6143,10.9,Flipkart,UPI,GER,0
2025-11-14 18:08:41.690786,USER_3250,40.53,BestBuy,PayPal,FRA,0
2025-11-14 18:20:19.690786,USER_3988,194.5,Flipkart,Credit Card,AUS,0
2025-11-14 18:30:04.690786,USER_8604,24.39,Flipkart,Debit Card,CAN,0
2025-11-14 18:30:45.690786,USER_2043,66.63,Walgreens,Debit Card,FRA,0
2025-11-14 18:32:37.690786,USER_2194,47.57,WholeFoods,UPI,AUS,0
2025-11-14 18:38:50.690786,USER_7977,110.02,Shell,Bank Transfer,JPN,0
2025-11-14 18:41:55.690786,USER_1674,67.51,Starbucks,Debit Card,AUS,0
2025-11-14 18:44:00.690786,USER_8388,52.68,Walmart,Bank Transfer,JPN,0
2025-11-14 19:02:03.690786,USER_1510,34.25,Target,Cash,USA,0
2025-11-14 19:07:56.690786,USER_7551,4.37,WholeFoods,Bank Transfer,AUS,0
2025-11-14 19:16:33.690786,USER_4007,5.2,Flipkart,UPI,AUS,0
2025-11-14 19:23:52.690786,USER_3934,23.27,BP,UPI,GER,0
2025-11-14 19:34:37.690786,USER_8076,726.35,Target,Debit Card,UK,0
2025-11-14 19:53:21.690786,USER_6333,102.65,Walmart,Cash,USA,0
2025-11-14 19:56:43.690786,USER_9190,6.92,Walmart,Cash,AUS,0
2025-11-14 20:00:19.690786,USER_9078,127.81,Costco,Credit Card,IND,1
2025-11-14 20:04:19.690786,USER_3384,118.93,BP,Cash,FRA,0
2025-11-14 20:10:32.690786,USER_8270,592.35,Target,UPI,AUS,0
2025-11-14 20:18:52.690786,USER_2780,31.7,CVS,Debit Card,JPN,0
2025-11-14 20:21:40.690786,USER_1641,83.61,Walgreens,Debit Card,JPN,1
2025-11-14 20:23:38.690786,USER_8081,33.64,HomeDepot,Bank Transfer,FRA,0
2025-11-14 20:25:59.690786,USER_9666,34.17,BP,Credit Card,IND,0
2025-11-14 20:28:16.690786,USER_8764,27.84,Walmart,UPI,JPN,0
2025-11-14 20:28:22.690786,USER_8439,9.04,Nike,UPI,UK,0
2025-11-14 20:46:54.690786,USER_2279,46.55,Starbucks,Bank Transfer,USA,0
2025-11-14 20:56:34.690786,USER_9192,124.79,McDonalds,UPI,GER,0
2025-11-14 20:57:20.690786,USER_5509,64.55,WholeFoods,PayPal,UK,0
2025-11-14 21:09:19.690786,USER_5747,35.55,BP,Debit Card,UK,0
2025-11-14 21:14:13.690786,USER_3807,4.64,BP,Bank Transfer,CAN,0
2025-11-14 21:32:04.690786,USER_7641,37.02,Starbucks,Credit Card,GER,0
2025-11-14 21:33:29.690786,USER_2018,13.7,Flipkart,Credit Card,FRA,0
2025-11-14 22:22:43.690786,USER_2462,32.88,Starbucks,Cash,FRA,0
2025-11-14 22:25:58.690786,USER_7407,15.96,Flipkart,Credit Card,FRA,0
2025-11-14 22:47:44.690786,USER_7139,240.89,Shell,PayPal,CAN,1
2025-11-14 23:00:07.690786,USER_9270,49.68,BestBuy,UPI,JPN,1
2025-11-14 23:02:51.690786,USER_4323,7.38,Walmart,Debit Card,UK,0
2025-11-14 23:03:27.690786,USER_6929,10.28,McDonalds,Credit Card,UK,0
2025-11-14 23:09:11.690786,USER_4077,19.25,Flipkart,Bank Transfer,CAN,0
2025-11-14 23:09:45.690786,USER_1193,84.62,Target,Debit Card,IND,0
2025-11-14 23:11:23.690786,USER_2333,28.5,Target,Debit Card,USA,0
2025-11-14 23:11:28.690786,USER_9574,258.28,HomeDepot,Credit Card,CAN,0
2025-11-14 23:11:57.690786,USER_3845,11.99,Starbucks,Cash,GER,0
2025-11-14 23:15:20.690786,USER_7738,44.32,Walmart,Debit Card,FRA,0
2025-11-14 23:20:59.690786,USER_8896,209.69,HomeDepot,Debit Card,AUS,0
2025-11-14 23:46:12.690786,USER_8577,109.46,WholeFoods,Bank Transfer,IND,0
2025-11-14 23:55:56.690786,USER_1429,9.92,CVS,Credit Card,USA,0
2025-11-15 00:08:08.690786,USER_8833,80.18,McDonalds,Cash,JPN,0
2025-11-15 00:27:05.690786,USER_3277,4.81,Walgreens,PayPal,USA,0
2025-11-15 00:27:29.690786,USER_2167,29.43,Target,UPI,FRA,0
2025-11-15 00:40:02.690786,USER_4714,7.83,BP,Credit Card,JPN,0
2025-11-15 00:44:03.690786,USER_8352,77.85,Amazon,UPI,UK,0
2025-11-15 00:44:55.690786,USER_5713,42.66,Walmart,Bank Transfer,GER,0
2025-11-15 01:03:21.690786,USER_1235,10.53,Nike,Cash,AUS,0
2025-11-15 01:21:17.690786,USER_8753,16.18,Amazon,Credit Card,JPN,0
2025-11-15 01:28:27.690786,USER_2723,57.65,Flipkart,Debit Card,CAN,0
2025-11-15 01:34:39.690786,USER_7254,19.29,Nike,Credit Card,GER,0
2025-11-15 01:50:47.690786,USER_2092,45.81,HomeDepot,PayPal,AUS,0
2025-11-15 01:53:12.690786,USER_3378,129.38,BestBuy,UPI,IND,0
2025-11-15 01:54:14.690786,USER_8148,182.98,Starbucks,Debit Card,FRA,0
2025-11-15 01:56:42.690786,USER_9349,109.64,CVS,UPI,GER,0
2025-11-15 01:58:17.690786,USER_6425,471.08,Flipkart,Debit Card,FRA,0
2025-11-15 02:05:03.690786,USER_2678,22.62,Shell,Bank Transfer,JPN,0
2025-11-15 02:19:01.690786,USER_7199,22.52,Walmart,UPI,FRA,0
2025-11-15 02:32:57.690786,USER_4693,230.14,CVS,PayPal,JPN,0
2025-11-15 02:33:12.690786,USER_9353,22.59,Target,Cash,UK,0
2025-11-15 02:37:56.690786,USER_9131,15.72,CVS,Cash,IND,0
2025-11-15 03:02:17.690786,USER_3269,153.29,CVS,Bank Transfer,CAN,0
2025-11-15 03:27:09.690786,USER_9667,90.27,Amazon,Bank Transfer,IND,0
2025-11-15 03:28:56.690786,USER_8805,8.82,Target,Debit Card,UK,0
2025-11-15 03:45:26.690786,USER_3716,202.54,Walmart,Debit Card,UK,0
2025-11-15 03:56:13.690786,USER_8144,71.24,Flipkart,Debit Card,AUS,0
2025-11-15 04:31:31.690786,USER_8617,19.45,Target,PayPal,GER,0
2025-11-15 04:36:31.690786,USER_5998,528.21,Walmart,UPI,FRA,1
2025-11-15 04:40:27.690786,USER_3418,90.67,Costco,PayPal,USA,0
2025-11-15 04:41:01.690786,USER_7042,26.6,Walgreens,UPI,CAN,0
2025-11-15 04:51:56.690786,USER_5068,122.63,Walgreens,Cash,FRA,0
2025-11-15 05:03:08.690786,USER_5986,584.37,Walmart,Debit Card,USA,1
2025-11-15 05:03:52.690786,USER_2424,73.89,Shell,Bank Transfer,USA,0
2025-11-15 05:08:48.690786,USER_9491,3.68,BestBuy,UPI,UK,0
2025-11-15 05:08:50.690786,USER_9755,11.39,Walmart,Cash,CAN,0
2025-11-15 05:10:46.690786,USER_2682,26.71,Costco,PayPal,AUS,0
2025-11-15 05:31:17.690786,USER_3634,46.65,Shell,Credit Card,FRA,0
2025-11-15 05:34:53.690786,USER_2734,36.44,HomeDepot,Debit Card,CAN,0
2025-11-15 05:35:13.690786,USER_7912,3.73,Amazon,Debit Card,JPN,0
2025-11-15 05:45:04.690786,USER_3205,247.0,BP,Cash,USA,1
2025-11-15 05:53:39.690786,USER_2797,20.69,CVS,Bank Transfer,JPN,0
2025-11-15 05:57:57.690786,USER_2710,86.48,Target,UPI,FRA,0
2025-11-15 06:00:53.690786,USER_4916,103.93,Nike,UPI,GER,0
2025-11-15 06:05:53.690786,USER_4373,9.74,Starbucks,UPI,UK,0
2025-11-15 06:11:51.690786,USER_3923,4.89,Amazon,PayPal,UK,0
2025-11-15 06:18:44.690786,USER_3276,535.5,Flipkart,Credit Card,FRA,0
2025-11-15 06:35:36.690786,USER_6699,59.56,WholeFoods,Debit Card,FRA,0
2025-11-15 06:37:39.690786,USER_4206,0.88,BestBuy,Credit Card,USA,0
2025-11-15 06:47:15.690786,USER_8674,66.15,Amazon,UPI,GER,0
2025-11-15 06:53:48.690786,USER_5900,11.07,Shell,Credit Card,JPN,0
2025-11-15 06:56:51.690786,USER_8672,35.12,Costco,Debit Card,IND,0
2025-11-15 06:58:35.690786,USER_6759,30.59,Amazon,Credit Card,GER,0
2025-11-15 07:15:02.690786,USER_3773,22.84,Flipkart,UPI,AUS,1
2025-11-15 07:24:27.690786,USER_3340,71.94,Nike,Bank Transfer,CAN,0
2025-11-15 07:26:29.690786,USER_4831,21.18,McDonalds,Bank Transfer,CAN,0
2025-11-15 07:28:46.690786,USER_6574,91.08,HomeDepot,UPI,USA,0
2025-11-15 07:31:44.690786,USER_8968,22.21,Walgreens,Cash,FRA,0
2025-11-15 07:45:06.690786,USER_2270,26.34,Flipkart,PayPal,IND,0
2025-11-15 07:56:09.690786,USER_7114,27.24,HomeDepot,Credit Card,UK,0
2025-11-15 07:57:28.690786,USER_5489,16.03,HomeDepot,Debit Card,GER,0
2025-11-15 08:07:55.690786,USER_3025,6.99,McDonalds,Cash,CAN,0
2025-11-15 08:23:01.690786,USER_6882,78.42,Walmart,Bank Transfer,UK,0
2025-11-15 08:29:28.690786,USER_8644,9.38,Shell,Debit Card,JPN,0
2025-11-15 08:56:25.690786,USER_8592,24.27,Starbucks,Credit Card,IND,0
2025-11-15 09:03:11.690786,USER_4478,95.62,Flipkart,Bank Transfer,USA,0
2025-11-15 09:19:52.690786,USER_2146,59.73,Flipkart,Cash,FRA,0
2025-11-15 09:29:27.690786,USER_1555,26.54,BestBuy,Debit Card,FRA,0
2025-11-15 09:29:40.690786,USER_3077,109.43,McDonalds,Bank Transfer,AUS,0
